{
  "P": 29,
  "N": 133,
  "values": [
    317.5346407038211,
    -720.9517587531984,
    74.41503711576955,
    -590.8149270238953,
    -573.8809006757044,
    -503.7997160596942,
    -82.53831150390421,
    2351.6592415615373,
    124.85907866677387,
    1286.1387998605617,
    358.85889104801936,
    923.7946499261418,
    -1721.4771407897417,
    -716.7688892341445,
    276.73388850139526,
    781.6857694351063,
    -13.185509284066619,
    377.6237188781468,
    -1812.1960113775012,
    374.60176600365475,
    590.9322274803583,
    163.35177682798997,
    -82.29434081518886,
    -579.6059940727835,
    -349.12317639550605,
    134.98073491562639,
    247.20217644252807,
    -1068.4596363943656,
    -374.09051683570596,
    -313.7887256886005,
    -434.3919380876307,
    192.07394235844384,
    569.1776192726171,
    776.3745891787793,
    -1065.1246948900755,
    -1469.36129006036,
    -1698.8684981309507,
    867.462862381588,
    1334.1726047899128,
    307.798221213857,
    -571.0747294570075,
    -1155.8458899116365,
    1587.2812403742143,
    -1232.4538399244088,
    -839.4111115149215,
    -130.4495821085204,
    164.49781728288315,
    2174.387032377799,
    557.4697740339491,
    509.616394409409,
    -746.6483265074254,
    579.9597214854414,
    1173.3768558938245,
    -923.394262214764,
    -861.9597792561116,
    -880.4412950575016,
    -1841.3420711773379,
    -690.2261391338487,
    1306.9758172817537,
    64.78330569126084,
    -1007.9460344373434,
    561.2742875573323,
    -1061.20787466592,
    368.42714128442947,
    391.90429051420654,
    1615.1857913840456,
    -164.57305577753002,
    280.94824226372555,
    1507.579675853962,
    994.2829855969721,
    1193.926192209694,
    -13.037883851607527,
    -581.9675591984357,
    627.1248616918435,
    -940.5698777058464,
    -402.0883887293653,
    1071.145867540168,
    19.514665769316053,
    -199.165946632188,
    -1018.662900451593,
    -303.8653031014701,
    -352.2790698265809,
    -380.4376345121593,
    176.48020329069837,
    129.33011758405948,
    -92.41627172652132,
    -487.45671968031974,
    -1362.8655897647486,
    -1464.8577523775048,
    1466.3342287181524,
    -84.12424073807718,
    671.187413911088,
    153.12193815457204,
    2130.6029860325007,
    -1174.6961678343125,
    689.7294879365554,
    -642.8096143274136,
    -1494.1200644578278,
    -243.25350824819037,
    330.73569989628584,
    813.1991727555911,
    1717.8032224950484,
    153.61594646404876,
    926.4224480939448,
    858.6538235591408,
    1077.4392677199678,
    1165.4350239900984,
    -1585.89693306056,
    356.1838452321214,
    -1142.245586494804,
    -373.6906310158907,
    -792.0161336468003,
    566.3320250875115,
    -196.3557115887597,
    -1692.1887496567508,
    -434.27687258911425,
    1772.123228790229,
    661.9005511872261,
    87.92992456335563,
    -1826.609199832383,
    -535.2705257901976,
    282.1859402299785,
    344.50585500096287,
    362.7826830488204,
    -399.00836530459554,
    279.28929599593977,
    997.0251892163633,
    -45.844479207738274,
    1586.4950701950938,
    1474.7289588935027,
    1084.1137129341882,
    187.0870171675826,
    853.9493990816612
  ],
  "measurements": {
    "250000000": {
      "rate": 0.0244140625,
      "temperature_start": 203408556.05677864,
      "temperature_end": 55744677.19908403,
      "temperature_interval": 385.0,
      "offset_increase_rate": 136915565.53638572
    },
    "312500000": {
      "rate": 0.1865234375,
      "temperature_start": 212187890.81202048,
      "temperature_end": 58150678.16306041,
      "temperature_interval": 385.0,
      "offset_increase_rate": 142824990.42169708
    },
    "320312500": {
      "rate": 0.23046875,
      "temperature_start": 212925892.21266913,
      "temperature_end": 58352929.48743513,
      "temperature_interval": 385.0,
      "offset_increase_rate": 143321743.75938976
    },
    "321289062": {
      "rate": 0.2490234375,
      "temperature_start": 213266139.53726825,
      "temperature_end": 58446175.20750373,
      "temperature_interval": 385.0,
      "offset_increase_rate": 143550766.3520123
    },
    "321777343": {
      "rate": 0.2421875,
      "temperature_start": 213119254.4447444,
      "temperature_end": 58405920.94176963,
      "temperature_interval": 385.0,
      "offset_increase_rate": 143451897.08170417
    },
    "322021484": {
      "rate": 0.212890625,
      "temperature_start": 213187968.0040056,
      "temperature_end": 58424752.08267378,
      "temperature_interval": 385.0,
      "offset_increase_rate": 143498148.6062646
    },
    "322029113": {
      "rate": 0.2353515625,
      "temperature_start": 213106934.5866946,
      "temperature_end": 58402544.65060746,
      "temperature_interval": 385.0,
      "offset_increase_rate": 143443604.5085454
    },
    "322032927": {
      "rate": 0.23046875,
      "temperature_start": 213320524.66876346,
      "temperature_end": 58461079.60316142,
      "temperature_interval": 385.0,
      "offset_increase_rate": 143587373.32263237
    },
    "322034834": {
      "rate": 0.2109375,
      "temperature_start": 213092365.8273176,
      "temperature_end": 58398552.0418185,
      "temperature_interval": 385.0,
      "offset_increase_rate": 143433798.1859013
    },
    "322035311": {
      "rate": 0.2177734375,
      "temperature_start": 213381542.99645358,
      "temperature_end": 58477801.8445767,
      "temperature_interval": 385.0,
      "offset_increase_rate": 143628445.13891056
    },
    "322035549": {
      "rate": 0.2294921875,
      "temperature_start": 213033476.4622835,
      "temperature_end": 58382413.248505555,
      "temperature_interval": 385.0,
      "offset_increase_rate": 143394159.38764215
    },
    "322035668": {
      "rate": 0.232421875,
      "temperature_start": 213196376.3377933,
      "temperature_end": 58427056.409796804,
      "temperature_interval": 385.0,
      "offset_increase_rate": 143503808.30808872
    },
    "322035728": {
      "rate": 0.244140625,
      "temperature_start": 213280646.40497106,
      "temperature_end": 58450150.85470825,
      "temperature_interval": 385.0,
      "offset_increase_rate": 143560531.01498514
    },
    "322035788": {
      "rate": 0.2578125,
      "temperature_start": 213292617.2658667,
      "temperature_end": 58453431.502235375,
      "temperature_interval": 385.0,
      "offset_increase_rate": 143568588.67598653
    },
    "322036742": {
      "rate": 0.283203125,
      "temperature_start": 213387991.9563499,
      "temperature_end": 58479569.199867256,
      "temperature_interval": 385.0,
      "offset_increase_rate": 143632785.97396904
    },
    "322052001": {
      "rate": 0.2548828125,
      "temperature_start": 213080063.69616723,
      "temperature_end": 58395180.60876213,
      "temperature_interval": 385.0,
      "offset_increase_rate": 143425517.54482892
    },
    "322082519": {
      "rate": 0.2568359375,
      "temperature_start": 213076883.54753047,
      "temperature_end": 58394309.0802353,
      "temperature_interval": 385.0,
      "offset_increase_rate": 143423376.9669814
    },
    "322143554": {
      "rate": 0.2587890625,
      "temperature_start": 213321457.1410252,
      "temperature_end": 58461335.14976297,
      "temperature_interval": 385.0,
      "offset_increase_rate": 143588000.97551745
    },
    "322265625": {
      "rate": 0.2626953125,
      "temperature_start": 213153199.93364486,
      "temperature_end": 58415223.79685992,
      "temperature_interval": 385.0,
      "offset_increase_rate": 143474746.00163317
    },
    "324218750": {
      "rate": 0.2607421875,
      "temperature_start": 213493858.6779158,
      "temperature_end": 58508582.267627135,
      "temperature_interval": 385.0,
      "offset_increase_rate": 143704045.52339837
    },
    "328125000": {
      "rate": 0.291015625,
      "temperature_start": 213960901.21443266,
      "temperature_end": 58636576.56610249,
      "temperature_interval": 385.0,