{
  "P": 21,
  "N": 135,
  "values": [
    -658.4422492563616,
    -781.9131926446628,
    164.18035210172437,
    484.24081494975246,
    907.1719504303926,
    1723.3476238485125,
    -1585.9848903003542,
    318.9694643177935,
    -626.2909778952301,
    1992.8690951287224,
    980.9881157392717,
    188.4270886747896,
    734.6679010533372,
    -513.9131410596839,
    468.13232582405357,
    -2193.4472892874296,
    291.2417520170164,
    -211.27647303606807,
    658.9803316640669,
    44.45590056643282,
    -474.66076130883107,
    -140.50286355953048,
    52.70375137683664,
    300.9590528018779,
    -405.17540480339824,
    -113.17236080528886,
    -1149.8294524914593,
    12.5421518567249,
    862.1607216015897,
    621.1660662358557,
    -664.6041375142951,
    144.83309006275422,
    -744.3742427721666,
    -875.3081386572509,
    -1221.6531130323303,
    -890.3766968240831,
    -1490.5090776281193,
    -1216.2347832255527,
    -123.19865748568728,
    880.2422018358485,
    1236.847328447885,
    639.263268829897,
    -156.46310084439486,
    641.9971448680411,
    -603.6418051443507,
    -548.331771635552,
    1171.7841526837974,
    -1065.7606135800854,
    -758.1993989310589,
    -571.3284842828417,
    2108.7448196507758,
    -666.6652373963683,
    -1137.6584518296856,
    763.0299847359153,
    955.8465410569338,
    56.02209878500042,
    -149.01277256533172,
    99.03877475276101,
    -162.17913169068666,
    -1541.246236175597,
    -2173.9440995232308,
    -436.48921233075714,
    467.67043294569373,
    1399.4113764376632,
    696.0637392463985,
    -8.786221181914787,
    950.0742820384513,
    425.09169893058754,
    1159.6392627729854,
    -544.3279595517233,
    1606.2822957661197,
    140.87606765940026,
    519.3422024552015,
    1842.3730306416608,
    917.8412596627134,
    -14.32665686155967,
    -1145.5191794038906,
    -453.42326636469545,
    567.2338617597701,
    -1008.2205491241654,
    1101.3364237699104,
    1370.5560262063618,
    -296.96530065965925,
    1517.521624355077,
    -1338.1004160334755,
    -1597.3168036045029,
    -1181.7043013811494,
    -155.5066294599016,
    1319.6611946439673,
    -599.1950737079682,
    1161.2330636536783,
    -856.5736897757884,
    1187.534013567022,
    9.20667983149088,
    1198.8113915594713,
    -828.5481137476024,
    1927.5986702745558,
    354.9708954176742,
    -653.3739833829887,
    1856.7506286883095,
    997.9487024274737,
    361.2713348248487,
    -247.07013705949674,
    492.41107266727556,
    848.1516354591358,
    76.36056035706503,
    245.1304163930577,
    392.85044457138616,
    55.75504972999159,
    931.2430188597275,
    -198.19860749937126,
    -669.6747947176198,
    539.4624480848861,
    -536.1027812133865,
    -573.4890707749893,
    736.3496094996916,
    505.6561521848183,
    4.471366413259348,
    1868.3773455505207,
    -1046.4446293495582,
    -423.3463960113245,
    -953.4040229072679,
    34.61471032787547,
    -1393.5868145687466,
    959.8247692214992,
    182.05883611043316,
    388.55541310426304,
    -1342.5133678157833,
    -177.38500314805316,
    916.6822058181559,
    462.453807162684,
    906.0282948994637,
    -271.771584428961,
    -431.3594483788954,
    822.3015788226716
  ],
  "measurements": {
    "250000000": {
      "rate": 0.0244140625,
      "temperature_start": 204518408.06245857,
      "temperature_end": 53577504.82868855,
      "temperature_interval": 283.0,
      "offset_increase_rate": 131370961.24008852
    },
    "312500000": {
      "rate": 0.1435546875,
      "temperature_start": 213483611.800051,
      "temperature_end": 55926111.2504359,
      "temperature_interval": 283.0,
      "offset_increase_rate": 137129696.81738225
    },
    "328125000": {
      "rate": 0.212890625,
      "temperature_start": 215714497.92256105,
      "temperature_end": 56510534.49689758,
      "temperature_interval": 283.0,
      "offset_increase_rate": 138562690.8305266
    },
    "335937500": {
      "rate": 0.236328125,
      "temperature_start": 216399304.48272228,
      "temperature_end": 56689932.66027734,
      "temperature_interval": 283.0,
      "offset_increase_rate": 139002571.5088684
    },
    "339843750": {
      "rate": 0.240234375,
      "temperature_start": 217184650.67776394,
      "temperature_end": 56895669.102075696,
      "temperature_interval": 283.0,
      "offset_increase_rate": 139507033.1146783
    },
    "340820312": {
      "rate": 0.232421875,
      "temperature_start": 217535734.2974133,
      "temperature_end": 56987642.16457525,
      "temperature_interval": 283.0,
      "offset_increase_rate": 139732549.2089308
    },
    "341064452": {
      "rate": 0.25,
      "temperature_start": 217458197.881895,
      "temperature_end": 56967330.019002706,
      "temperature_interval": 283.0,
      "offset_increase_rate": 139682744.23766077
    },
    "341186522": {
      "rate": 0.2412109375,
      "temperature_start": 217365856.5373178,
      "temperature_end": 56943139.43937789,
      "temperature_interval": 283.0,
      "offset_increase_rate": 139623429.4243183
    },
    "341247557": {
      "rate": 0.240234375,
      "temperature_start": 217406241.0100526,
      "temperature_end": 56953718.92365733,
      "temperature_interval": 283.0,
      "offset_increase_rate": 139649370.10639483
    },
    "341278075": {
      "rate": 0.2314453125,
      "temperature_start": 217731582.42078412,
      "temperature_end": 57038948.32266144,
      "temperature_interval": 283.0,
      "offset_increase_rate": 139858350.87376887
    },
    "341285704": {
      "rate": 0.23046875,
      "temperature_start": 217482923.66802534,
      "temperature_end": 56973807.41112765,
      "temperature_interval": 283.0,
      "offset_increase_rate": 139698626.67250916
    },
    "341289519": {
      "rate": 0.244140625,
      "temperature_start": 217462329.06415653,
      "temperature_end": 56968412.2611327,
      "temperature_interval": 283.0,
      "offset_increase_rate": 139685397.87353587
    },
    "341289578": {
      "rate": 0.25390625,
      "temperature_start": 217460901.98923203,
      "temperature_end": 56968038.41158838,
      "temperature_interval": 283.0,
      "offset_increase_rate": 139684481.2019933
    },
    "341289638": {
      "rate": 0.25390625,
      "temperature_start": 217420697.84247416,
      "temperature_end": 56957506.167144164,
      "temperature_interval": 283.0,
      "offset_increase_rate": 139658656.35104
    },
    "341289757": {
      "rate": 0.271484375,
      "temperature_start": 217634260.83214235,
      "temperature_end": 57013453.072943896,
      "temperature_interval": 283.0,
      "offset_increase_rate": 139795837.0356728
    },
    "341289995": {
      "rate": 0.2666015625,
      "temperature_start": 217451234.95579487,
      "temperature_end": 56965505.94746662,
      "temperature_interval": 283.0,
      "offset_increase_rate": 139678271.65104377
    },
    "341290472": {
      "rate": 0.2548828125,
      "temperature_start": 217547604.0710134,
      "temperature_end": 56990751.67857156,
      "temperature_interval": 283.0,
      "offset_increase_rate": 139740173.67453426
    },
    "341291426": {
      "rate": 0.2724609375,
      "temperature_start": 217470002.16802114,
      "temperature_end": 56970422.37730391,
      "temperature_interval": 283.0,
      "offset_increase_rate": 139690326.6378458
    },
    "341293334": {
      "rate": 0.26171875,
      "temperature_start": 217417915.10979253,
      "temperature_end": 56956777.17714715,
      "temperature_interval": 283.0,
      "offset_increase_rate": 139656868.88227022
    },
    "341308593": {
      "rate": 0.26953125,
      "temperature_start": 217385618.50575864,
      "temperature_end": 56948316.46461291,
      "temperature_interval": 283.0,
      "offset_increase_rate": 139636123.38577962
    },
    "341796875": {
      "rate": 0.2578125,
      "temperature_start": 217625954.6798222,
      "temperature_end": 57011277.11763378,