{
  "P": 19,
  "N": 138,
  "values": [
    -1253.1374267418757,
    -2160.589023099542,
    1565.309777856561,
    -37.59976018256587,
    633.4137308047249,
    -829.4768378452574,
    -519.737646437498,
    -585.3126711528727,
    150.58788935655647,
    -534.6785967343624,
    -1807.1669150469113,
    380.1021622480775,
    -1526.9946899157615,
    -1887.0642661190952,
    1786.6952379939248,
    1234.4691496564208,
    -1.2417309085368786,
    875.206345490136,
    1766.7259998991906,
    460.99053039502604,
    909.7497848189082,
    -903.3453508948313,
    -824.9892691395366,
    -1424.4217826583138,
    751.5162963353829,
    -777.7778078141127,
    -411.47701367396405,
    -89.42262780787986,
    1748.2074001072738,
    -1747.2091790776626,
    399.8659614025488,
    -781.5496168919519,
    83.58179101200076,
    471.7074182332471,
    1640.7148423077276,
    -320.8534423501695,
    -508.74174741392443,
    -593.5376138582236,
    -345.2374602167164,
    1641.1602922012924,
    751.6973713466787,
    -82.72195641138956,
    -796.1400107458551,
    -1271.2064146251755,
    -203.65382456828937,
    -2164.231683633942,
    189.79017198571418,
    270.96006794283016,
    1011.9102601740219,
    -1427.6940515727706,
    -992.8591614424083,
    -354.2532333734496,
    -1306.177514509007,
    -474.56340476181634,
    352.6612850721853,
    133.87815584841775,
    582.2366470228018,
    -216.7680553870607,
    -454.49420790716795,
    1034.4631273286234,
    -752.9059976353686,
    -646.1115695661232,
    -2059.4970421507073,
    1093.9084597315787,
    -1004.654715799358,
    -544.8412146183259,
    1499.7225512707103,
    -782.0808573047999,
    1098.6707522235383,
    -562.8212496714835,
    1593.3176999863442,
    -125.86620655737521,
    -1423.2141658028484,
    588.1084568807676,
    -660.7559585006073,
    54.73572358550202,
    -1287.161009196421,
    -961.668257875365,
    61.161161779346415,
    557.5697015171763,
    1527.5371869948908,
    763.3312070342951,
    -1325.4845678636395,
    -84.15802961545324,
    -244.5869214623741,
    1194.6236128658581,
    -2357.069322852729,
    -984.3000651029564,
    -175.82008883770231,
    516.5048974225463,
    -23.793923142929284,
    -608.1731913665953,
    -2233.8985437207184,
    -2116.7130917843374,
    -603.8904768034993,
    95.78369300489783,
    -762.383571706129,
    -1139.8329155147078,
    1057.391770003233,
    1684.9671970110476,
    -524.6123072391849,
    -1043.1947376811827,
    484.3821895198148,
    149.84196877496157,
    -1247.568005518513,
    -98.11982123334647,
    1346.679506416238,
    -1165.204779302957,
    -892.9289141845665,
    -1932.9670616235312,
    617.3680506425436,
    1177.3106901039926,
    -348.45299527245606,
    -447.4059442382138,
    -1064.3282971293718,
    -1617.6023578335853,
    280.73684836777755,
    -477.428124218923,
    -1022.7271752990883,
    1150.9573541392706,
    -283.6535972443152,
    165.83845051499705,
    627.4253803425077,
    -40.55580379764578,
    -327.6885142290695,
    1795.0555525395723,
    -255.62546431455257,
    -1222.3724565574764,
    -496.31931408348504,
    1326.0492513662139,
    -1379.9431905400518,
    1461.861057957335,
    590.3957065745473,
    -2301.3690041909367,
    -136.52715148781854,
    1833.367493021199,
    1797.2819657776092,
    -1134.978388408312
  ],
  "measurements": {
    "250000000": {
      "rate": 0.0,
      "temperature_start": 263960864.8675828,
      "temperature_end": 68327417.24018618,
      "temperature_interval": 262.0,
      "offset_increase_rate": 167493491.97462726
    },
    "375000000": {
      "rate": 0.2294921875,
      "temperature_start": 286418217.5998018,
      "temperature_end": 74140600.61119135,
      "temperature_interval": 262.0,
      "offset_increase_rate": 181743560.56533393
    },
    "378906250": {
      "rate": 0.240234375,
      "temperature_start": 286688125.1166172,
      "temperature_end": 74210467.34513679,
      "temperature_interval": 262.0,
      "offset_increase_rate": 181914827.44053644
    },
    "378913879": {
      "rate": 0.248046875,
      "temperature_start": 286677936.2549143,
      "temperature_end": 74207829.91399664,
      "temperature_interval": 262.0,
      "offset_increase_rate": 181908362.20931086
    },
    "378917693": {
      "rate": 0.2470703125,
      "temperature_start": 286660651.69577146,
      "temperature_end": 74203355.73073104,
      "temperature_interval": 262.0,
      "offset_increase_rate": 181897394.48055482
    },
    "378918646": {
      "rate": 0.240234375,
      "temperature_start": 286578687.88498914,
      "temperature_end": 74182139.04203469,
      "temperature_interval": 262.0,
      "offset_increase_rate": 181845385.2370999
    },
    "378918765": {
      "rate": 0.240234375,
      "temperature_start": 286765163.2885954,
      "temperature_end": 74230409.01081821,
      "temperature_interval": 262.0,
      "offset_increase_rate": 181963711.17353386
    },
    "378918824": {
      "rate": 0.2646484375,
      "temperature_start": 286623780.58987665,
      "temperature_end": 74193811.48470104,
      "temperature_interval": 262.0,
      "offset_increase_rate": 181873998.32187656
    },
    "378918884": {
      "rate": 0.2802734375,
      "temperature_start": 286628198.225349,
      "temperature_end": 74194955.00884539,
      "temperature_interval": 262.0,
      "offset_increase_rate": 181876801.4843526
    },
    "378919123": {
      "rate": 0.2685546875,
      "temperature_start": 286727690.3116336,
      "temperature_end": 74220708.96784636,
      "temperature_interval": 262.0,
      "offset_increase_rate": 181939933.1041251
    },
    "378919600": {
      "rate": 0.255859375,
      "temperature_start": 286300268.33548117,
      "temperature_end": 74110068.93142718,
      "temperature_interval": 262.0,
      "offset_increase_rate": 181668717.1442578
    },
    "378921508": {
      "rate": 0.2568359375,
      "temperature_start": 286613391.3900188,
      "temperature_end": 74191122.19515872,
      "temperature_interval": 262.0,
      "offset_increase_rate": 181867405.9682567
    },
    "378936767": {
      "rate": 0.2685546875,
      "temperature_start": 286592313.74433213,
      "temperature_end": 74185666.15495366,
      "temperature_interval": 262.0,
      "offset_increase_rate": 181854031.3777452
    },
    "378967285": {
      "rate": 0.2666015625,
      "temperature_start": 286472111.26119906,
      "temperature_end": 74154551.21970573,
      "temperature_interval": 262.0,
      "offset_increase_rate": 181777758.2012117
    },
    "379028320": {
      "rate": 0.25390625,
      "temperature_start": 286474796.942189,
      "temperature_end": 74155246.41990393,
      "temperature_interval": 262.0,
      "offset_increase_rate": 181779462.3708338
    },
    "379150390": {
      "rate": 0.251953125,
      "temperature_start": 286545279.98366773,
      "temperature_end": 74173491.26156215,
      "temperature_interval": 262.0,
      "offset_increase_rate": 181824186.61716548
    },
    "379394531": {
      "rate": 0.259765625,
      "temperature_start": 286454891.5990258,
      "temperature_end": 74150093.83530281,
      "temperature_interval": 262.0,
      "offset_increase_rate": 181766831.65212092
    },
    "379882812": {
      "rate": 0.2763671875,
      "temperature_start": 286924127.3209402,
      "temperature_end": 74271557.54156597,
      "temperature_interval": 262.0,
      "offset_increase_rate": 182064580.06896335
    },
    "380859375": {
      "rate": 0.2744140625,
      "temperature_start": 287042513.11318,
      "temperature_end": 74302202.21847948,
      "temperature_interval": 262.0,
      "offset_increase_rate": 182139700.48407626
    },
    "382812500": {
      "rate": 0.279296875,
      "temperature_start": 287362746.16431344,
      "temperature_end": 74385095.93573512,
      "temperature_interval": 262.0,
      "offset_increase_rate": 182342900.87897927
    },