{
  "P": 28,
  "N": 114,
  "values": [
    -1417.6250813684562,
    -3121.2669599725564,
    1234.5967491034503,
    -718.2496019099849,
    768.2021230927147,
    -174.9414718917818,
    679.4530447116077,
    -1524.030584162859,
    -2632.553082914498,
    -149.893679621077,
    25.42970312341813,
    -2201.690729548679,
    212.44590741179766,
    207.52976201674474,
    -255.2968971641937,
    1506.1159089002078,
    448.25318618700175,
    -77.65088013739755,
    2158.1440375905313,
    -334.89849332604297,
    1405.0767704799823,
    -655.7107861892918,
    1045.057742569248,
    -1445.0994802524408,
    1637.36901194701,
    573.6058322617865,
    356.9572950465017,
    -224.0907671928879,
    29.128860353508106,
    -522.969616883032,
    641.6467704726488,
    255.3097545538171,
    -473.7726368896641,
    254.7949017030902,
    -973.2220639364918,
    -928.908285995933,
    680.3257121927537,
    593.9922424452728,
    1412.4875433020918,
    126.76881905634355,
    210.6039130981554,
    -1222.5513701174366,
    673.2772815237248,
    -926.5978364264583,
    1387.6044088866413,
    528.0665816374636,
    1318.536549805949,
    152.28385130359962,
    2416.067463227586,
    -148.8012990833211,
    2503.6298526212413,
    705.7337662868921,
    834.1507852311214,
    791.2784891769345,
    -636.1818794231386,
    296.57768362371246,
    -710.2287771087425,
    -1393.3156095044835,
    510.8286636525617,
    -1392.7056512439478,
    -1567.598918216628,
    -258.5531999045615,
    -485.5859964268664,
    523.0078885125404,
    -2393.6302853696884,
    -130.75655359629067,
    -1216.192276085394,
    63.46500323354778,
    1129.1434099781668,
    1346.7213790797227,
    -1210.5937749204102,
    -1282.7869407260284,
    740.0980070146627,
    944.3831392141909,
    -1804.2993658947948,
    1246.0900481595297,
    -1820.293414918336,
    -407.9066898459568,
    324.5833040825339,
    -572.025305068673,
    1546.7993794237893,
    -1126.089167039121,
    -1162.0705176048828,
    -259.37015898133546,
    75.43827800520728,
    -65.449941870754,
    -2353.6258612657994,
    580.6072489719086,
    -1914.9439985773981,
    -919.5345414374153,
    -1299.4582184273183,
    835.3868829217599,
    -382.6839195182263,
    350.682342182507,
    1409.12538960571,
    -1139.1621998690791,
    2266.39715028896,
    282.18411113168986,
    -1186.5097286410278,
    968.5154094377477,
    940.4100938405613,
    -478.21404817690114,
    163.14673964549777,
    -335.9257053362405,
    -355.48642086232036,
    -1655.9385020865623,
    1051.277139457488,
    2057.182699081742,
    -356.9210355356269,
    -506.6196200006593,
    -667.5485032050995,
    -528.0262005063378,
    -449.50231435461916,
    1091.6032831074851
  ],
  "measurements": {
    "250000000": {
      "rate": 0.0,
      "temperature_start": 288469244.0680207,
      "temperature_end": 76923522.62348986,
      "temperature_interval": 319.0,
      "offset_increase_rate": 188714981.5596781
    },
    "375000000": {
      "rate": 0.0390625,
      "temperature_start": 310514731.6003349,
      "temperature_end": 82802196.32548755,
      "temperature_interval": 319.0,
      "offset_increase_rate": 203137017.3873651
    },
    "437500000": {
      "rate": 0.130859375,
      "temperature_start": 319636107.3762183,
      "temperature_end": 85234512.31855088,
      "temperature_interval": 319.0,
      "offset_increase_rate": 209104170.8941662
    },
    "468750000": {
      "rate": 0.236328125,
      "temperature_start": 324300396.52996314,
      "temperature_end": 86478296.74139208,
      "temperature_interval": 319.0,
      "offset_increase_rate": 212155523.02177948
    },
    "470703125": {
      "rate": 0.2392578125,
      "temperature_start": 324523759.1390909,
      "temperature_end": 86537858.8578735,
      "temperature_interval": 319.0,
      "offset_increase_rate": 212301645.60340464
    },
    "471679687": {
      "rate": 0.2421875,
      "temperature_start": 324718289.1595275,
      "temperature_end": 86589732.44487008,
      "temperature_interval": 319.0,
      "offset_increase_rate": 212428906.06521952
    },
    "471923827": {
      "rate": 0.232421875,
      "temperature_start": 324968212.80981374,
      "temperature_end": 86656377.35749863,
      "temperature_interval": 319.0,
      "offset_increase_rate": 212592404.73284167
    },
    "471984862": {
      "rate": 0.2353515625,
      "temperature_start": 324473878.8311834,
      "temperature_end": 86524557.72067189,
      "temperature_interval": 319.0,
      "offset_increase_rate": 212269014.1822721
    },
    "472015379": {
      "rate": 0.2314453125,
      "temperature_start": 324387496.5899335,
      "temperature_end": 86501522.93819267,
      "temperature_interval": 319.0,
      "offset_increase_rate": 212212503.39854115
    },
    "472023008": {
      "rate": 0.23828125,
      "temperature_start": 324427750.969056,
      "temperature_end": 86512257.2147466,
      "temperature_interval": 319.0,
      "offset_increase_rate": 212238837.59038317
    },
    "472024915": {
      "rate": 0.2353515625,
      "temperature_start": 324366620.39182025,
      "temperature_end": 86495956.06847994,
      "temperature_interval": 319.0,
      "offset_increase_rate": 212198846.30537444
    },
    "472025869": {
      "rate": 0.23828125,
      "temperature_start": 324824844.32589066,
      "temperature_end": 86618146.56151834,
      "temperature_interval": 319.0,
      "offset_increase_rate": 212498613.86481625
    },
    "472026346": {
      "rate": 0.236328125,
      "temperature_start": 324469186.1008923,
      "temperature_end": 86523306.35210441,
      "temperature_interval": 319.0,
      "offset_increase_rate": 212265944.22411
    },
    "472026584": {
      "rate": 0.2431640625,
      "temperature_start": 324698503.3078908,
      "temperature_end": 86584456.32813561,
      "temperature_interval": 319.0,
      "offset_increase_rate": 212415962.27067792
    },
    "472026643": {
      "rate": 0.248046875,
      "temperature_start": 324722714.0436266,
      "temperature_end": 86590912.38928044,
      "temperature_interval": 319.0,
      "offset_increase_rate": 212431800.79988652
    },
    "472026703": {
      "rate": 0.2666015625,
      "temperature_start": 324744505.03716445,
      "temperature_end": 86596723.19933689,
      "temperature_interval": 319.0,
      "offset_increase_rate": 212446056.3471527
    },
    "472026823": {
      "rate": 0.2568359375,
      "temperature_start": 324708157.1116917,
      "temperature_end": 86587030.62196541,
      "temperature_interval": 319.0,
      "offset_increase_rate": 212422277.7356495
    },
    "472030638": {
      "rate": 0.265625,
      "temperature_start": 324529732.6928433,
      "temperature_end": 86539451.77221936,
      "temperature_interval": 319.0,
      "offset_increase_rate": 212305553.46918035
    },
    "472045897": {
      "rate": 0.251953125,
      "temperature_start": 324623505.700679,
      "temperature_end": 86564457.38456124,
      "temperature_interval": 319.0,
      "offset_increase_rate": 212366899.25147218
    },
    "472167968": {
      "rate": 0.251953125,
      "temperature_start": 324788985.4961339,
      "temperature_end": 86608584.40694287,
      "temperature_interval": 319.0,
      "offset_increase_rate": 212475155.2170212
    },
    "472656250": {
      "rate": 0.2578125,
      "temperature_start": 324750797.7003797,
      "temperature_end": 86598401.20775945,
      "temperature_interval": 319.0,
      "offset_increase_rate": 212450172.9725714
    },
    "476562500": {
      "rate": 0.2607421875,
      "temperature_start": 325261531.15410507,
      "temperature_end": 86734593.94646594,
      "temperature_interval": 319.0,
      "offset_increase_rate": 212784291.96890694
    },
    "484375000": {
      "rate": 0.302734375,
      "temperature_start": 326631032.1682855,
      "temperature_end": 87099786.57761645,
      "temperature_interval": 319.0,