{
  "P": 20,
  "N": 106,
  "values": [
    1505.1933635246144,
    29.240396962467834,
    -1169.835350752414,
    -786.0820837262592,
    -1054.01366620293,
    249.99506217693184,
    5.115136785394467,
    417.56658887813234,
    197.30294823176212,
    -500.780165673685,
    385.5501927931698,
    830.0535815221081,
    -390.79372851752623,
    -549.5066372451995,
    -1856.2993602876977,
    -635.7624359446496,
    -474.0349434977303,
    -214.89619557781697,
    305.56421233323744,
    340.1916760090382,
    1750.774131493424,
    -1975.0950005595703,
    -497.9716433573167,
    -324.6379639147424,
    859.8316697489968,
    1969.6964405125234,
    -1086.4201661892098,
    -2422.0651845719817,
    -265.8913076422429,
    -200.06519336181478,
    -342.85131831144673,
    1158.4570735478924,
    -617.9137503944647,
    -1606.1631210931102,
    1122.8279846336325,
    944.7158272991566,
    -361.49993948572416,
    674.0107977265035,
    -242.42855478974315,
    259.1445991116635,
    1948.3662976478925,
    -2157.6557988858754,
    77.10023947709125,
    1218.9935748575447,
    -996.0774408918936,
    -521.8116289830461,
    481.0223133509788,
    -39.77763935668868,
    705.3742871709125,
    1323.731610597802,
    1795.0868010293655,
    1501.1655104674196,
    -1416.7508055845801,
    243.75332186186836,
    -309.8874404362495,
    972.906487825909,
    -686.2850948236968,
    -388.09436775964576,
    -504.92549152472077,
    -982.7064188341427,
    266.8827079343139,
    951.506854697312,
    2230.42787295892,
    334.1277516416827,
    -104.97346396424294,
    -643.4687976616069,
    2419.948679626256,
    2169.2471665281755,
    100.16636262741355,
    -309.0613977244206,
    -481.1404526188616,
    -694.3055415964722,
    559.6732398655716,
    1074.9053336535544,
    -75.82924179347765,
    -780.174688536654,
    2147.2190975053677,
    399.72451115334275,
    151.91069020428642,
    382.9986440782413,
    1212.9891045906743,
    408.1972115512621,
    -1881.777783574703,
    1307.7898959598908,
    -754.8512152097761,
    -229.61086495474188,
    -1219.678798551446,
    1846.2154850311076,
    461.89344778343997,
    210.10604959802205,
    404.2658988132129,
    341.40179063768664,
    833.1143849421434,
    1572.2715348067409,
    -565.3213903239683,
    1021.6298692372648,
    134.74495080203866,
    -617.5655451115402,
    1093.691726544057,
    -18.665209688529004,
    -951.3398620997717,
    1504.5887656993518,
    -1990.1737829716287,
    480.4245886588886,
    66.91266835674212,
    -279.15133361409494
  ],
  "measurements": {
    "250000000": {
      "rate": 0.0,
      "temperature_start": 259428424.9595454,
      "temperature_end": 64929418.814608455,
      "temperature_interval": 212.0,
      "offset_increase_rate": 159109468.0158086
    },
    "375000000": {
      "rate": 0.060546875,
      "temperature_start": 282490550.76636297,
      "temperature_end": 70701378.5584166,
      "temperature_interval": 212.0,
      "offset_increase_rate": 173253648.8973315
    },
    "406250000": {
      "rate": 0.1201171875,
      "temperature_start": 286791163.4727788,
      "temperature_end": 71777730.47944394,
      "temperature_interval": 212.0,
      "offset_increase_rate": 175891248.07316026
    },
    "421875000": {
      "rate": 0.1787109375,
      "temperature_start": 289253238.5035793,
      "temperature_end": 72393935.51115072,
      "temperature_interval": 212.0,
      "offset_increase_rate": 177401257.8125586
    },
    "429687500": {
      "rate": 0.23828125,
      "temperature_start": 290429013.4137436,
      "temperature_end": 72688206.97190398,
      "temperature_interval": 212.0,
      "offset_increase_rate": 178122369.69724023
    },
    "433593750": {
      "rate": 0.21875,
      "temperature_start": 291144581.0153239,
      "temperature_end": 72867298.32822093,
      "temperature_interval": 212.0,
      "offset_increase_rate": 178561232.86512378
    },
    "434570312": {
      "rate": 0.2490234375,
      "temperature_start": 291236693.5682281,
      "temperature_end": 72890352.14172088,
      "temperature_interval": 212.0,
      "offset_increase_rate": 178617726.20926082
    },
    "434814452": {
      "rate": 0.2392578125,
      "temperature_start": 290949139.889917,
      "temperature_end": 72818383.56998993,
      "temperature_interval": 212.0,
      "offset_increase_rate": 178441367.30491483
    },
    "434936522": {
      "rate": 0.2392578125,
      "temperature_start": 290932609.102513,
      "temperature_end": 72814246.2653794,
      "temperature_interval": 212.0,
      "offset_increase_rate": 178431228.84460488
    },
    "434967039": {
      "rate": 0.24609375,
      "temperature_start": 290546069.2888439,
      "temperature_end": 72717503.56860608,
      "temperature_interval": 212.0,
      "offset_increase_rate": 178194160.97461563
    },
    "434982298": {
      "rate": 0.2236328125,
      "temperature_start": 290820493.8645611,
      "temperature_end": 72786186.20510799,
      "temperature_interval": 212.0,
      "offset_increase_rate": 178362467.69836664
    },
    "434986112": {
      "rate": 0.2412109375,
      "temperature_start": 290838713.0066478,
      "temperature_end": 72790746.06899792,
      "temperature_interval": 212.0,
      "offset_increase_rate": 178373641.63971704
    },
    "434988019": {
      "rate": 0.2451171875,
      "temperature_start": 291119838.1349259,
      "temperature_end": 72861105.71133906,
      "temperature_interval": 212.0,
      "offset_increase_rate": 178546057.86439702
    },
    "434988496": {
      "rate": 0.2470703125,
      "temperature_start": 291007364.98457694,
      "temperature_end": 72832956.07320459,
      "temperature_interval": 212.0,
      "offset_increase_rate": 178477077.2077058
    },
    "434988734": {
      "rate": 0.23828125,
      "temperature_start": 290945780.0218438,
      "temperature_end": 72817542.66644853,
      "temperature_interval": 212.0,
      "offset_increase_rate": 178439306.67172936
    },
    "434988793": {
      "rate": 0.23828125,
      "temperature_start": 291311748.82225955,
      "temperature_end": 72909136.8759843,
      "temperature_interval": 212.0,
      "offset_increase_rate": 178663758.17951465
    },
    "434988853": {
      "rate": 0.251953125,
      "temperature_start": 290845790.7130629,
      "temperature_end": 72792517.46842784,
      "temperature_interval": 212.0,
      "offset_increase_rate": 178377982.45203418
    },
    "434988973": {
      "rate": 0.251953125,
      "temperature_start": 290910435.30826604,
      "temperature_end": 72808696.63613737,
      "temperature_interval": 212.0,
      "offset_increase_rate": 178417629.4843687
    },
    "434989927": {
      "rate": 0.2587890625,
      "temperature_start": 291087391.5603137,
      "temperature_end": 72852985.02359088,
      "temperature_interval": 212.0,
      "offset_increase_rate": 178526158.12817386
    },
    "434997557": {
      "rate": 0.251953125,
      "temperature_start": 290982102.8694877,
      "temperature_end": 72826633.50291944,
      "temperature_interval": 212.0,
      "offset_increase_rate": 178461583.75631
    },
    "435058593": {
      "rate": 0.267578125,
      "temperature_start": 291050338.47939414,
      "temperature_end": 72843711.42525727,
      "temperature_interval": 212.0,
      "offset_increase_rate": 178503433.18585354
    },
    "435546875": {
      "rate": 0.2744140625,
      "temperature_start": 291201410.9149443,
      "temperature_end": 72881521.64378174,
      "temperature_interval": 212.0,
      "offset_increase_rate": 178596087.08396047
    },
    "437500000": {
      "rate": 0.267578125,
      "temperature_start": 291208056.6190412,
      "temperature_end": 72883184.92221662,
      "temperature_interval": 212.0,
      "offset_increase_rate": 178600162.94590047
    },
    "468750000": {
      "rate": 0.41015625,
      "temperature_start": 295733714.4360446,
      "temperature_end": 74015860.84952733,