{
  "P": 24,
  "N": 126,
  "values": [
    -1510.3176151445693,
    -2050.776318554937,
    -809.2446333312378,
    96.73457562227551,
    596.6117910457322,
    1529.9254707660705,
    -244.39219923011456,
    -134.4568171719473,
    388.2618599629578,
    408.23886777273594,
    1118.6830796180764,
    990.7228447312906,
    -804.3183423770163,
    -141.6333258180965,
    -560.5524646490423,
    574.4942317184182,
    1689.524060656892,
    -269.98246289455864,
    -689.4837139917264,
    156.38747730813296,
    730.5041836415244,
    422.67975477230453,
    1222.8066397497691,
    577.1224330911963,
    -16.61028093325765,
    16.51755095431076,
    7.738558959256644,
    -669.5269020688497,
    131.51608217010644,
    -896.7295704055944,
    663.3101512647179,
    -1708.416616283143,
    -348.20737688112814,
    300.8380457196785,
    637.093507613967,
    269.7510018479132,
    1872.615839801178,
    -529.0557512557424,
    -124.7963621825295,
    -361.72032841964807,
    183.6247872750115,
    214.2339488716263,
    -325.69576023946627,
    -415.4918975692196,
    -14.854548718465935,
    -583.2760854742074,
    -412.70908530081135,
    407.81532881848494,
    -197.3798207849541,
    642.7748240821594,
    440.19960532048475,
    -887.7293486314342,
    -1494.517622722015,
    -264.2039388530521,
    1384.4674235323878,
    -1243.7599444780835,
    168.86211559881346,
    330.9617897800588,
    -1815.5718179305634,
    -761.808846686012,
    84.60075914615776,
    379.59366993150894,
    1314.350698724817,
    -377.11122190590663,
    309.7748516614829,
    76.2030833049686,
    1031.322647611668,
    2036.602983694062,
    545.2497538658232,
    -308.1710652531857,
    -374.798792198053,
    112.53499284801187,
    -534.2555517147088,
    -69.57634859857079,
    -61.62385574995718,
    -859.1423737893272,
    -194.91849511795337,
    -461.81437753958016,
    2209.1582116802533,
    261.1411450010783,
    1063.8640014875182,
    1311.6557621198754,
    306.6933979857335,
    -145.390425146485,
    -421.4617811125449,
    1690.6642673058334,
    1339.213016691421,
    -1496.6442044163289,
    -52.39745282871723,
    -2240.064090532787,
    -598.2909773634411,
    994.4621814462987,
    -438.5731371687248,
    493.7679959393802,
    610.4632054409815,
    361.89376644283334,
    430.4922288645104,
    -635.8945704529679,
    -292.98877998072265,
    -557.4064833409863,
    142.12227618965215,
    -956.8177910473355,
    158.23064274608882,
    -380.57609431094244,
    581.7208868884394,
    987.5959979681713,
    1016.5270777948889,
    -963.2679681546248,
    468.29224768962905,
    206.38791180732304,
    1622.8162212289762,
    213.32435285780068,
    513.9278999833444,
    -548.8067945471415,
    1277.8262783775394,
    -442.3292862038036,
    -428.1988127758223,
    -1371.737532823153,
    303.61855888292536,
    -780.1308517431681,
    -1479.5358699674362,
    -251.33097557608585,
    -849.114513568848,
    -973.5431813646283,
    -73.7452333071113,
    -1189.836908241678
  ],
  "measurements": {
    "250000000": {
      "rate": 0.037109375,
      "temperature_start": 180536120.98940742,
      "temperature_end": 47756839.37211542,
      "temperature_interval": 302.0,
      "offset_increase_rate": 117130345.0034796
    },
    "312500000": {
      "rate": 0.2314453125,
      "temperature_start": 189633961.0459106,
      "temperature_end": 50163471.81680561,
      "temperature_interval": 302.0,
      "offset_increase_rate": 123032948.53104301
    },
    "316406250": {
      "rate": 0.2470703125,
      "temperature_start": 190088597.46311355,
      "temperature_end": 50283735.82951445,
      "temperature_interval": 302.0,
      "offset_increase_rate": 123327912.88557932
    },
    "317382812": {
      "rate": 0.23828125,
      "temperature_start": 190413590.11637565,
      "temperature_end": 50369705.4507398,
      "temperature_interval": 302.0,
      "offset_increase_rate": 123538765.43625762
    },
    "317626952": {
      "rate": 0.25,
      "temperature_start": 190476991.0953805,
      "temperature_end": 50386476.77801646,
      "temperature_interval": 302.0,
      "offset_increase_rate": 123579899.46807186
    },
    "317687987": {
      "rate": 0.24609375,
      "temperature_start": 190338522.43558878,
      "temperature_end": 50349847.95544342,
      "temperature_interval": 302.0,
      "offset_increase_rate": 123490062.14463383
    },
    "317703245": {
      "rate": 0.23046875,
      "temperature_start": 190523699.92732292,
      "temperature_end": 50398832.56683096,
      "temperature_interval": 302.0,
      "offset_increase_rate": 123610203.77266279
    },
    "317705152": {
      "rate": 0.236328125,
      "temperature_start": 190426638.34177637,
      "temperature_end": 50373157.07028906,
      "temperature_interval": 302.0,
      "offset_increase_rate": 123547231.01718676
    },
    "317705628": {
      "rate": 0.2333984375,
      "temperature_start": 190471862.48189825,
      "temperature_end": 50385120.116707176,
      "temperature_interval": 302.0,
      "offset_increase_rate": 123576572.06598037
    },
    "317705866": {
      "rate": 0.2490234375,
      "temperature_start": 190301383.79445773,
      "temperature_end": 50340023.74902271,
      "temperature_interval": 302.0,
      "offset_increase_rate": 123465966.90084106
    },
    "317705925": {
      "rate": 0.2509765625,
      "temperature_start": 190399790.58755767,
      "temperature_end": 50366055.09048194,
      "temperature_interval": 302.0,
      "offset_increase_rate": 123529812.41587323
    },
    "317705985": {
      "rate": 0.25390625,
      "temperature_start": 190437546.1021697,
      "temperature_end": 50376042.477143705,
      "temperature_interval": 302.0,
      "offset_increase_rate": 123554307.88208827
    },
    "317706105": {
      "rate": 0.2548828125,
      "temperature_start": 190410105.10999423,
      "temperature_end": 50368783.5693509,
      "temperature_interval": 302.0,
      "offset_increase_rate": 123536504.3928855
    },
    "317707059": {
      "rate": 0.2607421875,
      "temperature_start": 190483812.938529,
      "temperature_end": 50388281.345798686,
      "temperature_interval": 302.0,
      "offset_increase_rate": 123584325.42359349
    },
    "317710874": {
      "rate": 0.267578125,
      "temperature_start": 190438291.1276971,
      "temperature_end": 50376239.55717537,
      "temperature_interval": 302.0,
      "offset_increase_rate": 123554791.2485004
    },
    "317718504": {
      "rate": 0.2529296875,
      "temperature_start": 190440632.15557483,
      "temperature_end": 50376858.82434312,
      "temperature_interval": 302.0,
      "offset_increase_rate": 123556310.0880627
    },
    "317749022": {
      "rate": 0.2548828125,
      "temperature_start": 190526144.43877697,
      "temperature_end": 50399479.20829092,
      "temperature_interval": 302.0,
      "offset_increase_rate": 123611789.75151515
    },
    "317871093": {
      "rate": 0.2568359375,
      "temperature_start": 190496729.71408355,
      "temperature_end": 50391698.193197325,
      "temperature_interval": 302.0,
      "offset_increase_rate": 123592705.72094752
    },
    "318359375": {
      "rate": 0.267578125,
      "temperature_start": 190538828.92188948,
      "temperature_end": 50402834.607859746,
      "temperature_interval": 302.0,
      "offset_increase_rate": 123620019.33945034
    },
    "320312500": {
      "rate": 0.2607421875,
      "temperature_start": 190696792.7534917,
      "temperature_end": 50444620.44712053,
      "temperature_interval": 302.0,
      "offset_increase_rate": 123722504.96942973
    },
    "328125000": {
      "rate": 0.3095703125,
      "temperature_start": 191719523.0363421,
      "temperature_end": 50715161.13211703,
      "temperature_interval": 302.0,
      "offset_increase_rate": 124386043.93448152
    },
    "343750000": {
      "rate": 0.3818359375,
      "temperature_start": 193906341.21608716,