{
  "P": 19,
  "N": 124,
  "values": [
    152.58181570677408,
    -300.6613520517773,
    -1166.638098681957,
    405.4820288615987,
    1032.72271012032,
    -270.87791444262564,
    1496.428899015959,
    -1145.3288694586022,
    220.27491767382674,
    649.5205692037864,
    -395.1904205572438,
    438.2150635384579,
    1173.0648637081517,
    2672.5329362931475,
    2088.3577361799253,
    -788.5392443997357,
    1101.7558426341247,
    -468.45489491028894,
    -802.703844344612,
    595.1093924967278,
    -786.8884875194509,
    232.81463775633904,
    -837.345892634894,
    -640.3249703885997,
    -1933.0339106071835,
    436.51251174063714,
    339.57449829054514,
    -1097.9653126210505,
    970.5007145091372,
    714.3993273206144,
    -1068.1624727545093,
    718.4775725954206,
    -2081.6500836641217,
    1392.9523766055602,
    648.9103026047438,
    -1293.7339964954758,
    264.59579809337947,
    88.92657909556006,
    -1312.75013583181,
    -65.6932766135367,
    264.6687103358807,
    -114.27453097174592,
    -1569.3691435293367,
    -1119.5493422105126,
    1093.7189117206044,
    717.3700960283359,
    178.57026745837214,
    -177.99234344552892,
    1245.6610772158172,
    2073.5053832840354,
    -641.7984046847411,
    -1585.6771235061703,
    -1314.64236661406,
    -42.791074758820685,
    295.68757307437426,
    953.8162556538587,
    1162.178646779691,
    -102.12154457631877,
    915.7999456306982,
    -1023.141053198503,
    719.1582290596872,
    1248.7754581173976,
    1190.0002495565714,
    396.495147926254,
    -1281.81273382969,
    -945.2379434776551,
    -804.7665473224163,
    1324.81967120433,
    -554.9279360923802,
    1165.7484108070596,
    1448.0789222732978,
    2002.4437330502667,
    988.6634256332313,
    -149.72270026001857,
    926.8584341446133,
    882.5588142282694,
    -367.806038088631,
    -1387.6845829858196,
    159.8058491309762,
    -1643.3278774000673,
    -1378.4940096411713,
    981.2925020128189,
    -304.16182459591414,
    -1876.479237919431,
    545.441956287435,
    -902.6039826973166,
    848.6093982749205,
    -1045.5612713252794,
    19.882635217358782,
    -1416.2414324944632,
    812.0591236757102,
    -1809.0820453308322,
    -424.7671110608587,
    -1696.8529765097078,
    -843.1231257375199,
    460.67877213936976,
    -819.7285767378612,
    -1764.816783407568,
    1773.4533205930134,
    450.81364254659985,
    227.79074835650903,
    -203.3018030410967,
    -235.01296140349544,
    -232.3627596367573,
    2066.0166218604336,
    735.7739243607618,
    1440.7607962388786,
    -492.90504208745085,
    -967.3724693774885,
    -794.7729205138606,
    986.9324215027706,
    1286.9601418259415,
    -389.0071072735311,
    87.07228047316158,
    76.10050410773228,
    -292.8621618942866,
    265.48408821119205,
    2413.816329815166,
    -1499.1275444786638,
    -278.1467649805361,
    1759.5504953676111,
    -602.3344104416905,
    1640.7558725687807,
    1140.757497336575
  ],
  "measurements": {
    "250000000": {
      "rate": 0.0,
      "temperature_start": 267991010.55939177,
      "temperature_end": 68218766.18474089,
      "temperature_interval": 235.0,
      "offset_increase_rate": 167186676.67711085
    },
    "375000000": {
      "rate": 0.1611328125,
      "temperature_start": 289490052.7477206,
      "temperature_end": 73691480.09846544,
      "temperature_interval": 235.0,
      "offset_increase_rate": 180598893.0335663
    },
    "406250000": {
      "rate": 0.25,
      "temperature_start": 294180920.1917276,
      "temperature_end": 74885569.36548361,
      "temperature_interval": 235.0,
      "offset_increase_rate": 183525299.1733072
    },
    "406738281": {
      "rate": 0.2490234375,
      "temperature_start": 294557010.90246737,
      "temperature_end": 74981305.57770452,
      "temperature_interval": 235.0,
      "offset_increase_rate": 183759924.04347163
    },
    "406860351": {
      "rate": 0.2353515625,
      "temperature_start": 294769507.8186754,
      "temperature_end": 75035397.97957844,
      "temperature_interval": 235.0,
      "offset_increase_rate": 183892490.62901044
    },
    "406921386": {
      "rate": 0.248046875,
      "temperature_start": 294169416.9547485,
      "temperature_end": 74882641.14549518,
      "temperature_interval": 235.0,
      "offset_increase_rate": 183518122.85811087
    },
    "406951903": {
      "rate": 0.2470703125,
      "temperature_start": 294363952.9609667,
      "temperature_end": 74932161.48684919,
      "temperature_interval": 235.0,
      "offset_increase_rate": 183639484.49746498
    },
    "406951962": {
      "rate": 0.2451171875,
      "temperature_start": 294427415.37871647,
      "temperature_end": 74948316.23707369,
      "temperature_interval": 235.0,
      "offset_increase_rate": 183679075.64156842
    },
    "406952022": {
      "rate": 0.263671875,
      "temperature_start": 294557948.06479037,
      "temperature_end": 74981544.13815941,
      "temperature_interval": 235.0,
      "offset_increase_rate": 183760508.69388193
    },
    "406952141": {
      "rate": 0.2587890625,
      "temperature_start": 294257954.06400174,
      "temperature_end": 74905178.81324086,
      "temperature_interval": 235.0,
      "offset_increase_rate": 183573356.89386362
    },
    "406952379": {
      "rate": 0.255859375,
      "temperature_start": 294662434.4890882,
      "temperature_end": 75008141.80251308,
      "temperature_interval": 235.0,
      "offset_increase_rate": 183825692.73867422
    },
    "406952856": {
      "rate": 0.2724609375,
      "temperature_start": 294843185.8546236,
      "temperature_end": 75054153.17848161,
      "temperature_interval": 235.0,
      "offset_increase_rate": 183938454.80500486
    },
    "406953810": {
      "rate": 0.2587890625,
      "temperature_start": 294606612.099884,
      "temperature_end": 74993931.86872071,
      "temperature_interval": 235.0,
      "offset_increase_rate": 183790867.84019813
    },
    "406955717": {
      "rate": 0.2685546875,
      "temperature_start": 294590667.4960915,
      "temperature_end": 74989873.07139108,
      "temperature_interval": 235.0,
      "offset_increase_rate": 183780920.77028173
    },
    "406959532": {
      "rate": 0.2587890625,
      "temperature_start": 294730790.3181609,
      "temperature_end": 75025542.20079935,
      "temperature_interval": 235.0,
      "offset_increase_rate": 183868336.64628258
    },
    "406967162": {
      "rate": 0.2548828125,
      "temperature_start": 294704744.1682615,
      "temperature_end": 75018911.99254614,
      "temperature_interval": 235.0,
      "offset_increase_rate": 183852087.70855582
    },
    "406982421": {
      "rate": 0.2568359375,
      "temperature_start": 294351419.4439087,
      "temperature_end": 74928971.00270621,
      "temperature_interval": 235.0,
      "offset_increase_rate": 183631665.4401779
    },
    "407226562": {
      "rate": 0.2685546875,
      "temperature_start": 294237410.3696754,
      "temperature_end": 74899949.28902325,
      "temperature_interval": 235.0,
      "offset_increase_rate": 183560540.67299885
    },
    "408203125": {
      "rate": 0.2607421875,
      "temperature_start": 294689363.98230124,
      "temperature_end": 75014996.8712601,
      "temperature_interval": 235.0,
      "offset_increase_rate": 183842492.75172496
    },
    "410156250": {
      "rate": 0.267578125,
      "temperature_start": 295069273.6386578,
      "temperature_end": 75111705.2196641,
      "temperature_interval": 235.0,
      "offset_increase_rate": 184079500.07802004
    },
    "414062500": {
      "rate": 0.2744140625,
      "temperature_start": 295726313.9201185,
      "temperature_end": 75278958.87955877,
      "temperature_interval": 235.0,
      "offset_increase_rate": 184489395.84605765
    },
    "421875000": {
      "rate": 0.3056640625,
      "temperature_start": 297030442.01603407,
      "temperature_end": 75610932.73743002,