{
  "P": 26,
  "N": 123,
  "values": [
    -241.311441942534,
    -362.0776691995631,
    -1954.0422171336902,
    221.44580760622293,
    -1407.0662370607834,
    -987.1506330101579,
    307.70899835188015,
    -173.83867865323663,
    789.3600886973616,
    -281.1136343099775,
    -1186.8604628826527,
    -316.0544652555273,
    -79.82996060595679,
    187.09066478971246,
    813.4054931666018,
    418.71446411591603,
    2977.639068524696,
    -9.082611485461866,
    182.57953814398005,
    -2181.758499811634,
    -1595.4469571039426,
    314.0130243755831,
    -108.16989201895163,
    -885.1611088223821,
    1467.1408226789558,
    -396.4335400535078,
    -1229.7507305957033,
    566.5512062951285,
    1161.6964148488928,
    -161.16987760532965,
    52.500282073693235,
    -1040.887650164191,
    -1725.6031166563864,
    1257.3745134287274,
    507.61309226226933,
    -943.1200274420859,
    -1768.4537059620934,
    450.2867924608405,
    2729.9594510061365,
    889.3101805076044,
    1254.9945149482803,
    158.2956359688806,
    -1487.9187601437031,
    -1550.7367795219216,
    474.41557831644553,
    -1562.9145373678875,
    831.0460411451277,
    -2371.4283744479026,
    13.635514967552549,
    -20.580393405957178,
    72.07116757330715,
    270.31695658378493,
    1.4535415114953398,
    39.803836510089226,
    1646.0202070476103,
    265.59965811253034,
    1112.0810737103109,
    1895.7772510291618,
    -978.4952722843091,
    1887.1318679291908,
    -1361.0067338261513,
    1709.626737101994,
    -790.0192829508821,
    993.2103327724922,
    -1669.329741053231,
    -1977.591028192666,
    -195.81512023238122,
    231.96444084390293,
    -361.3768703027631,
    -392.67353090459136,
    -1565.2726142235717,
    -170.81599357556195,
    206.4706415581219,
    -719.4952304178223,
    375.47597412196217,
    -872.1580893192302,
    -370.78018434693433,
    -992.0614844404439,
    341.00379769357687,
    595.0280806917774,
    -703.3594493152449,
    1331.1676185437725,
    326.3098398309022,
    -868.0910621753202,
    -51.05183237048019,
    662.1317331544271,
    1767.2557023548054,
    551.4694110477113,
    -142.68468026737807,
    -510.61162078327527,
    -349.31126002210084,
    -77.06731942618126,
    -737.3226963419155,
    1698.2877848951161,
    1227.026320878539,
    243.83995057095663,
    -148.23461367918867,
    706.956382302562,
    257.70463669862716,
    814.8473332577784,
    447.6822737659992,
    700.225140993234,
    -317.5535648876281,
    -1010.2392648748101,
    1526.2517624197014,
    -794.9495900451172,
    -1449.622346582887,
    -1673.508403143545,
    -194.90193654224487,
    184.4372621897525,
    4.006165953654532,
    -594.5297862250741,
    -419.27075248792556,
    -1616.2204327532972,
    332.27572754304794,
    -193.644951403077,
    1645.8765917682763,
    1941.5119455099837,
    1229.0339324465492,
    -786.9395769642263,
    2074.745971351155,
    -811.1521708934887,
    314.2462215136567
  ],
  "measurements": {
    "250000000": {
      "rate": 0.0,
      "temperature_start": 257398517.84281674,
      "temperature_end": 68657196.4333651,
      "temperature_interval": 319.0,
      "offset_increase_rate": 168436987.5084895
    },
    "375000000": {
      "rate": 0.0498046875,
      "temperature_start": 278550669.7896296,
      "temperature_end": 74299215.9110668,
      "temperature_interval": 319.0,
      "offset_increase_rate": 182278577.51880434
    },
    "437500000": {
      "rate": 0.169921875,
      "temperature_start": 287964755.9595245,
      "temperature_end": 76810282.2871436,
      "temperature_interval": 319.0,
      "offset_increase_rate": 188438987.1741962
    },
    "468750000": {
      "rate": 0.248046875,
      "temperature_start": 292356937.2009357,
      "temperature_end": 77981830.79794994,
      "temperature_interval": 319.0,
      "offset_increase_rate": 191313152.04155713
    },
    "470703125": {
      "rate": 0.23828125,
      "temperature_start": 292771533.31672484,
      "temperature_end": 78092418.0973672,
      "temperature_interval": 319.0,
      "offset_increase_rate": 191584456.3262962
    },
    "470705032": {
      "rate": 0.2333984375,
      "temperature_start": 292654353.63886106,
      "temperature_end": 78061162.17472818,
      "temperature_interval": 319.0,
      "offset_increase_rate": 191507776.0404033
    },
    "470705270": {
      "rate": 0.224609375,
      "temperature_start": 292884362.4919342,
      "temperature_end": 78122513.58863376,
      "temperature_interval": 319.0,
      "offset_increase_rate": 191658289.72104377
    },
    "470705329": {
      "rate": 0.255859375,
      "temperature_start": 292693469.082085,
      "temperature_end": 78071595.63289845,
      "temperature_interval": 319.0,
      "offset_increase_rate": 191533372.48702204
    },
    "470705389": {
      "rate": 0.251953125,
      "temperature_start": 292570800.83391285,
      "temperature_end": 78038875.71639904,
      "temperature_interval": 319.0,
      "offset_increase_rate": 191453100.578861
    },
    "470705508": {
      "rate": 0.25390625,
      "temperature_start": 292608786.7710296,
      "temperature_end": 78049007.89574564,
      "temperature_interval": 319.0,
      "offset_increase_rate": 191477957.89687997
    },
    "470705985": {
      "rate": 0.2587890625,
      "temperature_start": 292435115.32257146,
      "temperature_end": 78002683.64006776,
      "temperature_interval": 319.0,
      "offset_increase_rate": 191364310.406445
    },
    "470706939": {
      "rate": 0.26171875,
      "temperature_start": 292762700.127403,
      "temperature_end": 78090061.97651815,
      "temperature_interval": 319.0,
      "offset_increase_rate": 191578676.0451511
    },
    "470710754": {
      "rate": 0.26953125,
      "temperature_start": 293177892.3464556,
      "temperature_end": 78200808.27754581,
      "temperature_interval": 319.0,
      "offset_increase_rate": 191850370.40920675
    },
    "470718383": {
      "rate": 0.2763671875,
      "temperature_start": 293007016.9458876,
      "temperature_end": 78155229.82573208,
      "temperature_interval": 319.0,
      "offset_increase_rate": 191738552.6025147
    },
    "470733642": {
      "rate": 0.251953125,
      "temperature_start": 292655919.25884163,
      "temperature_end": 78061579.78039059,
      "temperature_interval": 319.0,
      "offset_increase_rate": 191508800.5541236
    },
    "470764160": {
      "rate": 0.2578125,
      "temperature_start": 292793457.4058299,
      "temperature_end": 78098266.01951113,
      "temperature_interval": 319.0,
      "offset_increase_rate": 191598803.0581798
    },
    "470825195": {
      "rate": 0.265625,
      "temperature_start": 292784399.29473555,
      "temperature_end": 78095849.90415066,
      "temperature_interval": 319.0,
      "offset_increase_rate": 191592875.5922486
    },
    "470947265": {
      "rate": 0.2587890625,
      "temperature_start": 292785295.2285632,
      "temperature_end": 78096088.88106987,
      "temperature_interval": 319.0,
      "offset_increase_rate": 191593461.87532514
    },
    "471191406": {
      "rate": 0.26171875,
      "temperature_start": 292717317.8009345,
      "temperature_end": 78077956.92117804,
      "temperature_interval": 319.0,
      "offset_increase_rate": 191548978.6621959
    },
    "471679687": {
      "rate": 0.2724609375,
      "temperature_start": 293147154.4009632,
      "temperature_end": 78192609.39132333,
      "temperature_interval": 319.0,
      "offset_increase_rate": 191830256.04730475
    },
    "472656250": {
      "rate": 0.2861328125,
      "temperature_start": 293047345.3514343,
      "temperature_end": 78165986.82342061,
      "temperature_interval": 319.0,
      "offset_increase_rate": 191764942.78998834
    },
    "476562500": {
      "rate": 0.2978515625,
      "temperature_start": 293535983.16195095,
      "temperature_end": 78296323.63507973,
      "temperature_interval": 319.0,