{
  "P": 29,
  "N": 139,
  "values": [
    -517.7709710098452,
    -919.1023796297025,
    212.19061011531446,
    919.4066545372916,
    -446.97435286391783,
    866.7314708876656,
    -294.0387219471284,
    280.70331849600404,
    550.0559320776331,
    838.7852846160903,
    -1363.5790904322903,
    -1578.9120306180675,
    1330.2694383271266,
    1100.9421651188527,
    789.3138284196441,
    1314.6813552958192,
    -1407.6624859460499,
    371.3905189068168,
    114.99924277258428,
    -284.4200898359979,
    -207.46202247485812,
    743.4007671749247,
    1165.8861766526538,
    1010.1066109886923,
    -707.8906700794217,
    -1162.961913413684,
    -559.4143044273594,
    936.831319501548,
    1123.993223404858,
    460.53001572317504,
    4.443976949939654,
    -1082.468615259739,
    23.436281886958028,
    11.905222157512027,
    328.003897477651,
    1207.1804872173361,
    1264.5436066154243,
    -48.4201898940917,
    -1209.430549190137,
    925.5244484773018,
    -273.9707462258454,
    196.5196345379592,
    -774.4252761586393,
    -1911.0233793455484,
    -1513.6414904185997,
    -2020.4337351183824,
    -1865.05877687172,
    1427.0047606093544,
    526.4909115509008,
    -1518.653213283777,
    -205.6463685276382,
    -696.6997186458345,
    -581.6302740029095,
    141.96361335598147,
    -782.5560654657588,
    -1527.236560265887,
    441.009557501519,
    1681.2251560682469,
    -919.8333136750203,
    204.90310130657534,
    1202.70803042453,
    195.85607646773082,
    470.8926704259868,
    88.23094018171136,
    -732.7577675519393,
    -72.46240006836953,
    -213.78687239024754,
    1289.618965699256,
    1101.553826053224,
    776.7347635303516,
    600.9608887882505,
    -381.6728591840044,
    1115.4389102595978,
    1036.738713951317,
    -771.5097044523365,
    -1011.4522227616691,
    684.0462104396114,
    746.8112057939542,
    -1038.218590682428,
    2352.4876309779406,
    1105.8822671326743,
    -798.8316688566877,
    -227.18393316034332,
    1009.0366463833498,
    363.65621722627696,
    888.7823681304084,
    409.288154968909,
    14.036735576381147,
    3920.622959541101,
    -331.6398959938492,
    -1979.6947973887068,
    -277.4597510638099,
    -366.3703878637107,
    917.3204424142627,
    1162.81816477075,
    42.780627694627604,
    1198.251859578135,
    -865.8817559632863,
    -1463.6992241728697,
    -2229.828219360638,
    -736.8899975099797,
    -347.3057919758398,
    409.49516616062135,
    1207.325138668068,
    -315.0664593988258,
    -580.0378210456956,
    -1237.659896730724,
    950.1161303335829,
    71.7609715002982,
    -19.945454430524297,
    -363.4082277930609,
    532.9437196560935,
    -2054.9252271142045,
    840.5384499759455,
    -1380.2065968811285,
    198.27026159522416,
    -836.4988949946982,
    1091.167168678799,
    9.527156172112397,
    943.4062993992223,
    -417.2329250604619,
    1035.669919514239,
    1499.9151626430632,
    609.4804239091991,
    -528.3230859991187,
    1731.9075923025373,
    -238.77246253815957,
    158.2156066959175,
    -715.5384801717745,
    383.1284886041189,
    428.0802750029438,
    -797.9575975333173,
    -585.1527682455888,
    1321.4341529528283,
    -406.74636555469385,
    -179.91044205348774,
    2294.1724969167185,
    -128.67444357675416,
    958.9942139028898
  ],
  "measurements": {
    "1000000000": {
      "rate": 0.10546875,
      "temperature_start": 328001776.1511019,
      "temperature_end": 90449624.61702183,
      "temperature_interval": 403.0,
      "offset_increase_rate": 222226494.0848483
    },
    "1125000000": {
      "rate": 0.208984375,
      "temperature_start": 343828255.0151286,
      "temperature_end": 94813927.42372674,
      "temperature_interval": 403.0,
      "offset_increase_rate": 232949188.79989272
    },
    "1156250000": {
      "rate": 0.244140625,
      "temperature_start": 347877055.3026925,
      "temperature_end": 95930422.79901621,
      "temperature_interval": 403.0,
      "offset_increase_rate": 235692316.30277723
    },
    "1158203125": {
      "rate": 0.2421875,
      "temperature_start": 348070180.22363895,
      "temperature_end": 95983678.84173885,
      "temperature_interval": 403.0,
      "offset_increase_rate": 235823161.55186695
    },
    "1158691406": {
      "rate": 0.2470703125,
      "temperature_start": 348087419.76003337,
      "temperature_end": 95988432.80866471,
      "temperature_interval": 403.0,
      "offset_increase_rate": 235834841.6158517
    },
    "1158935546": {
      "rate": 0.2392578125,
      "temperature_start": 348498245.43730724,
      "temperature_end": 96101721.91559726,
      "temperature_interval": 403.0,
      "offset_increase_rate": 236113182.6389154
    },
    "1158996581": {
      "rate": 0.244140625,
      "temperature_start": 348601418.23020405,
      "temperature_end": 96130172.79930195,
      "temperature_interval": 403.0,
      "offset_increase_rate": 236183083.87030336
    },
    "1159027098": {
      "rate": 0.248046875,
      "temperature_start": 348550764.86588144,
      "temperature_end": 96116204.64997569,
      "temperature_interval": 403.0,
      "offset_increase_rate": 236148765.39892465
    },
    "1159042357": {
      "rate": 0.2392578125,
      "temperature_start": 348403641.7219733,
      "temperature_end": 96075634.03692862,
      "temperature_interval": 403.0,
      "offset_increase_rate": 236049087.09579745
    },
    "1159046171": {
      "rate": 0.232421875,
      "temperature_start": 348001574.50476164,
      "temperature_end": 95964760.15906629,
      "temperature_interval": 403.0,
      "offset_increase_rate": 235776680.07070184
    },
    "1159047124": {
      "rate": 0.2255859375,
      "temperature_start": 347826621.0856437,
      "temperature_end": 95916515.08164516,
      "temperature_interval": 403.0,
      "offset_increase_rate": 235658146.3072114
    },
    "1159047601": {
      "rate": 0.236328125,
      "temperature_start": 347837972.61518115,
      "temperature_end": 95919645.37440619,
      "temperature_interval": 403.0,
      "offset_increase_rate": 235665837.15157574
    },
    "1159047720": {
      "rate": 0.248046875,
      "temperature_start": 348446543.36735845,
      "temperature_end": 96087464.57567164,
      "temperature_interval": 403.0,
      "offset_increase_rate": 236078153.65255904
    },
    "1159047779": {
      "rate": 0.2421875,
      "temperature_start": 348349760.9779161,
      "temperature_end": 96060775.90679517,
      "temperature_interval": 403.0,
      "offset_increase_rate": 236012582.0225902
    },
    "1159047839": {
      "rate": 0.2578125,
      "temperature_start": 348551230.6940136,
      "temperature_end": 96116333.10653521,
      "temperature_interval": 403.0,
      "offset_increase_rate": 236149081.00499806
    },
    "1159048078": {
      "rate": 0.25390625,
      "temperature_start": 348313189.134253,
      "temperature_end": 96050690.87137343,
      "temperature_interval": 403.0,
      "offset_increase_rate": 235987804.00859636
    },
    "1159049986": {
      "rate": 0.2626953125,
      "temperature_start": 348323304.5670202,
      "temperature_end": 96053480.29863617,
      "temperature_interval": 403.0,
      "offset_increase_rate": 235994657.3774603
    },
    "1159057616": {
      "rate": 0.2548828125,
      "temperature_start": 347953336.80767894,
      "temperature_end": 95951458.1530689,
      "temperature_interval": 403.0,
      "offset_increase_rate": 235743998.25284338
    },
    "1159179687": {
      "rate": 0.2626953125,
      "temperature_start": 348223182.15564966,
      "temperature_end": 96025870.58679107,
      "temperature_interval": 403.0,
      "offset_increase_rate": 235926822.82875976
    },
    "1160156250": {
      "rate": 0.2568359375,
      "temperature_start": 348091734.3291384,
      "temperature_end": 95989622.59233145,
      "temperature_interval": 403.0,
      "offset_increase_rate": 235837764.8060153
    },