{
  "P": 22,
  "N": 150,
  "values": [
    -231.0198977032441,
    -2042.5603583169445,
    303.7524911743092,
    -587.3613003532301,
    1353.7234033158404,
    1042.0754190441949,
    581.5306947593077,
    -1357.1442962183971,
    44.56474866328971,
    175.33477369525343,
    227.14051521082908,
    -72.29807448052487,
    644.7758679924166,
    536.8041600518162,
    -402.0187756929562,
    225.33748007117387,
    -423.38220808072975,
    -1101.4392399885326,
    -1205.6739126193595,
    -344.8012286559141,
    352.36189398692477,
    944.0007013285145,
    -1113.0082601441277,
    982.3350567386772,
    -1451.0990636599436,
    308.75461791216514,
    544.7043517158066,
    200.69010742333785,
    313.38201205640837,
    297.1536747227167,
    805.8641387032328,
    -638.4171415127662,
    587.8884861410801,
    -248.1455196430551,
    1070.0975096757136,
    -610.4840646291952,
    -613.7803278560951,
    314.32369077979996,
    418.9927167087122,
    869.2363086286737,
    877.5723818356203,
    -471.96532147751634,
    -390.8844072526821,
    460.60642019923375,
    697.1908537638566,
    879.6930271487743,
    1553.1622237998317,
    -6.213887896213868,
    -239.216760588253,
    2419.53014478688,
    -375.5959424431989,
    1949.1697880255208,
    -209.08715662627816,
    -658.3346728977043,
    -1563.2496166517822,
    803.0183185047463,
    -39.33005100462313,
    -389.17887457443385,
    757.9557439397179,
    1636.7760576883386,
    -164.22704293227213,
    -1286.98824832686,
    -658.7409472732135,
    -759.8037916834907,
    1535.9577860743614,
    1023.1483668017387,
    -83.12665364184237,
    -426.58765422178936,
    -1365.7261981753686,
    201.47029214563472,
    -1296.411039779511,
    636.0553843789021,
    -1690.7253733505802,
    241.40823610214036,
    2265.5884735252303,
    1845.64161943669,
    244.439831392497,
    -33.33722387403006,
    507.25170704173473,
    1050.7119832548838,
    388.5182947308436,
    826.8690411608195,
    -1020.9952406287755,
    17.221129984332393,
    41.87756523847541,
    -1293.0028993240126,
    -640.79154443647,
    -2215.5557804667365,
    2099.9756089081625,
    153.24928537841546,
    -2137.5512842016974,
    1777.1507377154078,
    818.3829794637128,
    -1071.0571304289895,
    278.73878046486186,
    568.5077749893935,
    -498.3541098284014,
    -228.613357344275,
    373.2501349310939,
    -1892.9499992290912,
    923.6736644393361,
    -275.2166120850654,
    -1188.8929612773572,
    -24.1510924862585,
    -628.003816476941,
    -1048.8220700439333,
    65.9838369213862,
    446.89527648963156,
    -677.4719156255154,
    -2121.3788999864373,
    102.0551786454933,
    -890.0312215879861,
    1827.6763465221275,
    2168.9737424391064,
    -1527.2189428338731,
    -345.80574876475623,
    -605.2406934969646,
    1620.8893734044864,
    -477.20882169136286,
    1661.505307733297,
    671.6259463766066,
    -59.068963747473674,
    665.4252899006702,
    -1980.0140120204524,
    -947.1014078900533,
    740.783165429401,
    -2174.709257888459,
    -357.8741103538993,
    -1168.2286962895166,
    -197.89214034692841,
    -144.4212694206316,
    387.88482336941905,
    -1435.3633848906557,
    -989.4332468181167,
    116.5997772051175,
    130.79734859032442,
    696.0928948627093,
    -1323.2979210965705,
    2137.8276927722827,
    559.1844541185251,
    696.6525635266859,
    461.38905879076356,
    -174.3376546392046,
    -342.27898888284346,
    -849.4749868705319,
    392.7366643469661,
    -296.96466195419475,
    -986.7158174474182,
    2196.4652033454013,
    821.0055288171892
  ],
  "measurements": {
    "250000000": {
      "rate": 0.0,
      "temperature_start": 232722781.2491707,
      "temperature_end": 62362539.02094791,
      "temperature_interval": 330.0,
      "offset_increase_rate": 153019785.23355722
    },
    "375000000": {
      "rate": 0.0419921875,
      "temperature_start": 252971704.9649828,
      "temperature_end": 67788627.04112977,
      "temperature_interval": 330.0,
      "offset_increase_rate": 166333849.03759357
    },
    "437500000": {
      "rate": 0.23046875,
      "temperature_start": 261870938.13968587,
      "temperature_end": 70173347.49322736,
      "temperature_interval": 330.0,
      "offset_increase_rate": 172185269.09121698
    },
    "438476562": {
      "rate": 0.234375,
      "temperature_start": 262140082.08584046,
      "temperature_end": 70245469.78290707,
      "temperature_interval": 330.0,
      "offset_increase_rate": 172362236.5054788
    },
    "438964843": {
      "rate": 0.2216796875,
      "temperature_start": 262273417.67083305,
      "temperature_end": 70281199.61381295,
      "temperature_interval": 330.0,
      "offset_increase_rate": 172449907.26323634
    },
    "439086913": {
      "rate": 0.2490234375,
      "temperature_start": 262377410.62650943,
      "temperature_end": 70309066.52362496,
      "temperature_interval": 330.0,
      "offset_increase_rate": 172518284.66770867
    },
    "439147948": {
      "rate": 0.2314453125,
      "temperature_start": 262048981.56044376,
      "temperature_end": 70221057.6474067,
      "temperature_interval": 330.0,
      "offset_increase_rate": 172302336.12634084
    },
    "439178466": {
      "rate": 0.24609375,
      "temperature_start": 262233138.0329285,
      "temperature_end": 70270405.91120642,
      "temperature_interval": 330.0,
      "offset_increase_rate": 172423422.61266473
    },
    "439186095": {
      "rate": 0.2470703125,
      "temperature_start": 262262136.44330385,
      "temperature_end": 70278176.59222385,
      "temperature_interval": 330.0,
      "offset_increase_rate": 172442489.63525674
    },
    "439189910": {
      "rate": 0.224609375,
      "temperature_start": 262297255.34413657,
      "temperature_end": 70287587.37621242,
      "temperature_interval": 330.0,
      "offset_increase_rate": 172465581.00015968
    },
    "439190863": {
      "rate": 0.248046875,
      "temperature_start": 262388276.90153262,
      "temperature_end": 70311978.35072033,
      "temperature_interval": 330.0,
      "offset_increase_rate": 172525429.4562911
    },
    "439191340": {
      "rate": 0.23828125,
      "temperature_start": 262198859.42579043,
      "temperature_end": 70261220.30005242,
      "temperature_interval": 330.0,
      "offset_increase_rate": 172400883.75731838
    },
    "439191578": {
      "rate": 0.2158203125,
      "temperature_start": 262248359.6247694,
      "temperature_end": 70274484.82909337,
      "temperature_interval": 330.0,
      "offset_increase_rate": 172433431.1073291
    },
    "439191637": {
      "rate": 0.23046875,
      "temperature_start": 262175250.4077926,
      "temperature_end": 70254893.81023379,
      "temperature_interval": 330.0,
      "offset_increase_rate": 172385360.36573544
    },
    "439191697": {
      "rate": 0.2578125,
      "temperature_start": 262171219.37578204,
      "temperature_end": 70253813.61778462,
      "temperature_interval": 330.0,
      "offset_increase_rate": 172382709.88326347
    },
    "439191817": {
      "rate": 0.28125,
      "temperature_start": 262188132.21770507,
      "temperature_end": 70258345.73861405,
      "temperature_interval": 330.0,
      "offset_increase_rate": 172393830.40797043
    },
    "439193725": {
      "rate": 0.2548828125,
      "temperature_start": 262348774.62251478,
      "temperature_end": 70301392.9563578,
      "temperature_interval": 330.0,
      "offset_increase_rate": 172499455.93440768
    },
    "439208984": {
      "rate": 0.251953125,
      "temperature_start": 262072147.83110923,
      "temperature_end": 70227265.494574,
      "temperature_interval": 330.0,
      "offset_increase_rate": 172317568.40288407
    },
    "439453125": {
      "rate": 0.2568359375,
      "temperature_start": 262401820.88224804,
      "temperature_end": 70315607.72048521,
      "temperature_interval": 330.0,
      "offset_increase_rate": 172534334.88879395
    },