{
  "P": 32,
  "N": 128,
  "values": [
    -882.6487367638638,
    -841.0368566716611,
    -93.62219803379035,
    -583.7724024448138,
    285.2654414925203,
    -1052.9126227047195,
    -1189.3131532849313,
    -316.9688267884613,
    -1238.3827789182515,
    1969.405842614468,
    356.46950207946503,
    -1061.808833631724,
    -145.6714533890071,
    -65.09306774441396,
    -1014.1353733166665,
    -2316.575641413785,
    -753.7221185223933,
    156.66508676560116,
    602.2368792628569,
    2140.337938839987,
    -583.6289053393411,
    983.0060675962052,
    1357.4547558232111,
    1576.002422727305,
    -173.79561369185282,
    433.20981672164123,
    -635.4122354686201,
    -793.4066102766583,
    1030.1130177744662,
    2105.1376955661926,
    1661.1668264464824,
    600.8508065998726,
    -407.9800203301527,
    1137.0553510782936,
    203.1279863400038,
    -137.65735153099064,
    -1014.1003107319927,
    -207.68061244497633,
    80.77225120276964,
    -455.4528802979906,
    -772.5250217591374,
    160.7734876253139,
    -2529.0559393313006,
    769.8869951406278,
    2037.425749592093,
    964.6879119223773,
    -1530.3163927144633,
    1134.774499673398,
    -1501.7443354519494,
    1446.1817628004105,
    -677.4726928946567,
    2252.6424405733537,
    93.90111565247594,
    -816.1064847390919,
    1389.8333877095088,
    1246.3998707692808,
    1677.0798108172798,
    -434.9788467939929,
    1019.4735942221138,
    -473.1841615194477,
    702.8404776373736,
    -2015.8658639437865,
    -1117.9111712533693,
    -664.6213546712453,
    1523.6083028916057,
    1752.1369142550661,
    284.7385249573058,
    102.92327072346818,
    -1610.1965291467598,
    247.78367133841311,
    815.3465793478357,
    943.1306582107624,
    -1917.8068877957735,
    -347.07965956232994,
    77.28018064427263,
    1733.7199817525352,
    -157.7361197963126,
    154.55147647589274,
    -744.089900635368,
    -233.1675747348313,
    -1421.5228510954753,
    -1461.2990899264084,
    -65.70154409601513,
    915.4875759088832,
    -988.5106608833617,
    -331.83853674473016,
    -1793.4695312113881,
    -436.46717027832034,
    275.78744572105177,
    1984.4018250098231,
    -96.38783797248314,
    -775.642752625404,
    1553.8050107057927,
    396.0872378835299,
    239.7898293759878,
    -382.93858387936996,
    1510.062331725207,
    -125.92194484529803,
    -52.570573232536866,
    -1185.613685318522,
    280.4467255434082,
    61.87351711939224,
    -360.46654672161736,
    248.21141339944492,
    1517.3360060497914,
    11.09821406614433,
    -880.3939797600216,
    384.4637114979329,
    -3045.716354216605,
    685.790515567481,
    356.26777326092764,
    134.55075246947524,
    185.14155292926975,
    231.7413679372292,
    2007.386066169263,
    -1716.3719794495585,
    -1185.710231398237,
    -710.6392732409846,
    -776.3666245120083,
    -937.8491881920158,
    57.74466333835097,
    590.0347882891876,
    -2758.987051076647,
    -574.9144535598894,
    -76.50202440623707,
    -1256.6981462900965,
    -912.6569543033322,
    1275.6845876967254
  ],
  "measurements": {
    "250000000": {
      "rate": 0.0,
      "temperature_start": 271990208.966603,
      "temperature_end": 75171772.23622552,
      "temperature_interval": 409.0,
      "offset_increase_rate": 184712593.8479949
    },
    "375000000": {
      "rate": 0.0458984375,
      "temperature_start": 292100465.5669539,
      "temperature_end": 80729779.76347166,
      "temperature_interval": 409.0,
      "offset_increase_rate": 198369768.02978936
    },
    "437500000": {
      "rate": 0.1650390625,
      "temperature_start": 301163491.14894867,
      "temperature_end": 83234589.39396998,
      "temperature_interval": 409.0,
      "offset_increase_rate": 204524603.41787702
    },
    "453125000": {
      "rate": 0.203125,
      "temperature_start": 303387069.9309361,
      "temperature_end": 83849134.88950062,
      "temperature_interval": 409.0,
      "offset_increase_rate": 206034668.8206235
    },
    "460937500": {
      "rate": 0.189453125,
      "temperature_start": 304193460.7701204,
      "temperature_end": 84072002.57553554,
      "temperature_interval": 409.0,
      "offset_increase_rate": 206582300.82593322
    },
    "464843750": {
      "rate": 0.21875,
      "temperature_start": 304721430.84348035,
      "temperature_end": 84217921.232876,
      "temperature_interval": 409.0,
      "offset_increase_rate": 206940853.15064728
    },
    "466796875": {
      "rate": 0.212890625,
      "temperature_start": 305341090.78896594,
      "temperature_end": 84389180.83984102,
      "temperature_interval": 409.0,
      "offset_increase_rate": 207361673.43042582
    },
    "467773437": {
      "rate": 0.203125,
      "temperature_start": 304955594.3001789,
      "temperature_end": 84282638.56994437,
      "temperature_interval": 409.0,
      "offset_increase_rate": 207099877.03476253
    },
    "468261718": {
      "rate": 0.2421875,
      "temperature_start": 305297029.28941417,
      "temperature_end": 84377003.26543024,
      "temperature_interval": 409.0,
      "offset_increase_rate": 207331750.61113775
    },
    "468505859": {
      "rate": 0.2421875,
      "temperature_start": 305266011.05906844,
      "temperature_end": 84368430.54747991,
      "temperature_interval": 409.0,
      "offset_increase_rate": 207310685.66984624
    },
    "468627929": {
      "rate": 0.2431640625,
      "temperature_start": 305723472.3339807,
      "temperature_end": 84494862.21167569,
      "temperature_interval": 409.0,
      "offset_increase_rate": 207621354.4214719
    },
    "468688964": {
      "rate": 0.2353515625,
      "temperature_start": 305318265.6883035,
      "temperature_end": 84382872.51251265,
      "temperature_interval": 409.0,
      "offset_increase_rate": 207346172.5652872
    },
    "468719482": {
      "rate": 0.2373046875,
      "temperature_start": 305301212.61840904,
      "temperature_end": 84378159.44033664,
      "temperature_interval": 409.0,
      "offset_increase_rate": 207334591.57204032
    },
    "468734741": {
      "rate": 0.240234375,
      "temperature_start": 305396754.68192935,
      "temperature_end": 84404565.0461311,
      "temperature_interval": 409.0,
      "offset_increase_rate": 207399475.60754097
    },
    "468742370": {
      "rate": 0.244140625,
      "temperature_start": 305322915.7074398,
      "temperature_end": 84384157.66972747,
      "temperature_interval": 409.0,
      "offset_increase_rate": 207349330.46240193
    },
    "468744277": {
      "rate": 0.2421875,
      "temperature_start": 305350749.5084852,
      "temperature_end": 84391850.28543082,
      "temperature_interval": 409.0,
      "offset_increase_rate": 207368232.8104213
    },
    "468745231": {
      "rate": 0.2314453125,
      "temperature_start": 305318303.01544285,
      "temperature_end": 84382882.82886645,
      "temperature_interval": 409.0,
      "offset_increase_rate": 207346197.91470242
    },
    "468745708": {
      "rate": 0.2177734375,
      "temperature_start": 305073870.38552624,
      "temperature_end": 84315327.33099392,
      "temperature_interval": 409.0,
      "offset_increase_rate": 207180200.08241087
    },
    "468745946": {
      "rate": 0.2392578125,
      "temperature_start": 305424390.27425575,
      "temperature_end": 84412202.88155124,
      "temperature_interval": 409.0,
      "offset_increase_rate": 207418243.349073
    },
    "468746065": {
      "rate": 0.2412109375,
      "temperature_start": 305252675.00057805,
      "temperature_end": 84364744.77086622,
      "temperature_interval": 409.0,
      "offset_increase_rate": 207301628.95429453
    },
    "468746125": {
      "rate": 0.21875,
      "temperature_start": 305201345.82066727,
      "temperature_end": 84350558.57851765,
      "temperature_interval": 409.0,
      "offset_increase_rate": 207266770.54524577
    },
    "468746185": {
      "rate": 0.2529296875,