{
  "P": 28,
  "N": 136,
  "values": [
    640.6013713890279,
    -1041.0919639207627,
    680.4325568398449,
    1336.142684169901,
    -486.47222871129827,
    -130.91188670539847,
    -191.56915283663866,
    1012.5826512098635,
    384.94026127898735,
    1044.7824063929822,
    310.9175619978166,
    1266.5076116790733,
    841.0123175048866,
    965.3544924545486,
    -141.68686828454202,
    -513.5844979605862,
    -953.249446668037,
    402.36306897639366,
    629.9937828078116,
    -1768.0890904274252,
    409.9600389469214,
    319.9045692593738,
    546.2632208970896,
    737.2959314007365,
    955.8694478895661,
    94.8383310558661,
    -239.2719697889406,
    323.73391803913586,
    881.1250275319475,
    -1022.7555553185119,
    -565.4529130441199,
    1059.2250139884416,
    312.0681896563277,
    1941.0109563997325,
    -272.33731522491337,
    1241.565822593293,
    -421.51287574225023,
    -523.9080446303228,
    793.3599123701428,
    507.97259307570164,
    963.9838965994579,
    -2120.826183889389,
    -866.7054468525848,
    429.8090171860483,
    969.6564070058502,
    -643.3666395966691,
    -477.9699825113266,
    1232.6398030932528,
    110.00252407080778,
    1350.3730173289082,
    524.8979940304123,
    847.651491440315,
    -206.1379059322828,
    1325.341815219796,
    1612.6572909483507,
    194.90948278058215,
    -235.2233133619771,
    -579.7949344715395,
    186.86703234090055,
    -7.115859146642168,
    -53.731558812997136,
    45.01636805665802,
    1379.1684303025372,
    -787.944651359972,
    -649.8103889445705,
    1568.7872842114361,
    -501.7116690958162,
    -323.27893163180295,
    1218.9851617016136,
    665.3664001815041,
    464.73015926279226,
    -112.05819596031972,
    367.63904570713976,
    -163.92644684102206,
    -1114.0651899086017,
    698.8844494051266,
    -1493.0142002295165,
    220.88030501535232,
    1570.9895156407476,
    -319.6681432224264,
    545.9872564351812,
    -419.9671627322804,
    1050.221495062143,
    -86.25724114252502,
    -524.7734518895124,
    -481.02268826314247,
    225.04568196679244,
    -931.7149719430765,
    930.9827591792452,
    827.9546046895487,
    80.58848019656074,
    1574.8803170547558,
    -1249.2556892427276,
    72.1028424405023,
    229.63629954406414,
    487.66212089424914,
    1356.846349211124,
    -1543.1470024864766,
    -248.20537329830003,
    -131.74535135160139,
    -954.5432462813332,
    1726.7243509599546,
    785.7099798556877,
    -1035.0625660119636,
    -1323.389665598439,
    845.6026918211936,
    -698.1692509443251,
    318.7367335908139,
    1036.535576366926,
    2175.744284037222,
    1328.3777554499122,
    -400.9873019159282,
    155.19337155962293,
    390.9889600850456,
    505.4608627036451,
    -465.3081035890721,
    1991.7298682823825,
    -300.9216290426204,
    -323.3997608903214,
    -631.0105728861923,
    -1484.294151459277,
    -2397.5742217841103,
    711.1352033781484,
    429.5573745850558,
    -374.54464647875994,
    -1572.0946414325251,
    1198.4822615574699,
    -1380.3173627309177,
    -1066.1897556677484,
    1064.5730203692056,
    -1389.969779863822,
    -750.9444876691654,
    -116.46221053124813,
    389.87328427274235,
    -1499.8509165261487,
    -2703.9845735933864
  ],
  "measurements": {
    "250000000": {
      "rate": 0.001953125,
      "temperature_start": 209133270.44993493,
      "temperature_end": 57209875.94207298,
      "temperature_interval": 380.0,
      "offset_increase_rate": 140501678.41228026
    },
    "375000000": {
      "rate": 0.119140625,
      "temperature_start": 225246455.14905426,
      "temperature_end": 61617750.86166406,
      "temperature_interval": 380.0,
      "offset_increase_rate": 151326974.11928403
    },
    "406250000": {
      "rate": 0.216796875,
      "temperature_start": 229024097.6640129,
      "temperature_end": 62651151.521297604,
      "temperature_interval": 380.0,
      "offset_increase_rate": 153864901.78928787
    },
    "421875000": {
      "rate": 0.2392578125,
      "temperature_start": 231099823.92546436,
      "temperature_end": 63218981.02853887,
      "temperature_interval": 380.0,
      "offset_increase_rate": 155259433.72115564
    },
    "422851562": {
      "rate": 0.2490234375,
      "temperature_start": 230907081.33884633,
      "temperature_end": 63166254.93935445,
      "temperature_interval": 380.0,
      "offset_increase_rate": 155129943.77025926
    },
    "423339843": {
      "rate": 0.2392578125,
      "temperature_start": 231203537.3359955,
      "temperature_end": 63247352.56089836,
      "temperature_interval": 380.0,
      "offset_increase_rate": 155329111.3397485
    },
    "423347472": {
      "rate": 0.2333984375,
      "temperature_start": 231318160.32693207,
      "temperature_end": 63278708.48565142,
      "temperature_interval": 380.0,
      "offset_increase_rate": 155406118.32470393
    },
    "423347591": {
      "rate": 0.25,
      "temperature_start": 231067620.63948965,
      "temperature_end": 63210171.593332425,
      "temperature_interval": 380.0,
      "offset_increase_rate": 155237798.637842
    },
    "423347650": {
      "rate": 0.24609375,
      "temperature_start": 231177601.10682726,
      "temperature_end": 63240257.523126855,
      "temperature_interval": 380.0,
      "offset_increase_rate": 155311686.64341974
    },
    "423347710": {
      "rate": 0.2646484375,
      "temperature_start": 231340675.65147623,
      "temperature_end": 63284867.710920535,
      "temperature_interval": 380.0,
      "offset_increase_rate": 155421244.76002264
    },
    "423347948": {
      "rate": 0.2734375,
      "temperature_start": 231285966.89783838,
      "temperature_end": 63269901.746864066,
      "temperature_interval": 380.0,
      "offset_increase_rate": 155384489.8635233
    },
    "423348425": {
      "rate": 0.2666015625,
      "temperature_start": 231506215.12080538,
      "temperature_end": 63330152.19618422,
      "temperature_interval": 380.0,
      "offset_increase_rate": 155532458.88312313
    },
    "423349379": {
      "rate": 0.2880859375,
      "temperature_start": 231280751.26744103,
      "temperature_end": 63268474.97451286,
      "temperature_interval": 380.0,
      "offset_increase_rate": 155380985.85470045
    },
    "423351286": {
      "rate": 0.275390625,
      "temperature_start": 231198965.47265732,
      "temperature_end": 63246101.89555067,
      "temperature_interval": 380.0,
      "offset_increase_rate": 155326039.83194342
    },
    "423355101": {
      "rate": 0.2646484375,
      "temperature_start": 231407556.32660604,
      "temperature_end": 63303163.38964668,
      "temperature_interval": 380.0,
      "offset_increase_rate": 155466177.09952497
    },
    "423370360": {
      "rate": 0.28125,
      "temperature_start": 231238887.60818696,
      "temperature_end": 63257022.876301736,
      "temperature_interval": 380.0,
      "offset_increase_rate": 155352860.6578964
    },
    "423400878": {
      "rate": 0.2529296875,
      "temperature_start": 231247004.13911152,
      "temperature_end": 63259243.21037997,
      "temperature_interval": 380.0,
      "offset_increase_rate": 155358313.57418913
    },
    "423461913": {
      "rate": 0.263671875,
      "temperature_start": 231216743.8362375,
      "temperature_end": 63250965.291856214,
      "temperature_interval": 380.0,
      "offset_increase_rate": 155337983.842177
    },
    "423583984": {
      "rate": 0.2509765625,
      "temperature_start": 231295888.15043628,
      "temperature_end": 63272615.77523981,
      "temperature_interval": 380.0,
      "offset_increase_rate": 155391155.24315876
    },
    "423828125": {
      "rate": 0.267578125,
      "temperature_start": 231100209.66071057,
      "temperature_end": 63219086.54912646,
      "temperature_interval": 380.0,
      "offset_increase_rate": 155259692.86906356
    },
    "425781250": {
      "rate": 0.2705078125,
      "temperature_start": 231549621.81200343,