{
  "P": 20,
  "N": 137,
  "values": [
    -310.04810847855146,
    994.6727280679333,
    965.4384857806438,
    2233.371845957714,
    -1351.8746810469443,
    -1387.472297605871,
    -658.5450893572563,
    745.1479884952287,
    308.0774321776833,
    895.1958765512511,
    -158.3643143223315,
    416.7898390786713,
    1001.1019546768514,
    -353.40078665981025,
    202.62026329859125,
    -480.46394510410136,
    -2034.8090125436484,
    465.75383319964016,
    -738.6972334765173,
    2248.988620568646,
    -1267.306436978397,
    621.0704819604031,
    -653.8522107449902,
    1918.5007629785066,
    2061.93878165945,
    -1371.8446131965516,
    751.7411222669544,
    937.1322848288822,
    96.59566041082775,
    1567.7165138527062,
    -702.433419604188,
    -1806.1822071735544,
    -1201.0523696173252,
    66.56812099595854,
    55.79936488402439,
    -264.8034801470099,
    -16.045759228269887,
    267.93387296888346,
    969.1181614584727,
    -562.8027760209776,
    1290.1873189315243,
    -1211.2677125329892,
    121.07411423197432,
    -558.4973355108624,
    -1419.4083068864204,
    404.78452275445153,
    210.7604910311067,
    1397.6732137047015,
    312.81654120429766,
    -1265.945049543,
    -1786.5935931342797,
    771.1221074264599,
    2432.9638502963435,
    -1370.2163577977944,
    1554.5884341097699,
    -551.3407639718134,
    -2381.112529745027,
    -667.1190700057665,
    50.017130874076315,
    269.7293949724302,
    1797.722534853049,
    -1433.2104845691179,
    434.0446338935838,
    -814.3074329308736,
    319.3456948124201,
    -1428.6086723406731,
    1657.9480355763037,
    -968.6468823312262,
    -911.553575829688,
    -1454.5349365972656,
    1230.6483987862277,
    -1120.220813304239,
    2632.6417218308643,
    -14.482133189217329,
    1426.9926831122516,
    1588.4764376642931,
    2287.096360418258,
    177.70802089415432,
    1682.9366815347244,
    -334.93912320220005,
    -1246.8338403993096,
    -130.64726884390538,
    814.2533527080074,
    1086.4744907577851,
    597.8378976044736,
    1167.454242164298,
    -1305.6263648461022,
    611.1509720272363,
    189.11737050863428,
    1414.4240972206808,
    -662.5461785004225,
    847.1588240575925,
    -1297.1994340432166,
    -292.59091342626203,
    -561.3293799074318,
    -234.18954466013162,
    -300.96810936836255,
    64.75678657005861,
    -255.39466864174747,
    -1418.4374493120672,
    -1062.8604397982049,
    -135.5211944367095,
    -1644.4065123967887,
    1545.9963108888917,
    67.56193705466896,
    888.270820052271,
    -368.96606743564587,
    -889.7889515996922,
    1794.0102588706304,
    -1050.0348213730917,
    171.25889533869116,
    999.0439910671467,
    -348.1665833438443,
    -824.4180490062959,
    -1373.7257062576653,
    -1182.6241220279346,
    682.3179924498277,
    -984.211835240594,
    -127.48039346852569,
    -454.17621797556836,
    1036.279633743672,
    21.43535255391372,
    509.9659430801995,
    689.4241717476156,
    -1148.886157559259,
    642.0205219971454,
    333.46167042903005,
    1057.020403729695,
    358.7389391182687,
    -1643.9223195451261,
    -51.86277123291974,
    -211.7486553276078,
    842.6950162612595,
    -1872.9467085127835,
    -764.7222892261768,
    137.32573857882105,
    1614.4192791159935
  ],
  "measurements": {
    "250000000": {
      "rate": 0.0,
      "temperature_start": 272840954.6118219,
      "temperature_end": 71105708.28906673,
      "temperature_interval": 274.0,
      "offset_increase_rate": 174328285.11645687
    },
    "375000000": {
      "rate": 0.0615234375,
      "temperature_start": 294635149.3748903,
      "temperature_end": 76785543.47884843,
      "temperature_interval": 274.0,
      "offset_increase_rate": 188253410.851137
    },
    "437500000": {
      "rate": 0.2041015625,
      "temperature_start": 304187119.93475986,
      "temperature_end": 79274904.48105629,
      "temperature_interval": 274.0,
      "offset_increase_rate": 194356521.9092039
    },
    "445312500": {
      "rate": 0.2333984375,
      "temperature_start": 305331388.74763167,
      "temperature_end": 79573115.0064083,
      "temperature_interval": 274.0,
      "offset_increase_rate": 195087638.0282777
    },
    "449218750": {
      "rate": 0.2470703125,
      "temperature_start": 306044523.6552194,
      "temperature_end": 79758966.73377022,
      "temperature_interval": 274.0,
      "offset_increase_rate": 195543286.5788163
    },
    "449462890": {
      "rate": 0.25,
      "temperature_start": 306010508.94632983,
      "temperature_end": 79750102.08230585,
      "temperature_interval": 274.0,
      "offset_increase_rate": 195521553.3097846
    },
    "449584960": {
      "rate": 0.248046875,
      "temperature_start": 305933710.7628705,
      "temperature_end": 79730087.53119875,
      "temperature_interval": 274.0,
      "offset_increase_rate": 195472484.07953808
    },
    "449600218": {
      "rate": 0.248046875,
      "temperature_start": 306142491.61691904,
      "temperature_end": 79784498.38944194,
      "temperature_interval": 274.0,
      "offset_increase_rate": 195605881.97173947
    },
    "449607847": {
      "rate": 0.25,
      "temperature_start": 306317632.070899,
      "temperature_end": 79830142.14570293,
      "temperature_interval": 274.0,
      "offset_increase_rate": 195717785.75480714
    },
    "449609754": {
      "rate": 0.2353515625,
      "temperature_start": 306112997.67136914,
      "temperature_end": 79776811.90450221,
      "temperature_interval": 274.0,
      "offset_increase_rate": 195587037.18739855
    },
    "449609992": {
      "rate": 0.2470703125,
      "temperature_start": 306233026.0902897,
      "temperature_end": 79808092.78663483,
      "temperature_interval": 274.0,
      "offset_increase_rate": 195663727.83109397
    },
    "449610111": {
      "rate": 0.244140625,
      "temperature_start": 306109028.36691594,
      "temperature_end": 79775777.45494545,
      "temperature_interval": 274.0,
      "offset_increase_rate": 195584501.05040467
    },
    "449610171": {
      "rate": 0.236328125,
      "temperature_start": 305930374.84612006,
      "temperature_end": 79729218.15026703,
      "temperature_interval": 274.0,
      "offset_increase_rate": 195470352.6376245
    },
    "449610231": {
      "rate": 0.2578125,
      "temperature_start": 305843179.30308807,
      "temperature_end": 79706493.91938403,
      "temperature_interval": 274.0,
      "offset_increase_rate": 195414640.14567775
    },
    "449610708": {
      "rate": 0.2509765625,
      "temperature_start": 305985348.0896281,
      "temperature_end": 79743544.85361019,
      "temperature_interval": 274.0,
      "offset_increase_rate": 195505477.09788626
    },
    "449611662": {
      "rate": 0.28125,
      "temperature_start": 306205482.26747835,
      "temperature_end": 79800914.52766421,
      "temperature_interval": 274.0,
      "offset_increase_rate": 195646129.0530693
    },
    "449615477": {
      "rate": 0.255859375,
      "temperature_start": 305977145.53770113,
      "temperature_end": 79741407.16769946,
      "temperature_interval": 274.0,
      "offset_increase_rate": 195500236.18083614
    },
    "449645995": {
      "rate": 0.2626953125,
      "temperature_start": 305963274.40327704,
      "temperature_end": 79737792.17947525,
      "temperature_interval": 274.0,
      "offset_increase_rate": 195491373.3945282
    },
    "449707031": {
      "rate": 0.26171875,
      "temperature_start": 305904520.12368786,
      "temperature_end": 79722480.09162852,
      "temperature_interval": 274.0,
      "offset_increase_rate": 195453833.08897325
    },
    "450195312": {
      "rate": 0.255859375,
      "temperature_start": 306449167.8621582,
      "temperature_end": 79864421.99058968,
      "temperature_interval": 274.0,
      "offset_increase_rate": 195801828.88885295
    },
    "451171875": {
      "rate": 0.259765625,
      "temperature_start": 306188266.18841076,