{
  "P": 27,
  "N": 115,
  "values": [
    915.9939223123032,
    480.8608170863189,
    1024.1478040431796,
    -960.996493386753,
    -270.9519362240611,
    1643.2635208538957,
    -1604.9215794774059,
    -186.56642067168085,
    1242.368419651924,
    1013.9510362940642,
    -273.9606701653242,
    449.8069823456451,
    2162.747949364049,
    -475.54259009011236,
    1184.768974563478,
    -707.4777307964273,
    1168.3779505950774,
    1036.6720589940385,
    455.36362496570547,
    486.31470151584705,
    -238.40638379761728,
    1328.435430565616,
    -1389.342451813231,
    -347.3305188539456,
    159.51338560639485,
    1568.3205141754943,
    -1001.1420438156429,
    2820.808760379912,
    1193.520912293559,
    -293.475096157833,
    442.7620430054304,
    -1208.629240918235,
    -90.82293250236451,
    116.15840806378887,
    213.96038725775878,
    563.0971662798287,
    987.13168991895,
    729.2401998618258,
    -61.322792870294236,
    1091.4156081265648,
    -1425.3518448047364,
    2258.4445449566733,
    -281.0479065162415,
    -455.57068419710623,
    -200.71862002950814,
    -161.384456877578,
    180.9605865328645,
    -1113.760827203913,
    690.7775559208571,
    -2143.350757122744,
    -497.88487458932485,
    -742.0546493170217,
    211.62042864572996,
    966.2423757814753,
    584.4990997639095,
    -1164.5441964349275,
    -596.9641311139624,
    -926.6120190119641,
    1204.2248522687119,
    828.1708017799613,
    38.08533549839716,
    572.4565916518231,
    -735.4233212559926,
    277.46505151897867,
    -9.309263327536769,
    915.1200059029452,
    -1186.1772994755775,
    -1867.9828837479297,
    -939.865805567505,
    -62.028025575787915,
    710.5411301866055,
    307.27271560533063,
    624.9314725142107,
    1492.8292014089368,
    144.52935890443123,
    -1220.6181691889033,
    -616.7800303867132,
    1094.8308940541974,
    1245.81352297057,
    -800.9048142051182,
    1047.6515789798775,
    193.5522476174895,
    585.1610814581605,
    1076.8420974085675,
    -651.762690391317,
    -1250.8650215190225,
    -2603.4578138743614,
    566.4646010795989,
    246.24224261772292,
    -1657.8768826012706,
    257.7457709818241,
    1050.1393670272444,
    -1096.0102223381195,
    -111.07272487191983,
    -1279.373071088073,
    -2307.7417913004097,
    -132.78911652314105,
    240.42631625893742,
    -1119.820760619877,
    -253.75514372770886,
    435.6667957388763,
    1032.8211555092537,
    -925.3933100727527,
    -1912.7909751031295,
    -1878.4586046940242,
    563.1459748016257,
    -564.8193140350779,
    -701.2851121957461,
    362.3301608995222,
    361.8893002240009,
    -289.41721969064866,
    294.06323484876947,
    1269.9044980352332,
    -1097.6546359176712,
    -1507.5453169529244
  ],
  "measurements": {
    "250000000": {
      "rate": 0.0009765625,
      "temperature_start": 245999892.6581784,
      "temperature_end": 65330681.18348983,
      "temperature_interval": 310.0,
      "offset_increase_rate": 160252468.98898876
    },
    "375000000": {
      "rate": 0.0849609375,
      "temperature_start": 265140002.7082163,
      "temperature_end": 70413758.31000485,
      "temperature_interval": 310.0,
      "offset_increase_rate": 172720969.92651373
    },
    "406250000": {
      "rate": 0.1455078125,
      "temperature_start": 269412671.2760449,
      "temperature_end": 71548459.40678701,
      "temperature_interval": 310.0,
      "offset_increase_rate": 175504327.59292373
    },
    "421875000": {
      "rate": 0.20703125,
      "temperature_start": 271140632.8411592,
      "temperature_end": 72007357.59933487,
      "temperature_interval": 310.0,
      "offset_increase_rate": 176629978.92608273
    },
    "429687500": {
      "rate": 0.2109375,
      "temperature_start": 272236841.6324769,
      "temperature_end": 72298479.95017113,
      "temperature_interval": 310.0,
      "offset_increase_rate": 177344085.60083723
    },
    "433593750": {
      "rate": 0.2373046875,
      "temperature_start": 272396781.16575885,
      "temperature_end": 72340955.41040233,
      "temperature_interval": 310.0,
      "offset_increase_rate": 177448275.5044198
    },
    "435546875": {
      "rate": 0.244140625,
      "temperature_start": 273226711.8215279,
      "temperature_end": 72561361.74672455,
      "temperature_interval": 310.0,
      "offset_increase_rate": 177988919.79186034
    },
    "436523437": {
      "rate": 0.234375,
      "temperature_start": 273552961.6403937,
      "temperature_end": 72648004.56055743,
      "temperature_interval": 310.0,
      "offset_increase_rate": 178201449.7178514
    },
    "437011718": {
      "rate": 0.2470703125,
      "temperature_start": 273272869.236718,
      "temperature_end": 72573619.86335808,
      "temperature_interval": 310.0,
      "offset_increase_rate": 178018988.25923422
    },
    "437255859": {
      "rate": 0.2490234375,
      "temperature_start": 273266705.915514,
      "temperature_end": 72571983.05787715,
      "temperature_interval": 310.0,
      "offset_increase_rate": 178014973.2678883
    },
    "437377929": {
      "rate": 0.24609375,
      "temperature_start": 273651290.6751226,
      "temperature_end": 72674117.99804534,
      "temperature_interval": 310.0,
      "offset_increase_rate": 178265504.50429198
    },
    "437438964": {
      "rate": 0.2421875,
      "temperature_start": 273217550.69569004,
      "temperature_end": 72558928.80829954,
      "temperature_interval": 310.0,
      "offset_increase_rate": 177982951.93139353
    },
    "437454223": {
      "rate": 0.21875,
      "temperature_start": 273175708.6898185,
      "temperature_end": 72547816.74350905,
      "temperature_interval": 310.0,
      "offset_increase_rate": 177955694.6644252
    },
    "437461852": {
      "rate": 0.23828125,
      "temperature_start": 272943899.9777017,
      "temperature_end": 72486254.84239107,
      "temperature_interval": 310.0,
      "offset_increase_rate": 177804686.79995635
    },
    "437462328": {
      "rate": 0.248046875,
      "temperature_start": 273371203.33541477,
      "temperature_end": 72599734.64569399,
      "temperature_interval": 310.0,
      "offset_increase_rate": 178083046.3445109
    },
    "437462566": {
      "rate": 0.2490234375,
      "temperature_start": 273192541.0922066,
      "temperature_end": 72552286.95811805,
      "temperature_interval": 310.0,
      "offset_increase_rate": 177966659.8482412
    },
    "437462685": {
      "rate": 0.2431640625,
      "temperature_start": 273344905.43501514,
      "temperature_end": 72592750.65993595,
      "temperature_interval": 310.0,
      "offset_increase_rate": 178065915.02212408
    },
    "437462745": {
      "rate": 0.2451171875,
      "temperature_start": 272968283.847283,
      "temperature_end": 72492730.51517461,
      "temperature_interval": 310.0,
      "offset_increase_rate": 177820571.2593425
    },
    "437462805": {
      "rate": 0.2568359375,
      "temperature_start": 273167553.6917877,
      "temperature_end": 72545651.0044486,
      "temperature_interval": 310.0,
      "offset_increase_rate": 177950382.22889966
    },
    "437463759": {
      "rate": 0.2529296875,
      "temperature_start": 272810488.2357457,
      "temperature_end": 72450824.42050886,
      "temperature_interval": 310.0,
      "offset_increase_rate": 177717777.97731605
    },
    "437465667": {
      "rate": 0.267578125,
      "temperature_start": 273554096.52189046,
      "temperature_end": 72648305.95329565,
      "temperature_interval": 310.0,
      "offset_increase_rate": 178202189.017206
    },
    "437469482": {
      "rate": 0.2568359375,
      "temperature_start": 273187943.7941944,
      "temperature_end": 72551066.04453352,
      "temperature_interval": 310.0,
      "offset_increase_rate": 177963665.01621437
    },
    "437500000": {
      "rate": 0.25390625,
      "temperature_start": 273159117.28814876,
      "temperature_end": 72543410.53194058,