{
  "P": 21,
  "N": 119,
  "values": [
    -2076.9239401491977,
    107.68457199589021,
    209.0350103846462,
    917.5135663940367,
    -602.0888425421671,
    -1400.5330299185136,
    -2276.1774699446505,
    -1366.9957813540896,
    -346.33361323171965,
    1134.7845438110623,
    -1146.7023109458128,
    667.6466144903834,
    12.317759590876868,
    1127.0520918929396,
    0.4569505063763814,
    -733.993571064783,
    31.43266592709567,
    885.1895584861107,
    -723.303079307252,
    -292.9487163934538,
    1674.1445929321212,
    759.1150328972359,
    239.05907367111394,
    -192.9905439271094,
    -579.9099901918325,
    622.8884338167745,
    -660.8737700580147,
    1868.0226552232855,
    -339.26111641994845,
    441.90452551642585,
    -549.2133541346867,
    18.34480308094428,
    403.7550578691045,
    -360.66577127157024,
    500.5635419829367,
    1218.8835087038156,
    -185.9366600055251,
    177.8472519015611,
    301.541331008709,
    -171.89071833733286,
    348.8693405471164,
    -839.7536284667357,
    102.09938605234416,
    1325.5197823045298,
    296.05874521759176,
    -1444.7833523060635,
    -359.0263520634811,
    -345.728849928601,
    1692.7904042787497,
    860.6388906602053,
    -1463.3224132266116,
    -2368.1042463133113,
    -154.83228702086075,
    -1301.9514837637453,
    -1319.660614134954,
    -643.0993018855131,
    797.4291856762511,
    381.88210085053396,
    -266.49649323312417,
    1116.2403365733737,
    -950.4981947723435,
    1805.5453029716614,
    2648.9151315338486,
    384.5979433649043,
    197.49029130218324,
    1352.298183102939,
    -32.48497741709439,
    -1051.5162981499352,
    271.4825230614103,
    223.59731856403275,
    33.84136412839608,
    -69.0515909477827,
    -455.07350670152425,
    599.6125753076342,
    333.23142807908704,
    -964.6287820127621,
    501.6463891462024,
    404.0379660569825,
    272.4302788059894,
    282.25262890992025,
    -1227.4000092172248,
    426.56131268104775,
    -84.15869552158682,
    -947.4190794871646,
    -871.7480746196651,
    1172.7747610155466,
    870.0454984689812,
    745.2181819420022,
    2289.9479864450973,
    -855.6763639642927,
    -41.8431268673318,
    -1510.725360484103,
    266.571878312221,
    593.1108103443269,
    29.930426411407,
    999.5054555283677,
    792.8820338032288,
    -579.4936883430825,
    793.4902782655116,
    -266.6245600522213,
    89.2836567624841,
    1606.0284119298053,
    -136.46621462424474,
    -1632.735452582402,
    319.7259519786224,
    5.680540787573015,
    -402.92012082064446,
    -646.2116429918059,
    939.9378837692385,
    195.84457357073882,
    -404.36117447498145,
    -473.01290923892157,
    506.0682327393911,
    1767.00559041129,
    -185.21588697647718,
    -450.0842050176393,
    1084.0350591274805,
    443.4595164774336,
    -67.16243251776795
  ],
  "measurements": {
    "250000000": {
      "rate": 0.00390625,
      "temperature_start": 206124730.72653452,
      "temperature_end": 52959300.60085693,
      "temperature_interval": 249.0,
      "offset_increase_rate": 129804731.63487995
    },
    "375000000": {
      "rate": 0.21875,
      "temperature_start": 226243685.20491898,
      "temperature_end": 58128431.7101623,
      "temperature_interval": 249.0,
      "offset_increase_rate": 142474417.01244769
    },
    "382812500": {
      "rate": 0.236328125,
      "temperature_start": 227430163.59249806,
      "temperature_end": 58433271.7231134,
      "temperature_interval": 249.0,
      "offset_increase_rate": 143221588.43698972
    },
    "386718750": {
      "rate": 0.2421875,
      "temperature_start": 228064428.1968481,
      "temperature_end": 58596232.32334735,
      "temperature_interval": 249.0,
      "offset_increase_rate": 143621009.44029665
    },
    "386718988": {
      "rate": 0.2451171875,
      "temperature_start": 227779199.14683747,
      "temperature_end": 58522948.87527993,
      "temperature_interval": 249.0,
      "offset_increase_rate": 143441389.65299308
    },
    "386719047": {
      "rate": 0.2822265625,
      "temperature_start": 228205853.7554039,
      "temperature_end": 58632568.56811431,
      "temperature_interval": 249.0,
      "offset_increase_rate": 143710070.59569484
    },
    "386719107": {
      "rate": 0.275390625,
      "temperature_start": 228258382.28353667,
      "temperature_end": 58646064.63965166,
      "temperature_interval": 249.0,
      "offset_increase_rate": 143743149.84568787
    },
    "386719226": {
      "rate": 0.2744140625,
      "temperature_start": 228184138.50868255,
      "temperature_end": 58626989.304167256,
      "temperature_interval": 249.0,
      "offset_increase_rate": 143696395.66322497
    },
    "386719703": {
      "rate": 0.26171875,
      "temperature_start": 228056778.58419198,
      "temperature_end": 58594266.92048323,
      "temperature_interval": 249.0,
      "offset_increase_rate": 143616192.18273395
    },
    "386720657": {
      "rate": 0.279296875,
      "temperature_start": 227884356.710434,
      "temperature_end": 58549966.84154402,
      "temperature_interval": 249.0,
      "offset_increase_rate": 143507611.44634077
    },
    "386722564": {
      "rate": 0.2822265625,
      "temperature_start": 228155104.15767547,
      "temperature_end": 58619529.55434822,
      "temperature_interval": 249.0,
      "offset_increase_rate": 143678111.60712272
    },
    "386726379": {
      "rate": 0.2919921875,
      "temperature_start": 228065982.51236403,
      "temperature_end": 58596631.6711711,
      "temperature_interval": 249.0,
      "offset_increase_rate": 143621988.253017
    },
    "386734008": {
      "rate": 0.279296875,
      "temperature_start": 228110326.72430128,
      "temperature_end": 58608024.959310845,
      "temperature_interval": 249.0,
      "offset_increase_rate": 143649913.52190533
    },
    "386749267": {
      "rate": 0.251953125,
      "temperature_start": 228205610.47867328,
      "temperature_end": 58632506.06340921,
      "temperature_interval": 249.0,
      "offset_increase_rate": 143709917.39490896
    },
    "386779785": {
      "rate": 0.26953125,
      "temperature_start": 228226262.9641419,
      "temperature_end": 58637812.273790814,
      "temperature_interval": 249.0,
      "offset_increase_rate": 143722923.06542894
    },
    "386840820": {
      "rate": 0.265625,
      "temperature_start": 228362454.45912385,
      "temperature_end": 58672803.73889356,
      "temperature_interval": 249.0,
      "offset_increase_rate": 143808688.12814012
    },
    "386962890": {
      "rate": 0.2744140625,
      "temperature_start": 228043421.30061415,
      "temperature_end": 58590835.054769136,
      "temperature_interval": 249.0,
      "offset_increase_rate": 143607780.58358198
    },
    "387207031": {
      "rate": 0.267578125,
      "temperature_start": 228201157.26003927,
      "temperature_end": 58631361.904998675,
      "temperature_interval": 249.0,
      "offset_increase_rate": 143707113.03054348
    },
    "387695312": {
      "rate": 0.2734375,
      "temperature_start": 228051322.5313629,
      "temperature_end": 58592865.10547127,
      "temperature_interval": 249.0,
      "offset_increase_rate": 143612756.2948094
    },
    "388671875": {
      "rate": 0.2724609375,
      "temperature_start": 228311299.9461969,
      "temperature_end": 58659660.69090685,
      "temperature_interval": 249.0,
      "offset_increase_rate": 143776474.1487744
    },
    "390625000": {
      "rate": 0.2802734375,
      "temperature_start": 228653963.67484936,
      "temperature_end": 58747700.739991456,
      "temperature_interval": 249.0,
      "offset_increase_rate": 143992262.7791923
    },
    "406250000": {
      "rate": 0.330078125,
      "temperature_start": 231004678.24474323,
      "temperature_end": 59351666.11132278,
      "temperature_interval": 249.0,
      "offset_increase_rate": 145472598.84958887
    },
    "437500000": {
      "rate": 0.46484375,