{
  "P": 19,
  "N": 134,
  "values": [
    -515.9570452267772,
    1336.188108367756,
    -1044.6988136671955,
    -109.52017685482596,
    781.3131011637121,
    51.49072819152258,
    -1536.0442634602691,
    -78.36968250991004,
    -1189.3924504634283,
    -1556.7455337283625,
    911.318255952296,
    535.3737721458815,
    -617.7571768159017,
    -793.4658433937267,
    -122.45527276975437,
    2189.076457432425,
    425.66675457347935,
    -1479.7143556186493,
    652.9928428935583,
    226.47278179246175,
    -921.461573486699,
    420.44351482458234,
    -397.52558711834826,
    1346.3609029720453,
    -652.1788586255645,
    -1088.043435725919,
    -686.0164464285789,
    2646.1925465348672,
    2562.4508378808323,
    2861.6831823444686,
    -509.4823672426713,
    -1583.5545962160256,
    1435.0701020143595,
    1593.6701753036873,
    -485.4922452013596,
    -56.76134967282254,
    941.9758482669961,
    -868.7661151833368,
    -599.7640456400479,
    1271.4699923179155,
    1065.5560907476795,
    10.13731669446811,
    917.401007698172,
    74.7712959351736,
    883.1132151992989,
    889.9271826344723,
    -212.32671020758212,
    618.9987667481043,
    -484.75870439188037,
    145.99113273210344,
    -556.1612098944832,
    -2089.6683082107747,
    869.9760894353649,
    1934.0046383874067,
    769.4589190777508,
    951.2466000103498,
    -3128.162830122312,
    390.12387789440294,
    -1160.6939425050175,
    213.22859064169285,
    -1278.5423392340354,
    200.27491616603322,
    -1209.296873668425,
    189.08651386909685,
    -208.13828753445992,
    491.38639244413184,
    575.1848982250638,
    1278.762701221854,
    499.58059787734487,
    888.5308619153841,
    -2342.6009206261056,
    2330.3200727449052,
    -923.8248495947531,
    -750.79654262098,
    -934.5045430685159,
    183.2035073599163,
    -1043.6679646659618,
    1082.4780960942537,
    -549.2316495533913,
    1467.8144583172054,
    346.04829571485783,
    -1463.1052133004437,
    215.65192936330652,
    606.5535717441688,
    942.6258228684663,
    -370.1348604515246,
    2358.287268645662,
    -1136.2051575823991,
    -343.70221844855115,
    -955.0089040723399,
    -1005.2847287484186,
    563.6679098035374,
    -693.5631753104334,
    1748.6553516927572,
    -1473.1176656914558,
    -481.46843222361287,
    580.3612368282439,
    -182.41480663797554,
    5.774003100252612,
    -723.4750290162394,
    -1620.202021174698,
    702.6992008817188,
    -615.4303640023367,
    795.3337799671148,
    -1710.6353428624543,
    410.40278409144815,
    -1361.9643312972576,
    -288.70289305759206,
    172.99228238581713,
    945.0793948465101,
    626.4966136643366,
    687.9521587611845,
    398.68110267266974,
    2447.3601802231933,
    621.2455541289595,
    71.66772226708592,
    890.0255211985482,
    -1480.111528430429,
    -1423.151482456092,
    628.6600738598544,
    1201.1848570243683,
    469.75374597181155,
    1011.7568921401626,
    1453.0578493116147,
    2107.36590177184,
    546.2215672758964,
    2603.6858388500855,
    2084.136192373081,
    1588.0579375507132,
    844.4184120545042,
    -780.9455549737821,
    -126.48044272694933,
    1476.4860626446468,
    -243.77064774310304
  ],
  "measurements": {
    "500000000": {
      "rate": 0.0849609375,
      "temperature_start": 344347333.0767463,
      "temperature_end": 88730110.95813829,
      "temperature_interval": 254.0,
      "offset_increase_rate": 217489893.00027603
    },
    "562500000": {
      "rate": 0.181640625,
      "temperature_start": 353597699.01686525,
      "temperature_end": 91113710.0670276,
      "temperature_interval": 254.0,
      "offset_increase_rate": 223332427.28260624
    },
    "578125000": {
      "rate": 0.2216796875,
      "temperature_start": 356288840.14556056,
      "temperature_end": 91807153.07650176,
      "temperature_interval": 254.0,
      "offset_increase_rate": 225032152.93722063
    },
    "582031250": {
      "rate": 0.2099609375,
      "temperature_start": 355829007.1664341,
      "temperature_end": 91688665.06355406,
      "temperature_interval": 254.0,
      "offset_increase_rate": 224741722.27079254
    },
    "583984375": {
      "rate": 0.2333984375,
      "temperature_start": 356776767.262831,
      "temperature_end": 91932880.28010185,
      "temperature_interval": 254.0,
      "offset_increase_rate": 225340327.87088105
    },
    "584960937": {
      "rate": 0.2490234375,
      "temperature_start": 356498019.5443555,
      "temperature_end": 91861053.62830621,
      "temperature_interval": 254.0,
      "offset_increase_rate": 225164270.71683365
    },
    "585449218": {
      "rate": 0.22265625,
      "temperature_start": 356792001.04292357,
      "temperature_end": 91936805.66260982,
      "temperature_interval": 254.0,
      "offset_increase_rate": 225349949.53158253
    },
    "585571288": {
      "rate": 0.2333984375,
      "temperature_start": 357074204.3016285,
      "temperature_end": 92009522.72486758,
      "temperature_interval": 254.0,
      "offset_increase_rate": 225528189.20601726
    },
    "585632323": {
      "rate": 0.240234375,
      "temperature_start": 356545017.62836623,
      "temperature_end": 91873163.91582271,
      "temperature_interval": 254.0,
      "offset_increase_rate": 225193954.72272205
    },
    "585662841": {
      "rate": 0.234375,
      "temperature_start": 356631926.80020124,
      "temperature_end": 91895558.34063587,
      "temperature_interval": 254.0,
      "offset_increase_rate": 225248846.58529073
    },
    "585678100": {
      "rate": 0.2470703125,
      "temperature_start": 356864661.59945947,
      "temperature_end": 91955528.55843163,
      "temperature_interval": 254.0,
      "offset_increase_rate": 225395841.96386927
    },
    "585681914": {
      "rate": 0.236328125,
      "temperature_start": 356777171.60572964,
      "temperature_end": 91932984.46964192,
      "temperature_interval": 254.0,
      "offset_increase_rate": 225340583.25399375
    },
    "585683821": {
      "rate": 0.2392578125,
      "temperature_start": 356567434.5304456,
      "temperature_end": 91878940.21788105,
      "temperature_interval": 254.0,
      "offset_increase_rate": 225208113.24571997
    },
    "585684059": {
      "rate": 0.244140625,
      "temperature_start": 356931347.0005163,
      "temperature_end": 91972711.79891789,
      "temperature_interval": 254.0,
      "offset_increase_rate": 225437960.48591775
    },
    "585684178": {
      "rate": 0.2392578125,
      "temperature_start": 356677040.81320333,
      "temperature_end": 91907183.14790148,
      "temperature_interval": 254.0,
      "offset_increase_rate": 225277340.61128762
    },
    "585684238": {
      "rate": 0.244140625,
      "temperature_start": 356803931.1833437,
      "temperature_end": 91939879.77581339,
      "temperature_interval": 254.0,
      "offset_increase_rate": 225357484.6123403
    },
    "585684298": {
      "rate": 0.2509765625,
      "temperature_start": 357044675.53608954,
      "temperature_end": 92001913.86488509,
      "temperature_interval": 254.0,
      "offset_increase_rate": 225509538.827633
    },
    "585684775": {
      "rate": 0.2861328125,
      "temperature_start": 356957887.66145027,
      "temperature_end": 91979550.69547194,
      "temperature_interval": 254.0,
      "offset_increase_rate": 225454723.57641453
    },
    "585685729": {
      "rate": 0.2548828125,
      "temperature_start": 356584039.8075731,
      "temperature_end": 91883219.00252809,
      "temperature_interval": 254.0,
      "offset_increase_rate": 225218601.14441645
    },
    "585693359": {
      "rate": 0.2509765625,
      "temperature_start": 357358964.16703236,
      "temperature_end": 92082898.5638147,
      "temperature_interval": 254.0,
      "offset_increase_rate": 225708043.6341149
    },
    "585937500": {
      "rate": 0.2607421875,
      "temperature_start": 356443747.40313864,
      "temperature_end": 91847068.98939793,