{
  "P": 17,
  "N": 90,
  "values": [
    -748.1833777353565,
    212.01751267695752,
    -525.7009514163564,
    162.25851452738056,
    544.1888878666703,
    -992.7746927824759,
    964.6015588002423,
    -1144.6109560419159,
    808.7232794907621,
    1331.5713184915473,
    -152.89817042245193,
    -717.6650196602427,
    -1348.4964083329485,
    3456.961479581426,
    341.46263461483454,
    604.1587518884329,
    1045.61634536216,
    -189.51834965098112,
    -2240.8004874973494,
    759.4006877651068,
    -1416.0678524338857,
    -1246.4415916196945,
    1219.6108985079507,
    -210.37164420479783,
    82.08096813981051,
    -1277.1072820976624,
    -2596.1842641084468,
    1221.3303926117433,
    -328.56340123535847,
    971.7082354203638,
    -538.2642866993415,
    -917.9668062362675,
    746.1405038342382,
    827.8279940519545,
    -106.66227005278398,
    149.99170934129734,
    524.5966446200263,
    506.2654473434284,
    -1096.141213558882,
    785.5283330533523,
    -2023.773473645059,
    966.6606118615837,
    -569.5445497702244,
    -1194.1238821617458,
    -503.2378318214661,
    -336.2023202739326,
    -338.12589454125833,
    -261.6608835246659,
    867.792102248404,
    92.28233943381792,
    1449.85156593645,
    2019.0874360430703,
    1066.7955445923803,
    598.7290213821485,
    -35.726842094013996,
    784.1674476421545,
    2187.2023731431505,
    71.24630749848257,
    -641.531802495686,
    -170.65949234439043,
    -3.273399207178647,
    532.1748867340682,
    656.7172995579882,
    254.2851703110171,
    -1899.9824483685131,
    -1310.2159200907272,
    -1391.8067496212293,
    1087.9629987928256,
    -223.45822304324702,
    -958.7797567227503,
    323.84293302277996,
    905.4589089266524,
    291.37026723732936,
    -1281.766243452486,
    154.7835011450713,
    -108.89556962456663,
    566.0425039333135,
    -813.0778479003169,
    704.9311164630261,
    1600.127586163372,
    -550.4965450362976,
    2102.950251701608,
    1407.2495118401944,
    532.123290861737,
    231.86860802957045,
    54.28614494375382,
    -312.3278848968802,
    161.1232043296902,
    -143.02775952709592,
    -610.4721959826219
  ],
  "measurements": {
    "500000000": {
      "rate": 0.0146484375,
      "temperature_start": 306314743.0188049,
      "temperature_end": 72545677.50062293,
      "temperature_interval": 153.0,
      "offset_increase_rate": 177887630.06448
    },
    "625000000": {
      "rate": 0.1220703125,
      "temperature_start": 326299613.33682674,
      "temperature_end": 77278769.81833082,
      "temperature_interval": 153.0,
      "offset_increase_rate": 189493539.66903543
    },
    "687500000": {
      "rate": 0.216796875,
      "temperature_start": 336100555.81765693,
      "temperature_end": 79599964.04296799,
      "temperature_interval": 153.0,
      "offset_increase_rate": 195185288.0097483
    },
    "691406250": {
      "rate": 0.2373046875,
      "temperature_start": 336750513.89824426,
      "temperature_end": 79753896.07000175,
      "temperature_interval": 153.0,
      "offset_increase_rate": 195562741.2836504
    },
    "691894531": {
      "rate": 0.2236328125,
      "temperature_start": 336728276.0304221,
      "temperature_end": 79748629.39177585,
      "temperature_interval": 153.0,
      "offset_increase_rate": 195549826.97999796
    },
    "692138671": {
      "rate": 0.2490234375,
      "temperature_start": 336772840.05783033,
      "temperature_end": 79759183.65869956,
      "temperature_interval": 153.0,
      "offset_increase_rate": 195575706.86140245
    },
    "692199706": {
      "rate": 0.2431640625,
      "temperature_start": 337676483.08453023,
      "temperature_end": 79973196.84965667,
      "temperature_interval": 153.0,
      "offset_increase_rate": 196100483.81095362
    },
    "692207335": {
      "rate": 0.2333984375,
      "temperature_start": 336734088.38285553,
      "temperature_end": 79750005.95315517,
      "temperature_interval": 153.0,
      "offset_increase_rate": 195553202.41530776
    },
    "692211149": {
      "rate": 0.240234375,
      "temperature_start": 336992016.353099,
      "temperature_end": 79811092.00850879,
      "temperature_interval": 153.0,
      "offset_increase_rate": 195702990.16271347
    },
    "692213056": {
      "rate": 0.2314453125,
      "temperature_start": 336762349.1002655,
      "temperature_end": 79756699.04559648,
      "temperature_interval": 153.0,
      "offset_increase_rate": 195569614.39729214
    },
    "692213533": {
      "rate": 0.2392578125,
      "temperature_start": 336876429.7245133,
      "temperature_end": 79783717.19070497,
      "temperature_interval": 153.0,
      "offset_increase_rate": 195635864.98544115
    },
    "692213771": {
      "rate": 0.232421875,
      "temperature_start": 336608518.46951306,
      "temperature_end": 79720266.75631684,
      "temperature_interval": 153.0,
      "offset_increase_rate": 195480279.59719014
    },
    "692213890": {
      "rate": 0.244140625,
      "temperature_start": 336780907.80506146,
      "temperature_end": 79761094.37374716,
      "temperature_interval": 153.0,
      "offset_increase_rate": 195580392.0829519
    },
    "692213950": {
      "rate": 0.2626953125,
      "temperature_start": 336868982.54423034,
      "temperature_end": 79781953.44687152,
      "temperature_interval": 153.0,
      "offset_increase_rate": 195631540.14871234
    },
    "692214010": {
      "rate": 0.263671875,
      "temperature_start": 336921020.8478318,
      "temperature_end": 79794277.87485544,
      "temperature_interval": 153.0,
      "offset_increase_rate": 195661760.6023836
    },
    "692214964": {
      "rate": 0.2548828125,
      "temperature_start": 336592093.63296187,
      "temperature_end": 79716376.80024192,
      "temperature_interval": 153.0,
      "offset_increase_rate": 195470741.12307203
    },
    "692230223": {
      "rate": 0.2548828125,
      "temperature_start": 337001805.7846574,
      "temperature_end": 79813410.47655818,
      "temperature_interval": 153.0,
      "offset_increase_rate": 195708675.22626096
    },
    "692260741": {
      "rate": 0.2509765625,
      "temperature_start": 337057322.6681677,
      "temperature_end": 79826558.74976008,
      "temperature_interval": 153.0,
      "offset_increase_rate": 195740915.81232905
    },
    "692382812": {
      "rate": 0.2568359375,
      "temperature_start": 336915528.73111475,
      "temperature_end": 79792977.15611032,
      "temperature_interval": 153.0,
      "offset_increase_rate": 195658571.13909757
    },
    "693359375": {
      "rate": 0.2607421875,
      "temperature_start": 337138274.8647486,
      "temperature_end": 79845730.96422239,
      "temperature_interval": 153.0,
      "offset_increase_rate": 195787927.56976634
    },
    "695312500": {
      "rate": 0.25390625,
      "temperature_start": 337327643.8553017,
      "temperature_end": 79890579.93747745,
      "temperature_interval": 153.0,
      "offset_increase_rate": 195897900.7320282
    },
    "703125000": {
      "rate": 0.275390625,
      "temperature_start": 338245201.2535894,
      "temperature_end": 80107888.5216105,
      "temperature_interval": 153.0,
      "offset_increase_rate": 196430758.24133688
    },
    "718750000": {
      "rate": 0.3017578125,
      "temperature_start": 340799692.3533528,
      "temperature_end": 80712878.29675254,
      "temperature_interval": 153.0,
      "offset_increase_rate": 197914240.11125723
    },
    "750000000": {
      "rate": 0.369140625,
      "temperature_start": 346076666.18288743,
      "temperature_end": 81962643.93925428,
      "temperature_interval": 153.0,
      "offset_increase_rate": 200978762.436226
    },
    "781250000": {
      "rate": 0.44140625,
      "temperature_start": 350927469.1502916,
      "temperature_end": 83111477.92688498,
      "temperature_interval": 153.0,
      "offset_increase_rate": 203795792.5121447
    },
    "796875000": {
      "rate": 0.4794921875,