{
  "P": 28,
  "N": 130,
  "values": [
    -426.4622292369318,
    83.56548750277089,
    1077.0752618926394,
    681.6537225973226,
    -1311.4927497413016,
    821.0945150148742,
    322.2452444223578,
    -188.66180722833275,
    -145.23960719051922,
    -462.3241466136895,
    779.2020104283712,
    -320.35544428323885,
    -209.8266906470981,
    -2108.2138085947527,
    -1173.4984659697125,
    1299.3348859675834,
    -1029.962704056378,
    972.4904178840754,
    -1025.929003788145,
    1231.1875310946232,
    1330.4267660026644,
    655.0171166168125,
    -1781.050481727943,
    64.4542437583816,
    -1095.6877478823483,
    -378.8845892099247,
    -2473.85508543291,
    386.38693530698987,
    -1350.8277490791115,
    -751.5546981691485,
    -658.7352527038221,
    -943.747048998067,
    -643.789435330732,
    955.0407753246101,
    610.6945054299588,
    264.81579537634343,
    427.8934046133424,
    974.2424246098124,
    -970.8897414765581,
    20.801981271272204,
    -151.99057230066873,
    -524.087102623535,
    1224.6178670645327,
    -297.5087036950053,
    -1455.789766905024,
    1383.55023944488,
    643.4606894772793,
    1906.0053439190692,
    340.3629986540139,
    1617.5114185933473,
    1794.388048496213,
    227.96556335856891,
    130.6434247139449,
    -1759.784240831005,
    882.9954953398071,
    872.6918403341481,
    274.74332903791554,
    577.1475763444688,
    190.2213150189868,
    -2269.5868687755055,
    1791.1397645144677,
    -407.1079214892206,
    -1555.1536800659364,
    -876.7597570205776,
    -700.0441914876393,
    514.9825467499287,
    -221.68054803286893,
    -220.57192074014637,
    -70.42323923504318,
    24.917576267297438,
    -522.8006463554326,
    360.24556281614167,
    -185.83749621693795,
    150.96094094595142,
    -2340.9073738128077,
    828.0552043545752,
    -223.87286908478404,
    -1459.4976560934738,
    1518.8389765045633,
    -936.9444490880101,
    -773.2338619207821,
    2247.2093187088217,
    921.5210696933932,
    776.9568247517147,
    871.25303188303,
    651.1315652337283,
    -238.42253471027712,
    577.5303030648613,
    2755.537796439183,
    262.7438784150949,
    -1466.3249373490576,
    -699.5764368971687,
    57.33999030440781,
    98.66045938721146,
    269.05032560015076,
    -309.07561102349695,
    -1263.078546493638,
    -271.0875039780251,
    322.21286253718205,
    -712.6050053033331,
    -848.9864516889144,
    96.37336401892524,
    -1438.769515127693,
    -671.9339392530753,
    -1023.7982063483392,
    -34.17650349673388,
    -663.9324328104836,
    -1942.264979657424,
    -1574.4678133179473,
    1772.0750275434245,
    623.8359563263067,
    142.56883879872126,
    880.813460823811,
    1032.1831450375455,
    2316.606150029849,
    967.942245638698,
    -1017.9110640187952,
    -55.62423358080698,
    198.76541020263787,
    -1684.7843107340002,
    232.04845828299528,
    -2148.2266747211393,
    -1006.040880513829,
    -220.5015467935746,
    1346.2419268498072,
    1651.8494414906097,
    -234.62301910198227,
    1199.462602818092,
    -1631.9499089797293,
    -336.58573581176995
  ],
  "measurements": {
    "250000000": {
      "rate": 0.0,
      "temperature_start": 255620323.08842665,
      "temperature_end": 69478455.39547831,
      "temperature_interval": 364.0,
      "offset_increase_rate": 170580345.58212674
    },
    "375000000": {
      "rate": 0.0615234375,
      "temperature_start": 275807893.90074265,
      "temperature_end": 74965504.39565249,
      "temperature_interval": 364.0,
      "offset_increase_rate": 184051898.87656987
    },
    "437500000": {
      "rate": 0.203125,
      "temperature_start": 284716694.9909327,
      "temperature_end": 77386946.21097264,
      "temperature_interval": 364.0,
      "offset_increase_rate": 189996912.75624233
    },
    "453125000": {
      "rate": 0.2470703125,
      "temperature_start": 286644095.06622785,
      "temperature_end": 77910819.97242749,
      "temperature_interval": 364.0,
      "offset_increase_rate": 191283103.8029735
    },
    "453125059": {
      "rate": 0.2763671875,
      "temperature_start": 286798861.1252247,
      "temperature_end": 77952885.90285441,
      "temperature_interval": 364.0,
      "offset_increase_rate": 191386382.16327405
    },
    "453125119": {
      "rate": 0.25390625,
      "temperature_start": 286864625.4867431,
      "temperature_end": 77970760.87540418,
      "temperature_interval": 364.0,
      "offset_increase_rate": 191430267.9833812
    },
    "453125238": {
      "rate": 0.2802734375,
      "temperature_start": 286923999.22185177,
      "temperature_end": 77986898.85440588,
      "temperature_interval": 364.0,
      "offset_increase_rate": 191469889.21588326
    },
    "453125476": {
      "rate": 0.259765625,
      "temperature_start": 286563557.0569718,
      "temperature_end": 77888929.47320533,
      "temperature_interval": 364.0,
      "offset_increase_rate": 191229359.24430382
    },
    "453125953": {
      "rate": 0.2705078125,
      "temperature_start": 286705373.69305265,
      "temperature_end": 77927475.70734365,
      "temperature_interval": 364.0,
      "offset_increase_rate": 191323996.2062624
    },
    "453126907": {
      "rate": 0.267578125,
      "temperature_start": 286652760.9694203,
      "temperature_end": 77913175.393785,
      "temperature_interval": 364.0,
      "offset_increase_rate": 191288886.72642612
    },
    "453128814": {
      "rate": 0.27734375,
      "temperature_start": 286733376.6776259,
      "temperature_end": 77935087.0118405,
      "temperature_interval": 364.0,
      "offset_increase_rate": 191342683.13509548
    },
    "453132629": {
      "rate": 0.2578125,
      "temperature_start": 286701850.1377915,
      "temperature_end": 77926517.9932852,
      "temperature_interval": 364.0,
      "offset_increase_rate": 191321644.87023848
    },
    "453140258": {
      "rate": 0.2646484375,
      "temperature_start": 286599971.14376724,
      "temperature_end": 77898826.94330712,
      "temperature_interval": 364.0,
      "offset_increase_rate": 191253659.0630137
    },
    "453155517": {
      "rate": 0.2900390625,
      "temperature_start": 286657846.56948066,
      "temperature_end": 77914557.6768237,
      "temperature_interval": 364.0,
      "offset_increase_rate": 191292280.4449118
    },
    "453186035": {
      "rate": 0.275390625,
      "temperature_start": 286697934.69902265,
      "temperature_end": 77925453.76398382,
      "temperature_interval": 364.0,
      "offset_increase_rate": 191319032.02283168
    },
    "453247070": {
      "rate": 0.2919921875,
      "temperature_start": 286693926.3566432,
      "temperature_end": 77924364.28317161,
      "temperature_interval": 364.0,
      "offset_increase_rate": 191316357.17906332
    },
    "453369140": {
      "rate": 0.28515625,
      "temperature_start": 286867430.5505673,
      "temperature_end": 77971523.30109647,
      "temperature_interval": 364.0,
      "offset_increase_rate": 191432139.85628527
    },
    "453613281": {
      "rate": 0.28125,
      "temperature_start": 286630367.4045765,
      "temperature_end": 77907088.74825796,
      "temperature_interval": 364.0,
      "offset_increase_rate": 191273943.07099324
    },
    "454101562": {
      "rate": 0.275390625,
      "temperature_start": 286632825.14520574,
      "temperature_end": 77907756.77034877,
      "temperature_interval": 364.0,
      "offset_increase_rate": 191275583.168466
    },
    "455078125": {
      "rate": 0.271484375,
      "temperature_start": 286951980.59182465,
      "temperature_end": 77994504.28398237,
      "temperature_interval": 364.0,
      "offset_increase_rate": 191488561.72087884
    },
    "457031250": {
      "rate": 0.298828125,
      "temperature_start": 287344122.1433185,
      "temperature_end": 78101089.66406873,
      "temperature_interval": 364.0,
      "offset_increase_rate": 191750245.30128723
    },