{
  "P": 26,
  "N": 111,
  "values": [
    -269.2702156777808,
    938.7485271184644,
    -838.2826015604877,
    397.0126824851793,
    760.1307486407593,
    -966.6896047998182,
    320.2016686795128,
    2451.3674656108224,
    -447.35176990909,
    -557.2109211776483,
    615.4235508900338,
    3005.932416384674,
    -1172.052017510825,
    -121.2805114126311,
    -764.4912958109029,
    880.0833183808736,
    -166.20191045482505,
    -524.4399115101942,
    -41.50771896308797,
    551.5817184467785,
    -705.7745720770396,
    702.3512256809323,
    547.0995415786281,
    1572.8273273632235,
    -1649.0977233041544,
    1501.9170066199267,
    163.24975621268513,
    10.714199974596799,
    -696.3172779547932,
    -492.7423123586456,
    -1840.101166031022,
    -806.3346039352637,
    688.2251600799696,
    -843.3488002608743,
    1335.2972604877216,
    721.1273224543024,
    -868.7195120820131,
    -79.02107505562833,
    212.25130315269956,
    40.70859828535124,
    -1848.149417929904,
    -1212.7242550864378,
    -1301.5128256192934,
    1386.1297804094252,
    -1130.6373990872964,
    33.46021235917934,
    -188.26845434742475,
    665.2201093483558,
    497.89847322706333,
    420.6964458880215,
    -1272.4537293048695,
    -826.91225352741,
    -174.9344881333201,
    526.3762898848404,
    -484.1648656718897,
    948.3775363143669,
    2198.432811236051,
    200.16030204239073,
    1171.1424375275988,
    -402.7097045176763,
    229.9486341185801,
    -1422.505937900316,
    -579.8751252579008,
    -1108.297027482973,
    366.78020576022783,
    -2231.678342013164,
    -570.3683964352151,
    1261.3761257608567,
    -648.299252544217,
    -1314.5972647300152,
    429.10272837747937,
    -431.79001648131623,
    -1219.8515538311087,
    412.9603484527931,
    -2144.8455169350223,
    1441.1565279546512,
    636.5516782942444,
    -1147.822779514656,
    1602.2518363004583,
    689.5696267067133,
    -1243.8528922310147,
    -1962.1348812850183,
    -1242.046241960425,
    1322.8434956477067,
    -270.06772072391834,
    -153.2890115139496,
    -515.0340483435493,
    678.7555503416603,
    287.66495148272395,
    -1618.2726784365495,
    423.05031285866613,
    304.4857534331968,
    542.9217251024198,
    -2163.3573140379385,
    -886.2657499715856,
    152.5024815722186,
    -493.5314775497317,
    1401.4038155886194,
    628.2877811669156,
    -502.62556387922206,
    776.6131735943723,
    -611.8574733323126,
    146.36779674467365,
    1297.5798877548336,
    -2145.0559710375605,
    -802.1270756692776,
    1810.3758670333905,
    -194.74598051900958,
    -652.1764400269299,
    -349.2330942761644,
    1789.6610189942191
  ],
  "measurements": {
    "250000000": {
      "rate": 0.0,
      "temperature_start": 259678763.0314274,
      "temperature_end": 68211730.84622562,
      "temperature_interval": 288.0,
      "offset_increase_rate": 167265449.60602647
    },
    "375000000": {
      "rate": 0.03125,
      "temperature_start": 279681063.30190057,
      "temperature_end": 73465882.19240165,
      "temperature_interval": 288.0,
      "offset_increase_rate": 180149420.9744919
    },
    "437500000": {
      "rate": 0.130859375,
      "temperature_start": 288372108.71899915,
      "temperature_end": 75748823.02222878,
      "temperature_interval": 288.0,
      "offset_increase_rate": 185747536.13133842
    },
    "468750000": {
      "rate": 0.2294921875,
      "temperature_start": 292305812.5364811,
      "temperature_end": 76782117.93974337,
      "temperature_interval": 288.0,
      "offset_increase_rate": 188281331.07847637
    },
    "484375000": {
      "rate": 0.232421875,
      "temperature_start": 294269744.9616373,
      "temperature_end": 77297998.51627214,
      "temperature_interval": 288.0,
      "offset_increase_rate": 189546348.0411837
    },
    "492187500": {
      "rate": 0.232421875,
      "temperature_start": 294943312.09886914,
      "temperature_end": 77474929.35087474,
      "temperature_interval": 288.0,
      "offset_increase_rate": 189980209.12683314
    },
    "492248535": {
      "rate": 0.2470703125,
      "temperature_start": 295579251.90634,
      "temperature_end": 77641976.33798763,
      "temperature_interval": 288.0,
      "offset_increase_rate": 190389833.5280635
    },
    "492256164": {
      "rate": 0.25,
      "temperature_start": 295396892.1990099,
      "temperature_end": 77594074.57225066,
      "temperature_interval": 288.0,
      "offset_increase_rate": 190272371.17542243
    },
    "492257117": {
      "rate": 0.2470703125,
      "temperature_start": 294958544.5445299,
      "temperature_end": 77478930.5694242,
      "temperature_interval": 288.0,
      "offset_increase_rate": 189990020.71805575
    },
    "492257176": {
      "rate": 0.2578125,
      "temperature_start": 295204982.1012224,
      "temperature_end": 77543664.13520089,
      "temperature_interval": 288.0,
      "offset_increase_rate": 190148757.18244264
    },
    "492257236": {
      "rate": 0.26953125,
      "temperature_start": 295555176.75737065,
      "temperature_end": 77635652.34151441,
      "temperature_interval": 288.0,
      "offset_increase_rate": 190374326.13512278
    },
    "492257355": {
      "rate": 0.25390625,
      "temperature_start": 295042997.1439625,
      "temperature_end": 77501114.3549387,
      "temperature_interval": 288.0,
      "offset_increase_rate": 190044418.70520568
    },
    "492257594": {
      "rate": 0.2685546875,
      "temperature_start": 295200645.7726217,
      "temperature_end": 77542525.07986993,
      "temperature_interval": 288.0,
      "offset_increase_rate": 190145964.04701424
    },
    "492258071": {
      "rate": 0.2724609375,
      "temperature_start": 295168685.3261702,
      "temperature_end": 77534129.79430394,
      "temperature_interval": 288.0,
      "offset_increase_rate": 190125377.54089063
    },
    "492259978": {
      "rate": 0.26171875,
      "temperature_start": 295378215.61312556,
      "temperature_end": 77589168.65605406,
      "temperature_interval": 288.0,
      "offset_increase_rate": 190260341.12915075
    },
    "492263793": {
      "rate": 0.2822265625,
      "temperature_start": 295388502.581598,
      "temperature_end": 77591870.80973223,
      "temperature_interval": 288.0,
      "offset_increase_rate": 190266967.21742433
    },
    "492279052": {
      "rate": 0.26171875,
      "temperature_start": 295429271.75948083,
      "temperature_end": 77602579.94957909,
      "temperature_interval": 288.0,
      "offset_increase_rate": 190293227.64314812
    },
    "492309570": {
      "rate": 0.26171875,
      "temperature_start": 295236405.73661554,
      "temperature_end": 77551918.4126575,
      "temperature_interval": 288.0,
      "offset_increase_rate": 190168997.91541958
    },
    "492431640": {
      "rate": 0.263671875,
      "temperature_start": 295479332.8952274,
      "temperature_end": 77615729.87634838,
      "temperature_interval": 288.0,
      "offset_increase_rate": 190325473.24644923
    },
    "492675781": {
      "rate": 0.283203125,
      "temperature_start": 295488688.62090456,
      "temperature_end": 77618187.4136314,
      "temperature_interval": 288.0,
      "offset_increase_rate": 190331499.49843657
    },
    "493164062": {
      "rate": 0.265625,
      "temperature_start": 295232304.2549075,
      "temperature_end": 77550841.0462873,
      "temperature_interval": 288.0,
      "offset_increase_rate": 190166356.05062497
    },
    "494140625": {
      "rate": 0.271484375,
      "temperature_start": 295101208.3008926,
      "temperature_end": 77516405.10772267,
      "temperature_interval": 288.0,
      "offset_increase_rate": 190081913.93670756
    },
    "496093750": {
      "rate": 0.2685546875,
      "temperature_start": 295732447.54269403,
      "temperature_end": 77682217.36267447,
      "temperature_interval": 288.0,
      "offset_increase_rate": 190488510.58849502
    },