{
  "P": 32,
  "N": 128,
  "values": [
    -273.8580090490437,
    -1032.6688611252557,
    239.937870829283,
    413.6870187819439,
    1515.4488812775871,
    156.93092986985505,
    1635.1887355754209,
    1071.689756421198,
    3002.007461149149,
    169.57390049501686,
    188.9057377615265,
    -1012.0938707331975,
    2232.976691525205,
    8.049931437607265,
    192.24538497372498,
    -1223.7775697622417,
    -56.26134329821931,
    839.0029726822991,
    -1601.8075734234158,
    1225.5460342630774,
    -587.4247883409457,
    -429.35378886937843,
    909.7920864135068,
    -161.180966820759,
    188.33005573502814,
    184.55429807091812,
    22.42197505995084,
    765.4422840042809,
    1492.8622083097473,
    963.3357882333023,
    -557.388037753666,
    213.8022798128903,
    84.1982789483288,
    -477.2818952689723,
    -300.89354601147346,
    -441.630825500373,
    967.7889957577797,
    -79.59859000943436,
    -138.8631679813635,
    -319.45319757177975,
    1433.2844573098878,
    98.84012267223517,
    2005.269519690038,
    -216.27811587267573,
    -688.6271367994665,
    1655.1041179604829,
    1347.0302609417668,
    315.3264228619535,
    473.7517887922033,
    1246.1418157453945,
    318.3447884088301,
    304.1702045726951,
    -40.665500495916135,
    82.37370211382323,
    1355.0534597369397,
    366.9514159742982,
    -1195.7594252317592,
    -824.0079883757963,
    -297.226536903807,
    -321.8383718679973,
    -38.12668882332202,
    627.9567307295418,
    -347.26273252431406,
    -597.1593906150442,
    -173.42106760655344,
    -345.26069731778955,
    -1561.5615244516994,
    1013.1438731930107,
    -2182.7621118219527,
    216.2677566498304,
    -1658.6032813287534,
    -381.9253342317267,
    1433.209412288241,
    969.759542346811,
    -357.24522070722935,
    404.3554901231265,
    140.0744768001868,
    515.2278103445117,
    -59.86396374233301,
    -103.53373070810319,
    1358.2546044248616,
    424.06793463472593,
    1067.4260779346357,
    -1306.0081048688908,
    233.8791036612636,
    1767.4929615286094,
    -623.0134337605289,
    -583.418823961527,
    794.693717548307,
    -134.82041534905397,
    -713.7788634689349,
    1608.7503611825052,
    -936.1689361982143,
    -133.2363726907162,
    -487.39013604923167,
    1001.614967583917,
    -651.4873510765105,
    377.649944638769,
    -1178.9362587571816,
    -50.62504851119234,
    -713.0638336457106,
    1198.8033025817185,
    581.3601181886463,
    39.96995763305951,
    372.5583440948423,
    64.61835283604643,
    2691.161283619707,
    -170.54608576682895,
    705.4556878374589,
    994.9400811404785,
    -748.2111010819078,
    -2010.512125239634,
    1806.9120682850178,
    582.9299583412081,
    -818.2915416408396,
    -416.7950030798097,
    771.2450147785715,
    -1573.5908744506473,
    -513.5328929945673,
    953.0529165399593,
    -1174.8587303961303,
    1372.9745174684506,
    -360.7820349994224,
    -922.2242755253808,
    -2036.6194846483402,
    293.88580279450406,
    332.0767786106829,
    888.2853172415975
  ],
  "measurements": {
    "250000000": {
      "rate": 0.001953125,
      "temperature_start": 221870671.00809938,
      "temperature_end": 61319896.809106365,
      "temperature_interval": 409.0,
      "offset_increase_rate": 150675670.62950152
    },
    "375000000": {
      "rate": 0.2041015625,
      "temperature_start": 238876791.98612437,
      "temperature_end": 66019993.39581387,
      "temperature_interval": 409.0,
      "offset_increase_rate": 162224780.1694317
    },
    "382812500": {
      "rate": 0.23828125,
      "temperature_start": 239896385.02222753,
      "temperature_end": 66301785.21388994,
      "temperature_interval": 409.0,
      "offset_increase_rate": 162917200.9557663
    },
    "386718750": {
      "rate": 0.2470703125,
      "temperature_start": 240436548.6359313,
      "temperature_end": 66451073.88238251,
      "temperature_interval": 409.0,
      "offset_increase_rate": 163284034.09497604
    },
    "388671875": {
      "rate": 0.240234375,
      "temperature_start": 240926378.28204888,
      "temperature_end": 66586451.41208255,
      "temperature_interval": 409.0,
      "offset_increase_rate": 163616684.68861973
    },
    "389160156": {
      "rate": 0.236328125,
      "temperature_start": 240666478.1873894,
      "temperature_end": 66514621.06644569,
      "temperature_interval": 409.0,
      "offset_increase_rate": 163440182.67110857
    },
    "389221191": {
      "rate": 0.236328125,
      "temperature_start": 240748002.35686636,
      "temperature_end": 66537152.45212664,
      "temperature_interval": 409.0,
      "offset_increase_rate": 163495546.9463985
    },
    "389251708": {
      "rate": 0.236328125,
      "temperature_start": 240892989.06628305,
      "temperature_end": 66577223.40886792,
      "temperature_interval": 409.0,
      "offset_increase_rate": 163594009.57588652
    },
    "389266967": {
      "rate": 0.248046875,
      "temperature_start": 240539923.45942336,
      "temperature_end": 66479644.280986294,
      "temperature_interval": 409.0,
      "offset_increase_rate": 163354237.47420186
    },
    "389274596": {
      "rate": 0.236328125,
      "temperature_start": 240645624.23283523,
      "temperature_end": 66508857.51808882,
      "temperature_interval": 409.0,
      "offset_increase_rate": 163426020.44059178
    },
    "389278411": {
      "rate": 0.248046875,
      "temperature_start": 240588339.61820394,
      "temperature_end": 66493025.38199811,
      "temperature_interval": 409.0,
      "offset_increase_rate": 163387117.60730112
    },
    "389280318": {
      "rate": 0.24609375,
      "temperature_start": 240965423.01595157,
      "temperature_end": 66597242.46906622,
      "temperature_interval": 409.0,
      "offset_increase_rate": 163643200.54778492
    },
    "389281272": {
      "rate": 0.2490234375,
      "temperature_start": 240604844.99771765,
      "temperature_end": 66497587.08528217,
      "temperature_interval": 409.0,
      "offset_increase_rate": 163398326.65586948
    },
    "389281510": {
      "rate": 0.2470703125,
      "temperature_start": 240702153.39132148,
      "temperature_end": 66524480.86365915,
      "temperature_interval": 409.0,
      "offset_increase_rate": 163464410.23238507
    },
    "389281569": {
      "rate": 0.25390625,
      "temperature_start": 240623051.77567506,
      "temperature_end": 66502619.01555264,
      "temperature_interval": 409.0,
      "offset_increase_rate": 163410691.149411
    },
    "389281629": {
      "rate": 0.2578125,
      "temperature_start": 241025788.7569127,
      "temperature_end": 66613926.15686381,
      "temperature_interval": 409.0,
      "offset_increase_rate": 163684195.81976497
    },
    "389281749": {
      "rate": 0.2509765625,
      "temperature_start": 240815858.27495998,
      "temperature_end": 66555906.25079901,
      "temperature_interval": 409.0,
      "offset_increase_rate": 163541628.90900528
    },
    "389282226": {
      "rate": 0.251953125,
      "temperature_start": 240445457.14415067,
      "temperature_end": 66453535.987005234,
      "temperature_interval": 409.0,
      "offset_increase_rate": 163290083.99532637
    },
    "389404296": {
      "rate": 0.275390625,
      "temperature_start": 241193949.9868747,
      "temperature_end": 66660402.01246795,
      "temperature_interval": 409.0,
      "offset_increase_rate": 163798396.61062786
    },
    "389648437": {
      "rate": 0.271484375,
      "temperature_start": 240819247.92993844,
      "temperature_end": 66556843.07265361,
      "temperature_interval": 409.0,
      "offset_increase_rate": 163543930.87408593
    },
    "390625000": {
      "rate": 0.263671875,
      "temperature_start": 240806036.17754376,
      "temperature_end": 66553191.65135566,
      "temperature_interval": 409.0,
      "offset_increase_rate": 163534958.5766515
    },
    "406250000": {
      "rate": 0.3037109375,