{
  "P": 18,
  "N": 101,
  "values": [
    892.1960686084062,
    1163.6169156148576,
    1749.9258931811094,
    -852.7162897678761,
    1245.7508616846776,
    719.5224494019669,
    787.2645207194812,
    1131.097664562076,
    546.1444379035815,
    706.479910027452,
    -462.3109644034212,
    668.3679233986127,
    526.2762758412857,
    -1590.6146308372672,
    -1156.2808702016312,
    -480.43939673766016,
    1438.400114127912,
    427.1197023643294,
    1384.5860136288668,
    -102.79544526713681,
    858.1278127829831,
    1376.498159007643,
    -103.31142714653534,
    -729.8739400381744,
    -1406.9123630773763,
    -222.43926953924654,
    -684.6758982182533,
    65.1220221137328,
    2626.741139062171,
    -1216.2946372040117,
    290.12226695632654,
    1361.5594417310053,
    872.1772779021588,
    211.3507730890658,
    -599.9520749238621,
    2717.621092131024,
    -1513.553343803858,
    -138.62379749343003,
    470.42341692072483,
    -1044.0808782279787,
    1114.4711070727424,
    -1214.6067177961718,
    -499.211679457858,
    -1121.6670734155373,
    -1162.8113618422517,
    882.2890670497871,
    -1138.0771284627438,
    -32.19321295631945,
    1637.785917327202,
    1355.483552678762,
    -347.0112139321199,
    -1245.8109285165447,
    -1017.0678766810803,
    -241.57408189246595,
    337.3557157161414,
    -620.8112240152012,
    323.2470862442246,
    138.61809623813244,
    305.18354166280255,
    1759.1000901522837,
    -65.76113784721042,
    1864.1155497328762,
    926.9126896853786,
    -43.04245835168492,
    -796.374849005292,
    1845.1875100363463,
    -188.0906356940708,
    1977.584773630232,
    1650.995897204459,
    -1334.9647204467674,
    1055.3072873583233,
    866.7974754279686,
    703.0046251263735,
    693.8667630415749,
    -1350.343448308968,
    -248.3732292420435,
    645.7823878948093,
    55.94004583925701,
    -155.14543048844814,
    736.4643749357269,
    -97.09191017782793,
    1145.3311818184302,
    -509.3244095397065,
    847.6029855855261,
    321.4094860591956,
    739.575237898574,
    784.5108685165555,
    699.9267628828527,
    -235.56664710282175,
    513.9717694614324,
    -2299.0990483334185,
    -2086.617945418752,
    -338.89437064461305,
    -882.7297205350598,
    -110.69476226444706,
    945.0935708257125,
    -473.21679577007046,
    -664.5530205158341,
    -100.2516215582641,
    -159.6451298045371,
    648.0495897825602
  ],
  "measurements": {
    "250000000": {
      "rate": 0.0029296875,
      "temperature_start": 260792808.71260655,
      "temperature_end": 63629865.05454221,
      "temperature_interval": 181.0,
      "offset_increase_rate": 155943118.40807316
    },
    "312500000": {
      "rate": 0.0966796875,
      "temperature_start": 272894369.24440956,
      "temperature_end": 66582479.68908362,
      "temperature_interval": 181.0,
      "offset_increase_rate": 163179342.04571596
    },
    "343750000": {
      "rate": 0.1923828125,
      "temperature_start": 278466987.88420796,
      "temperature_end": 67942122.13398536,
      "temperature_interval": 181.0,
      "offset_increase_rate": 166511533.34607798
    },
    "359375000": {
      "rate": 0.234375,
      "temperature_start": 280613584.8951889,
      "temperature_end": 68465862.33529483,
      "temperature_interval": 181.0,
      "offset_increase_rate": 167795107.97189024
    },
    "363281250": {
      "rate": 0.2265625,
      "temperature_start": 281107437.9018868,
      "temperature_end": 68586355.68911117,
      "temperature_interval": 181.0,
      "offset_increase_rate": 168090411.27522844
    },
    "365234375": {
      "rate": 0.2333984375,
      "temperature_start": 281317546.9863622,
      "temperature_end": 68637619.42125893,
      "temperature_interval": 181.0,
      "offset_increase_rate": 168216047.66068208
    },
    "366210937": {
      "rate": 0.228515625,
      "temperature_start": 281541981.59360504,
      "temperature_end": 68692378.38429524,
      "temperature_interval": 181.0,
      "offset_increase_rate": 168350250.1055459
    },
    "366699218": {
      "rate": 0.2451171875,
      "temperature_start": 281892864.43906575,
      "temperature_end": 68777988.9815231,
      "temperature_interval": 181.0,
      "offset_increase_rate": 168560063.2725084
    },
    "366943359": {
      "rate": 0.25,
      "temperature_start": 281728312.06121683,
      "temperature_end": 68737840.46037094,
      "temperature_interval": 181.0,
      "offset_increase_rate": 168461667.87936127
    },
    "367004394": {
      "rate": 0.2490234375,
      "temperature_start": 280767974.8658155,
      "temperature_end": 68503531.36859849,
      "temperature_interval": 181.0,
      "offset_increase_rate": 167887426.67342693
    },
    "367034911": {
      "rate": 0.2353515625,
      "temperature_start": 281720298.87539184,
      "temperature_end": 68735885.35303795,
      "temperature_interval": 181.0,
      "offset_increase_rate": 168456876.33164912
    },
    "367038725": {
      "rate": 0.244140625,
      "temperature_start": 281575069.2000593,
      "temperature_end": 68700451.30602974,
      "temperature_interval": 181.0,
      "offset_increase_rate": 168370035.10098583
    },
    "367039678": {
      "rate": 0.234375,
      "temperature_start": 282113080.68049324,
      "temperature_end": 68831718.72121194,
      "temperature_interval": 181.0,
      "offset_increase_rate": 168691743.31223744
    },
    "367040155": {
      "rate": 0.240234375,
      "temperature_start": 281750928.6174455,
      "temperature_end": 68743358.58960132,
      "temperature_interval": 181.0,
      "offset_increase_rate": 168475191.6276708
    },
    "367040214": {
      "rate": 0.2509765625,
      "temperature_start": 281579167.2916277,
      "temperature_end": 68701451.18411216,
      "temperature_interval": 181.0,
      "offset_increase_rate": 168372485.58718538
    },
    "367040274": {
      "rate": 0.2509765625,
      "temperature_start": 282314902.6269418,
      "temperature_end": 68880960.5054504,
      "temperature_interval": 181.0,
      "offset_increase_rate": 168812424.3380975
    },
    "367040393": {
      "rate": 0.2744140625,
      "temperature_start": 281642062.2543926,
      "temperature_end": 68716796.69157878,
      "temperature_interval": 181.0,
      "offset_increase_rate": 168410094.1266008
    },
    "367040632": {
      "rate": 0.271484375,
      "temperature_start": 281538500.53790414,
      "temperature_end": 68691529.05449358,
      "temperature_interval": 181.0,
      "offset_increase_rate": 168348168.5808136
    },
    "367042540": {
      "rate": 0.259765625,
      "temperature_start": 281857886.60525143,
      "temperature_end": 68769454.87026256,
      "temperature_interval": 181.0,
      "offset_increase_rate": 168539148.00069904
    },
    "367050170": {
      "rate": 0.2529296875,
      "temperature_start": 281986554.1530574,
      "temperature_end": 68800847.985526,
      "temperature_interval": 181.0,
      "offset_increase_rate": 168616085.77648288
    },
    "367065429": {
      "rate": 0.259765625,
      "temperature_start": 282090928.3767992,
      "temperature_end": 68826313.86322659,
      "temperature_interval": 181.0,
      "offset_increase_rate": 168678497.16739535
    },
    "367187500": {
      "rate": 0.251953125,
      "temperature_start": 281962570.4213289,
      "temperature_end": 68794996.28424282,
      "temperature_interval": 181.0,
      "offset_increase_rate": 168601744.5147922
    },
    "375000000": {
      "rate": 0.2783203125,
      "temperature_start": 283197091.4317274,
      "temperature_end": 69096202.462766,
      "temperature_interval": 181.0,
      "offset_increase_rate": 169339936.0970378
    },
    "437500000": {
      "rate": 0.46484375,
      "temperature_start": 292464574.5186634,
      "temperature_end": 71357341.10814494,
      "temperature_interval": 181.0,
      "offset_increase_rate": 174881500.75714114
    },