{
  "P": 11,
  "N": 195,
  "values": [
    1464.8359667556892,
    -507.35159548707463,
    -796.2651952418164,
    -757.8191385344778,
    -18.306599188774168,
    25.90709749537476,
    -925.8432101827585,
    1047.4141999273186,
    434.88253422587906,
    1284.4907802458897,
    312.74470515877573,
    -124.34370219409074,
    264.72512125787335,
    -100.21278612894207,
    840.7938480852674,
    632.565297761092,
    -1542.840235983051,
    -916.8096065036372,
    2973.86802575631,
    1344.4558490647362,
    1488.9933682856556,
    -372.53963729443785,
    -337.7981251197596,
    574.3786909573636,
    232.83254162523954,
    -972.1404322914036,
    179.55462282192727,
    547.8684967230993,
    -1042.2614351951636,
    1774.2361981607762,
    -252.04558424615635,
    -236.35130361494947,
    -51.99051914172602,
    -134.6747037123405,
    -711.5670772948628,
    113.77393751349774,
    542.1285281543458,
    1443.7850294293828,
    353.15078418496176,
    -16.28505045382748,
    1442.295727630863,
    1461.7668150739903,
    -2077.112823829166,
    -1.2098043456437064,
    750.3336008468432,
    -673.8382839652942,
    -760.5983657636319,
    206.30825462947374,
    -814.8451832879963,
    -332.0662908468305,
    1100.1333419007365,
    -901.8934647620426,
    97.94026158061185,
    -1514.1758319510714,
    -291.9567822056415,
    -218.02337504364309,
    527.5767621399663,
    199.6779425191788,
    -807.0666089785361,
    1378.4598965656987,
    2934.841144158261,
    -1072.2029853105948,
    1608.2517552115592,
    227.31691701029098,
    -217.08582108306646,
    -1012.0938144569154,
    -392.6814046728785,
    -1298.6005901954106,
    1099.5153019680777,
    -281.3779458863704,
    -867.0282716590964,
    -646.6978726732975,
    193.79627304859972,
    -421.1598322179968,
    248.937561189242,
    290.8808313403856,
    -662.758006143329,
    883.9055807275051,
    -1998.9462521646412,
    -1520.6206678630938,
    510.05375557589383,
    -1482.0001670013467,
    491.4675683243063,
    1218.9221378951945,
    -1114.6278022313509,
    -1538.3050470714584,
    -3257.8063090068777,
    594.8290460341445,
    547.7446945727434,
    -494.5995587118549,
    64.55631781259065,
    465.4249788002411,
    -1094.0040093044038,
    381.3378630681623,
    1027.3384807053342,
    -24.274345072033498,
    -1115.1404856823533,
    341.182061080914,
    -1421.0926920273141,
    2441.5488810921406,
    -172.6196059762771,
    797.8375461898904,
    1417.4114421175084,
    -1446.533943214807,
    707.5385912639152,
    -759.0406688545983,
    309.33368388943734,
    2082.478247223307,
    -1157.0990119649596,
    -1698.8760896548818,
    -1115.6374918726465,
    98.78641503383781,
    0.39885317567842943,
    114.45947294000801,
    -761.4985324597544,
    -28.170293573741542,
    2251.057234624857,
    165.8185073257074,
    751.2526576224152,
    -836.2372387705888,
    204.72791188443583,
    -586.4060644355355,
    916.7070800178994,
    290.18272022223795,
    -1339.1433477467883,
    -662.1636334329881,
    619.6298733008664,
    -935.4763419981766,
    232.56296743128917,
    142.45506318480912,
    -1383.6713856265592,
    -1355.2368794986573,
    208.8745805600448,
    -237.89959114165777,
    -476.2861145050395,
    677.459966851247,
    1304.6634296515858,
    -250.9469084472693,
    -561.6982187688595,
    -1235.4901675194487,
    -1045.1794908820002,
    293.52617790524675,
    1432.3973833054702,
    96.43265647635351,
    -1097.57412482757,
    -244.9564845216051,
    206.6330850782382,
    -1375.3132566752176,
    -582.1446482439834,
    89.56168852725963,
    278.61638329831027,
    877.4408553111182,
    -1829.046372887073,
    1615.9566201810235,
    -28.817944148209072,
    1110.1359405066823,
    -740.4165425913504,
    674.5079041586987,
    -174.61245475268794,
    -520.1205277539378,
    1475.99472947613,
    1333.942214968188,
    -612.0282230249037,
    -2043.5478782983046,
    1475.125058383517,
    492.22750612709893,
    309.9600593207274,
    -782.3494238565843,
    16.85644614320729,
    608.2307692021374,
    -542.5065026104562,
    1597.3291729801767,
    -1189.9726029679248,
    -785.6550584031178,
    -428.84290767798353,
    -459.76390650894757,
    1624.665745048801,
    1101.70584083989,
    375.9930888611214,
    -228.6051074851995,
    -156.93785376816348,
    318.1517773705197,
    1192.4882497757585,
    -633.8537719126516,
    942.2121964429717,
    -526.0955096381385,
    536.6077814127906,
    1299.2913682102344,
    -632.055859621631,
    -1776.939348281188,
    1185.5904702130906,
    -945.4545858239903,
    744.4221407207714,
    -403.2037764366264,
    941.3547847852444
  ],
  "measurements": {
    "500000000": {
      "rate": 0.0009765625,
      "temperature_start": 265560589.69973856,
      "temperature_end": 66590810.90182121,
      "temperature_interval": 214.0,
      "offset_increase_rate": 163181365.2260735
    },
    "750000000": {
      "rate": 0.1845703125,
      "temperature_start": 302406829.836143,
      "temperature_end": 75830212.7729371,
      "temperature_interval": 214.0,
      "offset_increase_rate": 185822600.41727602
    },
    "781250000": {
      "rate": 0.216796875,
      "temperature_start": 306963652.72374225,
      "temperature_end": 76972861.73136991,
      "temperature_interval": 214.0,
      "offset_increase_rate": 188622671.69567102
    },
    "789062500": {
      "rate": 0.2119140625,
      "temperature_start": 308143731.8676574,
      "temperature_end": 77268773.21134701,
      "temperature_interval": 214.0,
      "offset_increase_rate": 189347805.36854252
    },
    "791015625": {
      "rate": 0.2275390625,
      "temperature_start": 308358049.5594567,
      "temperature_end": 77322514.57750249,
      "temperature_interval": 214.0,
      "offset_increase_rate": 189479499.05689982
    },
    "791992187": {
      "rate": 0.25,
      "temperature_start": 308438799.4834198,
      "temperature_end": 77342763.07492843,
      "temperature_interval": 214.0,
      "offset_increase_rate": 189529118.17715067
    },
    "792480468": {
      "rate": 0.24609375,
      "temperature_start": 308374714.1020304,
      "temperature_end": 77326693.30524422,
      "temperature_interval": 214.0,
      "offset_increase_rate": 189489739.0658225
    },
    "792724609": {
      "rate": 0.240234375,
      "temperature_start": 308590925.6691414,
      "temperature_end": 77380909.57128188,
      "temperature_interval": 214.0,
      "offset_increase_rate": 189622596.5004996
    },
    "792739867": {
      "rate": 0.24609375,
      "temperature_start": 308476184.5480855,
      "temperature_end": 77352137.59007964,
      "temperature_interval": 214.0,
      "offset_increase_rate": 189552090.5086179
    },
    "792747496": {
      "rate": 0.2490234375,
      "temperature_start": 308762447.11300945,
      "temperature_end": 77423919.53765959,
      "temperature_interval": 214.0,
      "offset_increase_rate": 189727992.79973057
    },
    "792747972": {
      "rate": 0.2392578125,
      "temperature_start": 308705624.04672885,
      "temperature_end": 77409670.8343191,
      "temperature_interval": 214.0,
      "offset_increase_rate": 189693076.2274241
    },
    "792748210": {
      "rate": 0.232421875,
      "temperature_start": 308637662.64883375,
      "temperature_end": 77392629.13170436,
      "temperature_interval": 214.0,
      "offset_increase_rate": 189651315.38593876
    },
    "792748269": {
      "rate": 0.2353515625,
      "temperature_start": 308338352.0060981,
      "temperature_end": 77317575.30525425,
      "temperature_interval": 214.0,
      "offset_increase_rate": 189467395.3270041
    },
    "792748329": {
      "rate": 0.263671875,
      "temperature_start": 308937436.539564,
      "temperature_end": 77467799.1201936,
      "temperature_interval": 214.0,
      "offset_increase_rate": 189835520.10096753
    },
    "792748449": {
      "rate": 0.2626953125,