{
  "P": 20,
  "N": 112,
  "values": [
    1024.2196248195091,
    831.8078693492637,
    -907.4174856105609,
    558.2055353188323,
    -412.48206456760744,
    -294.0354808101026,
    -706.681477224394,
    1000.3201872152821,
    -1135.324314101915,
    -972.2149214336544,
    603.0643446719683,
    1236.6461530629774,
    -806.6085908767799,
    303.428766038674,
    694.2003099391139,
    -266.5862400340099,
    -813.6035404265236,
    -60.88984085539224,
    -350.7433501352904,
    -1406.8107227703474,
    891.7027227508332,
    -864.9288929006949,
    552.4958609773926,
    336.87702381584387,
    978.5699272143358,
    -1516.4786792901702,
    -71.22378963196427,
    1001.4373866030686,
    304.1517897751571,
    -273.35798493354525,
    617.5660816198258,
    -329.19826584685654,
    -905.122595406251,
    -450.1976720382247,
    -595.128975241713,
    -627.8126982011971,
    91.52493033371704,
    -57.669329254105044,
    -3015.639124720854,
    -1693.592049090442,
    -1214.5717561071733,
    1156.2366157116558,
    -1959.2796999338523,
    -42.78121202371177,
    -1691.4583741028232,
    1312.4314823849527,
    -1208.0700462684676,
    -146.05395610494932,
    -63.69892683777451,
    409.7594260502814,
    222.03085270300554,
    534.4981894172199,
    474.1498245533521,
    399.1399117314917,
    1083.289354843004,
    1195.4893715438643,
    -902.8239415989339,
    -800.7370574672607,
    200.5156211519412,
    1260.0166690133292,
    270.76224567776995,
    -671.9358719291466,
    -745.8698033068478,
    -185.22761145083365,
    631.4900917700813,
    1682.6028779276091,
    -1204.0301247374473,
    -2044.1322082875893,
    415.3242914480893,
    461.1831054475134,
    2071.315020751061,
    5.102467002703205,
    1253.806404235769,
    -1213.1138866736035,
    580.1036758781944,
    1026.3144983070813,
    1082.6653001187915,
    -1144.1583895150166,
    425.80824574733543,
    -1084.4518677353567,
    -6.749769202780658,
    -1031.4881353765095,
    447.3287160945158,
    -183.5642549697034,
    -77.36142379889074,
    378.80246533945444,
    2010.465019246702,
    -833.0872271573518,
    1940.1020097565058,
    600.2241799717799,
    563.2737354168005,
    437.6784851272945,
    667.8904221181778,
    -813.2582656796989,
    -913.213882482958,
    956.8876947063504,
    226.3289338518645,
    -1612.998787727384,
    643.760857265691,
    -554.5908296425594,
    117.57619798538771,
    841.0837827514201,
    -587.5242554986568,
    -1243.9939731791437,
    1523.4606443502726,
    203.54113753406588,
    1470.4653942050622,
    1285.8207881845908,
    1242.2298317087575,
    186.59116225243326,
    -636.3573224653463,
    -3200.3429611052534
  ],
  "measurements": {
    "500000000": {
      "rate": 0.0751953125,
      "temperature_start": 284059886.6577763,
      "temperature_end": 71729261.8391133,
      "temperature_interval": 224.0,
      "offset_increase_rate": 175778509.96744692
    },
    "562500000": {
      "rate": 0.166015625,
      "temperature_start": 292443906.40624595,
      "temperature_end": 73846349.0311067,
      "temperature_interval": 224.0,
      "offset_increase_rate": 180966607.85857624
    },
    "593750000": {
      "rate": 0.2294921875,
      "temperature_start": 296587352.09886384,
      "temperature_end": 74892629.46337344,
      "temperature_interval": 224.0,
      "offset_increase_rate": 183530604.90352637
    },
    "609375000": {
      "rate": 0.2431640625,
      "temperature_start": 298683117.3704263,
      "temperature_end": 75421840.74232578,
      "temperature_interval": 224.0,
      "offset_increase_rate": 184827481.06936315
    },
    "609863281": {
      "rate": 0.2412109375,
      "temperature_start": 299164189.2313622,
      "temperature_end": 75543318.39931744,
      "temperature_interval": 224.0,
      "offset_increase_rate": 185125172.15097815
    },
    "609893798": {
      "rate": 0.232421875,
      "temperature_start": 298923972.72589684,
      "temperature_end": 75482660.23029068,
      "temperature_interval": 224.0,
      "offset_increase_rate": 184976524.2728947
    },
    "609901427": {
      "rate": 0.2451171875,
      "temperature_start": 299061581.22607136,
      "temperature_end": 75517408.3823668,
      "temperature_interval": 224.0,
      "offset_increase_rate": 185061677.50380015
    },
    "609902380": {
      "rate": 0.236328125,
      "temperature_start": 298846854.14256716,
      "temperature_end": 75463186.66391918,
      "temperature_interval": 224.0,
      "offset_increase_rate": 184928802.68211335
    },
    "609902499": {
      "rate": 0.25,
      "temperature_start": 298823840.459079,
      "temperature_end": 75457375.37339088,
      "temperature_interval": 224.0,
      "offset_increase_rate": 184914561.63231218
    },
    "609902558": {
      "rate": 0.2392578125,
      "temperature_start": 298953024.54882085,
      "temperature_end": 75489996.2390385,
      "temperature_interval": 224.0,
      "offset_increase_rate": 184994501.7712508
    },
    "609902618": {
      "rate": 0.251953125,
      "temperature_start": 299125670.0672082,
      "temperature_end": 75533591.74891305,
      "temperature_interval": 224.0,
      "offset_increase_rate": 185101336.1868093
    },
    "609902857": {
      "rate": 0.2529296875,
      "temperature_start": 298996643.7244034,
      "temperature_end": 75501010.71666637,
      "temperature_interval": 224.0,
      "offset_increase_rate": 185021493.6629259
    },
    "609903334": {
      "rate": 0.2724609375,
      "temperature_start": 299078776.61160314,
      "temperature_end": 75521750.46785359,
      "temperature_interval": 224.0,
      "offset_increase_rate": 185072318.14469686
    },
    "609905242": {
      "rate": 0.26953125,
      "temperature_start": 299394371.36300373,
      "temperature_end": 75601442.74269259,
      "temperature_interval": 224.0,
      "offset_increase_rate": 185267610.67898414
    },
    "609909057": {
      "rate": 0.2529296875,
      "temperature_start": 298815308.2150569,
      "temperature_end": 75455220.85740927,
      "temperature_interval": 224.0,
      "offset_increase_rate": 184909281.81206536
    },
    "609924316": {
      "rate": 0.2578125,
      "temperature_start": 299156973.33298385,
      "temperature_end": 75541496.27979794,
      "temperature_interval": 224.0,
      "offset_increase_rate": 185120706.89585203
    },
    "609985351": {
      "rate": 0.263671875,
      "temperature_start": 299121451.0917183,
      "temperature_end": 75532526.39610606,
      "temperature_interval": 224.0,
      "offset_increase_rate": 185098725.45132697
    },
    "610107421": {
      "rate": 0.2587890625,
      "temperature_start": 299086130.264056,
      "temperature_end": 75523607.3722848,
      "temperature_interval": 224.0,
      "offset_increase_rate": 185076868.64313644
    },
    "610351562": {
      "rate": 0.2587890625,
      "temperature_start": 298992122.7989779,
      "temperature_end": 75499869.11709942,
      "temperature_interval": 224.0,
      "offset_increase_rate": 185018696.07842952
    },
    "611328125": {
      "rate": 0.2734375,
      "temperature_start": 299388284.32147175,
      "temperature_end": 75599905.67598101,
      "temperature_interval": 224.0,
      "offset_increase_rate": 185263843.96942443
    },
    "613281250": {
      "rate": 0.2568359375,
      "temperature_start": 299480775.603866,
      "temperature_end": 75623261.07293883,
      "temperature_interval": 224.0,
      "offset_increase_rate": 185321078.3082658
    },
    "617187500": {
      "rate": 0.2685546875,
      "temperature_start": 300364297.15725684,
      "temperature_end": 75846363.1433837,
      "temperature_interval": 224.0,
      "offset_increase_rate": 185867808.450302
    },
    "625000000": {
      "rate": 0.27734375,
      "temperature_start": 301228681.9655459,
      "temperature_end": 76064632.90675303,
      "temperature_interval": 224.0,
      "offset_increase_rate": 186402696.62274784
    },