{
  "P": 24,
  "N": 130,
  "values": [
    62.28038187290169,
    1759.2566862138262,
    275.50883182598835,
    1487.4650184002983,
    -771.3648574473583,
    -511.94114843151584,
    513.7923074948081,
    76.77608567502749,
    -839.7265933447733,
    -708.9638024604616,
    1050.9934752151896,
    676.8153767217622,
    -238.79150111648752,
    1379.6044952283496,
    123.39485008324752,
    568.1222275518863,
    -1366.6178687817505,
    1804.5358270778484,
    -740.3074858920979,
    416.06691247252104,
    1554.8527921642071,
    -788.493959215491,
    -1147.4070652295702,
    -165.78126814229495,
    615.3248462404911,
    -1819.4821102317612,
    255.41944463178334,
    703.546172518603,
    705.545487270218,
    -355.80211502664616,
    -812.5187188707824,
    -70.53490687890692,
    1684.5492195099039,
    -1589.4958035465315,
    -186.90117363957904,
    -364.7963653789177,
    457.1350322505832,
    760.4613418147505,
    27.580985672832657,
    734.254229101412,
    -338.4176475011028,
    -2003.0514965468233,
    33.85682419173615,
    -2019.7339685398622,
    -1044.444199004469,
    -385.16098414349113,
    788.6589961754046,
    -1865.6356199057986,
    -252.55857728504938,
    1111.4288316550765,
    -94.19498676152861,
    -357.8461393117287,
    -1379.7886215146289,
    -613.5061811682489,
    390.2988331305078,
    1072.0944297936696,
    -1248.2810920720046,
    582.2332728259215,
    -339.20414268634573,
    178.80340359785157,
    -1088.4458956643125,
    418.0369315070984,
    318.28925224588056,
    616.8954896450333,
    90.82480147623721,
    71.9196621231824,
    -442.42143557388613,
    1741.651864323934,
    -747.4166243284424,
    -794.5024918673536,
    -284.6610543996001,
    -660.5249755111229,
    1453.4032852215428,
    1571.2812673655762,
    991.7636068938848,
    381.5643549919769,
    1057.972702440996,
    663.8432262170147,
    -1047.5107160468845,
    -869.278838533322,
    1098.6851291990358,
    1692.5524952060387,
    1441.8344632024357,
    210.0166301740955,
    1437.0967558316177,
    -461.91372337899094,
    1112.442148484547,
    529.3820269220755,
    1379.4039635379356,
    880.1140077168459,
    13.806218664305307,
    -384.4547947076404,
    -175.82630532036882,
    1355.6639122338095,
    -1053.224300561928,
    -211.56456055656847,
    969.547748669015,
    -1028.0045687480965,
    -646.4699316951463,
    1136.7661958388162,
    -623.0740357877861,
    191.14161951406697,
    -841.4506370520065,
    -248.52948540548763,
    835.0557872139353,
    -1046.3997286708827,
    -2229.3934149976935,
    798.1852300638004,
    1338.441098792605,
    -174.8679926324644,
    1439.8762106567935,
    -1011.2674723625204,
    -327.6116491685217,
    -574.14410546556,
    -1437.153731236205,
    568.695229743983,
    198.42642276933145,
    -1008.2409975829056,
    274.86632676567956,
    -285.2617725370722,
    -632.8011286983595,
    1097.174173951756,
    -117.27752888241132,
    509.4392771931228,
    -637.4639079048667,
    -1476.8200844583491,
    -556.824108061674,
    -352.2848123094084,
    512.4003843342307,
    -23.03765497836445
  ],
  "measurements": {
    "250000000": {
      "rate": 0.0166015625,
      "temperature_start": 208997844.56178132,
      "temperature_end": 55543707.10526514,
      "temperature_interval": 312.0,
      "offset_increase_rate": 136248758.1985142
    },
    "312500000": {
      "rate": 0.1826171875,
      "temperature_start": 217812709.1569117,
      "temperature_end": 57886364.07510658,
      "temperature_interval": 312.0,
      "offset_increase_rate": 141995297.62954426
    },
    "320312500": {
      "rate": 0.2255859375,
      "temperature_start": 218995676.8298263,
      "temperature_end": 58200752.05397371,
      "temperature_interval": 312.0,
      "offset_increase_rate": 142766491.59454203
    },
    "324218750": {
      "rate": 0.25,
      "temperature_start": 219258349.5831433,
      "temperature_end": 58270560.51781392,
      "temperature_interval": 312.0,
      "offset_increase_rate": 142937731.81248337
    },
    "325195312": {
      "rate": 0.2490234375,
      "temperature_start": 219482481.05526543,
      "temperature_end": 58330126.169635475,
      "temperature_interval": 312.0,
      "offset_increase_rate": 143083846.40430546
    },
    "325683593": {
      "rate": 0.240234375,
      "temperature_start": 219659030.5077819,
      "temperature_end": 58377046.32376784,
      "temperature_interval": 312.0,
      "offset_increase_rate": 143198941.58012626
    },
    "325927734": {
      "rate": 0.2431640625,
      "temperature_start": 219667038.62243813,
      "temperature_end": 58379174.57717574,
      "temperature_interval": 312.0,
      "offset_increase_rate": 143204162.1874474
    },
    "325988769": {
      "rate": 0.2373046875,
      "temperature_start": 219530812.84052664,
      "temperature_end": 58342970.92662353,
      "temperature_interval": 312.0,
      "offset_increase_rate": 143115354.60352716
    },
    "326019286": {
      "rate": 0.2412109375,
      "temperature_start": 219495342.56500685,
      "temperature_end": 58333544.271537475,
      "temperature_interval": 312.0,
      "offset_increase_rate": 143092231.01101997
    },
    "326026915": {
      "rate": 0.25,
      "temperature_start": 219654807.72827506,
      "temperature_end": 58375924.06899727,
      "temperature_interval": 312.0,
      "offset_increase_rate": 143196188.68827152
    },
    "326030730": {
      "rate": 0.234375,
      "temperature_start": 219649826.4711197,
      "temperature_end": 58374600.239610255,
      "temperature_interval": 312.0,
      "offset_increase_rate": 143192941.3337205
    },
    "326031683": {
      "rate": 0.2490234375,
      "temperature_start": 219557775.16022086,
      "temperature_end": 58350136.4894604,
      "temperature_interval": 312.0,
      "offset_increase_rate": 143132931.73492867
    },
    "326031921": {
      "rate": 0.236328125,
      "temperature_start": 219658194.52459666,
      "temperature_end": 58376824.15111682,
      "temperature_interval": 312.0,
      "offset_increase_rate": 143198396.5904346
    },
    "326032040": {
      "rate": 0.2373046875,
      "temperature_start": 219446463.18521476,
      "temperature_end": 58320553.98467423,
      "temperature_interval": 312.0,
      "offset_increase_rate": 143060365.8268974
    },
    "326032100": {
      "rate": 0.248046875,
      "temperature_start": 219723853.66293055,
      "temperature_end": 58394273.86193105,
      "temperature_interval": 312.0,
      "offset_increase_rate": 143241200.74509528
    },
    "326032160": {
      "rate": 0.2705078125,
      "temperature_start": 219789183.0515021,
      "temperature_end": 58411635.93775433,
      "temperature_interval": 312.0,
      "offset_increase_rate": 143283789.9310527
    },
    "326032637": {
      "rate": 0.2578125,
      "temperature_start": 219808937.40684974,
      "temperature_end": 58416885.896813884,
      "temperature_interval": 312.0,
      "offset_increase_rate": 143296668.0848479
    },
    "326034545": {
      "rate": 0.267578125,
      "temperature_start": 219629366.5896216,
      "temperature_end": 58369162.77843586,
      "temperature_interval": 312.0,
      "offset_increase_rate": 143179603.2370868
    },
    "326049804": {
      "rate": 0.255859375,
      "temperature_start": 219611283.42282814,
      "temperature_end": 58364356.957964286,
      "temperature_interval": 312.0,
      "offset_increase_rate": 143167814.55560505
    },
    "326171875": {
      "rate": 0.259765625,
      "temperature_start": 219573183.9595859,
      "temperature_end": 58354231.56441474,
      "temperature_interval": 312.0,
      "offset_increase_rate": 143142976.957085
    },
    "328125000": {
      "rate": 0.271484375,
      "temperature_start": 220109930.20620385,
      "temperature_end": 58496878.37675152,
      "temperature_interval": 312.0,
      "offset_increase_rate": 143492889.7024664
    },