{
  "P": 16,
  "N": 202,
  "values": [
    -1377.1729506534894,
    592.1891500007122,
    574.7187815638407,
    -2453.1164705267447,
    632.5773376992245,
    498.86704957569435,
    -536.7520432680326,
    368.8568550350067,
    -1532.216101573444,
    -782.5902523681336,
    271.02134132559456,
    1346.4305318861557,
    -644.5316221158259,
    994.5228955328205,
    147.22710897511848,
    1557.2581515963618,
    -163.88032538790682,
    780.8032239871609,
    286.4468877219545,
    -256.70553489682237,
    125.45460671702202,
    91.70266559707488,
    -1428.6236816567616,
    144.00507527810646,
    -1814.2935294152326,
    1836.4303912073735,
    -497.8836447202095,
    875.5149082395271,
    166.09577011254814,
    -570.9804391694634,
    -626.6673867497574,
    446.22445979987623,
    -624.3474892830444,
    -68.52466890065675,
    1168.3219509298742,
    -507.3451272066357,
    -51.36175944304812,
    -206.32323256655664,
    164.54428634387705,
    6.37078332899075,
    -279.5260647370824,
    1214.95012847793,
    -2493.9889740055287,
    -755.2856569534749,
    -485.5004056439895,
    1318.1803513480934,
    -53.889285357419595,
    -1259.0943658762526,
    423.24749201763325,
    -7.316242357589513,
    92.25700648025737,
    181.66005800049993,
    973.5191824490912,
    -431.5617489368323,
    509.57376679436885,
    -836.6489128759732,
    -1696.860663733561,
    742.3543567908907,
    442.1420754104032,
    -225.28123356551833,
    973.5335091556329,
    1420.5367473866522,
    518.6205489567529,
    -627.6620004484633,
    -93.5625992548002,
    -301.6341971237572,
    -2515.868538014255,
    -62.657469793742024,
    -1640.7194658241506,
    -928.3386232644165,
    -1637.0752379860949,
    1513.3719830766875,
    1368.6478209631457,
    1322.2364780354067,
    423.5560762750837,
    1120.2484157714932,
    745.3879492926744,
    -196.4518013295911,
    916.8582831624308,
    -758.704327453699,
    1027.795179997697,
    957.7878305824231,
    -1098.861322094687,
    348.30647642758987,
    1073.6662149106344,
    271.78621875811564,
    3015.302699663628,
    138.50641938036844,
    -154.3568784368477,
    -532.9847609186398,
    -205.54967090055663,
    -767.754834342851,
    1205.8498000094603,
    57.79080027589786,
    1029.55539528091,
    791.8015675754997,
    508.7845694136736,
    808.9496945347493,
    -711.818712982057,
    1158.5116409659627,
    61.92513644431749,
    -180.38304770479888,
    -1124.8108782851973,
    1222.222424641022,
    17.13079870325326,
    -841.1234140816704,
    -323.02621880951244,
    -775.266843558707,
    1255.60357052688,
    -1135.1863971303608,
    -701.365562807455,
    39.36648869068195,
    745.2803789936229,
    1478.3581521119272,
    494.1040423449541,
    1792.1831372150411,
    -1299.8260237724649,
    -488.4112773229161,
    -1015.2524180896662,
    -940.5902500229491,
    890.3153007850151,
    991.5528460345344,
    2130.8895533195205,
    -810.8692461957445,
    1671.8202804628324,
    -190.7827713648904,
    1896.318544285439,
    2077.1144046726317,
    -25.288985763096015,
    1186.3271140836116,
    -1707.191381292679,
    -1367.457735534641,
    1032.058032274459,
    982.0540699643336,
    -583.8310164480323,
    -983.4939873955925,
    20.487422589376425,
    -560.365036955081,
    -514.308570791731,
    -412.866812403757,
    -768.2793241541184,
    -1108.7877415298267,
    -85.83844835628422,
    -523.2902491314587,
    -509.0306857221142,
    -418.99840855242553,
    -171.39571035813805,
    -238.3215552155408,
    -2461.5007691814776,
    -2010.7829134736344,
    929.2666819155104,
    864.3552309570233,
    -103.94937335138461,
    -117.85400220843646,
    262.437443210391,
    -307.032914212006,
    19.767380426914702,
    -2110.2463180763607,
    334.95686414861024,
    1263.5543257084262,
    -82.72307598735293,
    776.7837923176418,
    332.27723141264084,
    -456.2582729570278,
    420.4349358493502,
    235.99484325665904,
    -561.859855315951,
    363.69516504257814,
    757.347417167122,
    1897.0989774362588,
    -1338.4682687307145,
    240.92563938589026,
    349.5279143593493,
    -584.758277051462,
    -1480.9852197754014,
    -322.2240646281565,
    101.34718510361895,
    -1082.4957161476646,
    131.00115473495464,
    -2128.287639917544,
    294.07640242779416,
    1141.2077601387043,
    260.9743069306912,
    -112.7400329186012,
    346.3613567954965,
    -195.44590210527932,
    1386.4878845225128,
    572.0470167114839,
    486.5472062493454,
    -374.69317258309474,
    874.80297118307,
    -1184.250421374275,
    448.8749335600518,
    134.70336736021875,
    -54.366034870542585,
    -1920.890276067796,
    -224.22309976257952,
    627.9306458354059,
    -1407.6831741766762,
    -1445.980650339078,
    1871.4934640482306,
    201.87285605981162
  ],
  "measurements": {
    "500000000": {
      "rate": 0.162109375,
      "temperature_start": 253203020.2765932,
      "temperature_end": 67643462.2457931,
      "temperature_interval": 323.0,
      "offset_increase_rate": 165959112.70113963
    },
    "531250000": {
      "rate": 0.2373046875,
      "temperature_start": 257510119.56074107,
      "temperature_end": 68794108.50387438,
      "temperature_interval": 323.0,
      "offset_increase_rate": 168782153.17961442
    },
    "539062500": {
      "rate": 0.2490234375,
      "temperature_start": 258647229.75088334,
      "temperature_end": 69097888.72787079,
      "temperature_interval": 323.0,
      "offset_increase_rate": 169527459.4480518
    },
    "540039062": {
      "rate": 0.2451171875,
      "temperature_start": 258631890.93932784,
      "temperature_end": 69093790.94768155,
      "temperature_interval": 323.0,
      "offset_increase_rate": 169517405.79405963
    },
    "540527343": {
      "rate": 0.22265625,
      "temperature_start": 258930331.97362673,
      "temperature_end": 69173519.79457341,
      "temperature_interval": 323.0,
      "offset_increase_rate": 169713015.66155547
    },
    "540588378": {
      "rate": 0.23828125,
      "temperature_start": 259048206.29601157,
      "temperature_end": 69205010.04799646,
      "temperature_interval": 323.0,
      "offset_increase_rate": 169790275.07944024
    },
    "540603636": {
      "rate": 0.23828125,
      "temperature_start": 258724861.48142892,
      "temperature_end": 69118628.12911688,
      "temperature_interval": 323.0,
      "offset_increase_rate": 169578342.30523387
    },
    "540603755": {
      "rate": 0.2421875,
      "temperature_start": 258829936.98579013,
      "temperature_end": 69146699.16438514,
      "temperature_interval": 323.0,
      "offset_increase_rate": 169647212.87972924
    },
    "540603814": {
      "rate": 0.2431640625,
      "temperature_start": 258800645.5969733,
      "temperature_end": 69138873.93800595,
      "temperature_interval": 323.0,
      "offset_increase_rate": 169628014.16364554
    },
    "540603874": {
      "rate": 0.251953125,
      "temperature_start": 258872640.22183678,
      "temperature_end": 69158107.38033825,
      "temperature_interval": 323.0,
      "offset_increase_rate": 169675202.24239966
    },
    "540604112": {
      "rate": 0.2734375,
      "temperature_start": 258736908.2729587,
      "temperature_end": 69121846.44257592,
      "temperature_interval": 323.0,
      "offset_increase_rate": 169586238.24119464
    },
    "540604589": {
      "rate": 0.2744140625,
      "temperature_start": 258859311.14106485,
      "temperature_end": 69154546.50191356,
      "temperature_interval": 323.0,
      "offset_increase_rate": 169666465.84417024
    },
    "540605543": {
      "rate": 0.2626953125,
      "temperature_start": 258755726.29492208,
      "temperature_end": 69126873.69760957,
      "temperature_interval": 323.0,
      "offset_increase_rate": 169598572.3050791
    },
    "540607450": {
      "rate": 0.2568359375,
      "temperature_start": 258751270.62384915,
      "temperature_end": 69125683.36023653,