{
  "P": 21,
  "N": 184,
  "values": [
    -828.4886485449329,
    -532.8308821664795,
    323.27650398982655,
    838.2225012217466,
    -352.2792723912029,
    -564.4771530216552,
    -932.4022085677478,
    -615.9104225988212,
    -280.66555990117337,
    -634.5703356008379,
    2162.037454811478,
    -218.59388586991784,
    715.8247453267448,
    1028.8387032706523,
    -948.7071913170545,
    -1199.4515046581155,
    -1346.2371802529406,
    -411.7613119464933,
    1150.6382889193837,
    -194.38932876381682,
    -39.08207162911499,
    -318.66550606396527,
    -1329.6048462819422,
    -1172.48767409495,
    -186.73900783098713,
    -478.9884261535818,
    235.81018579004453,
    -132.90340667392138,
    -314.05547221169974,
    -443.4775612949627,
    -533.4495024727836,
    -2.2639255459859995,
    299.1961779004873,
    1409.3598622371878,
    -297.69338020782374,
    -989.510692511495,
    1737.4369212269994,
    1198.2204887548908,
    -647.600694819786,
    -1037.5671871360817,
    -935.6249634858909,
    -133.5071264346694,
    -1323.1947110059925,
    1471.5562009536675,
    -512.7040005792667,
    -213.71906144005666,
    -165.5141510087178,
    -572.0404613853484,
    328.2623061560031,
    -1.6468410054450335,
    -58.11591860606267,
    853.4428403089771,
    -670.0088429719748,
    1545.9450919651752,
    -1438.511338495596,
    1505.4695648504319,
    -1349.5596647766952,
    -1814.5921041955182,
    -631.5321013613684,
    1103.5824154498587,
    586.7094744186782,
    -89.17834706420315,
    -788.9313876749499,
    -150.1193958530627,
    978.4082097334351,
    -1582.6479083554657,
    410.110687713408,
    -779.0011780483852,
    241.96586037491807,
    -1525.5866119936422,
    539.7748349018111,
    1249.6077233804149,
    -400.31109736138086,
    1562.5225912565195,
    145.549944532772,
    -1152.48392752872,
    445.51092958251377,
    -24.640020856151455,
    2049.834892943176,
    605.1386657339418,
    288.68801708772213,
    -975.6345359365491,
    -448.2785977843234,
    506.0089956170124,
    958.9195595336826,
    -644.4156753060884,
    -1247.2154720550907,
    888.036739962683,
    -799.8761521162213,
    1203.7063504291439,
    303.0289159902766,
    -692.1189620544443,
    571.0260513405797,
    878.419207878768,
    -117.60614338973356,
    -1111.4187150466264,
    -250.40102705575495,
    -13.530794104489573,
    1079.6972975209515,
    94.4775640202218,
    -2096.6397586397125,
    -1559.3649483967952,
    10.485772635618577,
    -18.688087579618063,
    -84.58091597213658,
    -311.4469590472821,
    -2043.0250168938278,
    -134.22862372352787,
    -402.12072581080736,
    291.0097458643822,
    -1157.709534200999,
    -1413.6127365835723,
    94.84210363089929,
    -431.3104290377639,
    111.50199581939354,
    -117.21855276238183,
    -443.8265387111769,
    597.9848042210806,
    369.60904041268634,
    -321.7251809876483,
    -140.18650548147102,
    -297.33947304429114,
    108.9616123211692,
    -894.0725413630195,
    -505.713430832602,
    -20.423148295832746,
    932.0084000271507,
    646.0318624998969,
    -176.9931450456665,
    -1110.7480651634855,
    -483.6809224347858,
    1415.8047292143174,
    1081.581152262698,
    -1910.082142214253,
    -2082.9969196218635,
    -1023.1834026031432,
    -1861.2914190839315,
    1178.7842059817547,
    269.8783019637999,
    342.44665336662314,
    -329.1579547406658,
    -1265.4856628466223,
    505.6763054681922,
    -1099.407695525638,
    2213.588102778666,
    -90.33896642846952,
    -906.1005410877888,
    -112.07817851872645,
    252.46743645824182,
    -180.93481747205985,
    -810.7446749774377,
    -749.2767236652832,
    -869.268456831493,
    1689.9392284868536,
    67.34628254617549,
    -594.3118144749178,
    -2130.8109009251625,
    746.6037799794913,
    -396.81771912507656,
    384.2088447239058,
    -555.578896144531,
    -1155.151340769892,
    -139.9560546993967,
    -451.8102477422209,
    -1141.0177373360805,
    -1568.450092765294,
    -751.3321319753077,
    1020.0688234812618,
    1364.4859958755048,
    -1920.5091347908162,
    -800.7027665453181,
    -1672.5520828117576,
    528.5279492312003,
    1050.4716317467946,
    74.93269674209382,
    279.14359905592374,
    -1526.552653357417,
    821.7650151156998,
    1591.2547327855302,
    497.46730349124556,
    -455.0892128888603,
    530.1434871511864,
    -160.8692407194435,
    -114.60937232193783
  ],
  "measurements": {
    "250000000": {
      "rate": 0.0029296875,
      "temperature_start": 198333006.53654692,
      "temperature_end": 54367644.108927436,
      "temperature_interval": 386.0,
      "offset_increase_rate": 133535122.58469427
    },
    "375000000": {
      "rate": 0.2412109375,
      "temperature_start": 215922166.8265496,
      "temperature_end": 59189237.97028771,
      "temperature_interval": 386.0,
      "offset_increase_rate": 145377683.3188025
    },
    "375976562": {
      "rate": 0.248046875,
      "temperature_start": 216238395.10460106,
      "temperature_end": 59275923.42309516,
      "temperature_interval": 386.0,
      "offset_increase_rate": 145590595.84713942
    },
    "376464843": {
      "rate": 0.2421875,
      "temperature_start": 216384721.3381859,
      "temperature_end": 59316034.81317724,
      "temperature_interval": 386.0,
      "offset_increase_rate": 145689115.46260998
    },
    "376708984": {
      "rate": 0.2412109375,
      "temperature_start": 216283058.64999396,
      "temperature_end": 59288166.729355514,
      "temperature_interval": 386.0,
      "offset_increase_rate": 145620667.25135627
    },
    "376831054": {
      "rate": 0.2197265625,
      "temperature_start": 216169494.1768353,
      "temperature_end": 59257036.09221183,
      "temperature_interval": 386.0,
      "offset_increase_rate": 145544205.71775007
    },
    "376892089": {
      "rate": 0.2333984375,
      "temperature_start": 216383049.18514374,
      "temperature_end": 59315576.4375237,
      "temperature_interval": 386.0,
      "offset_increase_rate": 145687989.62296605
    },
    "376922607": {
      "rate": 0.2412109375,
      "temperature_start": 216288166.8336121,
      "temperature_end": 59289567.000111476,
      "temperature_interval": 386.0,
      "offset_increase_rate": 145624106.52723652
    },
    "376937866": {
      "rate": 0.2353515625,
      "temperature_start": 216384490.08604652,
      "temperature_end": 59315971.4216408,
      "temperature_interval": 386.0,
      "offset_increase_rate": 145688959.7634487
    },
    "376945495": {
      "rate": 0.2470703125,
      "temperature_start": 216191073.23404008,
      "temperature_end": 59262951.408692956,
      "temperature_interval": 386.0,
      "offset_increase_rate": 145558734.62597078
    },
    "376946448": {
      "rate": 0.2421875,
      "temperature_start": 216162105.23670226,
      "temperature_end": 59255010.6135761,
      "temperature_interval": 386.0,
      "offset_increase_rate": 145539230.8371507
    },
    "376946567": {
      "rate": 0.224609375,
      "temperature_start": 216647276.40366882,
      "temperature_end": 59388007.20248574,
      "temperature_interval": 386.0,
      "offset_increase_rate": 145865890.49096632
    },
    "376946626": {
      "rate": 0.244140625,
      "temperature_start": 215956064.1986799,
      "temperature_end": 59198530.020543955,
      "temperature_interval": 386.0,
      "offset_increase_rate": 145400505.993766
    },
    "376946686": {
      "rate": 0.259765625,
      "temperature_start": 216399132.4167407,
      "temperature_end": 59319985.22165325,
      "temperature_interval": 386.0,
      "offset_increase_rate": 145698818.26082295
    },
    "376946925": {
      "rate": 0.255859375,
      "temperature_start": 216265622.37135905,
      "temperature_end": 59283387.04387623,
      "temperature_interval": 386.0,
      "offset_increase_rate": 145608927.62392062
    },
    "376947402": {
      "rate": 0.2509765625,