{
  "P": 22,
  "N": 107,
  "values": [
    -553.0065092370518,
    -787.5994635917414,
    -530.8917395405476,
    335.0977453686469,
    741.2947476829146,
    1489.1689861187665,
    -120.44070178743507,
    1773.2746969951784,
    1059.9072866172437,
    1230.473071779116,
    -1227.7207498215587,
    -605.0476822866492,
    -128.35937918223695,
    855.5407786503574,
    -455.26017948764013,
    286.2985861065501,
    2748.017493291567,
    1817.827042386028,
    21.812696434422914,
    663.7829867982929,
    -385.0730904865918,
    -1522.217454879165,
    2468.678104957731,
    -30.672387631658253,
    2178.0800513265926,
    1302.514278391826,
    849.2677016696283,
    -111.55571012769926,
    731.8985199499696,
    -1735.4630603903297,
    72.11793693868401,
    1657.8025720395556,
    1575.4625368345964,
    -729.0917096100735,
    -1113.0574338257948,
    2792.465364395038,
    -959.6179302429432,
    1185.3820205578186,
    404.6737350357554,
    -389.4959658312568,
    -1584.3183978624033,
    558.1417627536115,
    365.8583179332812,
    89.68568665061981,
    -318.3121350597396,
    -77.15032112527652,
    751.4931756937593,
    -533.3750760135599,
    619.9537586263104,
    1194.4670709679992,
    138.23114878941578,
    846.1775468234038,
    -78.3726444458084,
    28.54057383355171,
    -36.72156713922736,
    665.2741325081589,
    327.06342744748315,
    774.9586707106206,
    -3188.4274124793305,
    1724.7942863770586,
    -741.9657957745138,
    1370.0326729909561,
    431.4632767633294,
    1629.2992764596404,
    1325.6785999296026,
    -1197.295082718148,
    872.133433554709,
    -470.1214900820947,
    964.8326041158155,
    1307.7350276728762,
    -1360.2224323074674,
    1552.3883072893727,
    203.676025683487,
    938.0584035954996,
    1564.3655849469924,
    -1002.5429604855905,
    390.4132080292393,
    2185.556880004411,
    3041.2446450674224,
    508.80965222967035,
    2428.7777444320154,
    966.8926691653193,
    -821.5555867549493,
    -486.3753408209684,
    1106.7609003046803,
    331.2120327545789,
    -272.99248604907234,
    -1270.599615198144,
    -771.1028798668054,
    61.620546635249866,
    348.8606799590651,
    978.4075393254014,
    594.8331302186291,
    -113.7416584640348,
    -269.1610423980096,
    -712.0888354183728,
    1191.930263901642,
    -192.4914439407043,
    -684.4757715614533,
    1031.9074568295514,
    -971.0449673322213,
    -811.4677923856569,
    337.73164190185634,
    468.4115958297716,
    -1413.2240223834506,
    432.75912197298516,
    242.6369014805435
  ],
  "measurements": {
    "500000000": {
      "rate": 0.06640625,
      "temperature_start": 344725814.2907866,
      "temperature_end": 87740269.67737752,
      "temperature_interval": 235.0,
      "offset_increase_rate": 215028575.3178903
    },
    "625000000": {
      "rate": 0.193359375,
      "temperature_start": 362944290.63304144,
      "temperature_end": 92377270.91463324,
      "temperature_interval": 235.0,
      "offset_increase_rate": 226392659.0329359
    },
    "656250000": {
      "rate": 0.23828125,
      "temperature_start": 365995104.34717107,
      "temperature_end": 93153769.82163814,
      "temperature_interval": 235.0,
      "offset_increase_rate": 228295655.8475469
    },
    "671875000": {
      "rate": 0.2373046875,
      "temperature_start": 368278426.24913764,
      "temperature_end": 93734925.25338604,
      "temperature_interval": 235.0,
      "offset_increase_rate": 229719916.62297538
    },
    "672363281": {
      "rate": 0.2451171875,
      "temperature_start": 368700705.19279593,
      "temperature_end": 93842404.4930011,
      "temperature_interval": 235.0,
      "offset_increase_rate": 229983320.27851075
    },
    "672607421": {
      "rate": 0.244140625,
      "temperature_start": 368931233.2657709,
      "temperature_end": 93901078.93643564,
      "temperature_interval": 235.0,
      "offset_increase_rate": 230127116.0751921
    },
    "672622679": {
      "rate": 0.24609375,
      "temperature_start": 367519093.5714433,
      "temperature_end": 93541658.45654692,
      "temperature_interval": 235.0,
      "offset_increase_rate": 229246269.98234642
    },
    "672630308": {
      "rate": 0.2421875,
      "temperature_start": 368816465.5581311,
      "temperature_end": 93871868.04128036,
      "temperature_interval": 235.0,
      "offset_increase_rate": 230055527.77039096
    },
    "672634123": {
      "rate": 0.2470703125,
      "temperature_start": 368515982.0520189,
      "temperature_end": 93795388.40799809,
      "temperature_interval": 235.0,
      "offset_increase_rate": 229868096.08541903
    },
    "672634361": {
      "rate": 0.25,
      "temperature_start": 368403592.4347808,
      "temperature_end": 93766782.7889333,
      "temperature_interval": 235.0,
      "offset_increase_rate": 229797991.15485287
    },
    "672634420": {
      "rate": 0.26171875,
      "temperature_start": 368275930.4151542,
      "temperature_end": 93734290.00897527,
      "temperature_interval": 235.0,
      "offset_increase_rate": 229718359.80418366
    },
    "672634480": {
      "rate": 0.2724609375,
      "temperature_start": 368850349.93887234,
      "temperature_end": 93880492.35829067,
      "temperature_interval": 235.0,
      "offset_increase_rate": 230076663.7277642
    },
    "672634599": {
      "rate": 0.2705078125,
      "temperature_start": 368057083.0417713,
      "temperature_end": 93678588.55940932,
      "temperature_interval": 235.0,
      "offset_increase_rate": 229581850.04204875
    },
    "672635076": {
      "rate": 0.2685546875,
      "temperature_start": 368319066.89868295,
      "temperature_end": 93745269.18877803,
      "temperature_interval": 235.0,
      "offset_increase_rate": 229745266.91764277
    },
    "672636030": {
      "rate": 0.2529296875,
      "temperature_start": 368589510.55682135,
      "temperature_end": 93814103.0228395,
      "temperature_interval": 235.0,
      "offset_increase_rate": 229913960.73778182
    },
    "672637938": {
      "rate": 0.2646484375,
      "temperature_start": 368430872.5985724,
      "temperature_end": 93773726.18808904,
      "temperature_interval": 235.0,
      "offset_increase_rate": 229815007.61985588
    },
    "672668456": {
      "rate": 0.251953125,
      "temperature_start": 367362046.180347,
      "temperature_end": 93501686.45597228,
      "temperature_interval": 235.0,
      "offset_increase_rate": 229148309.00766772
    },
    "672729491": {
      "rate": 0.265625,
      "temperature_start": 368213807.8189869,
      "temperature_end": 93718478.44768564,
      "temperature_interval": 235.0,
      "offset_increase_rate": 229679609.78084585
    },
    "672851562": {
      "rate": 0.2763671875,
      "temperature_start": 367718901.29412425,
      "temperature_end": 93592513.89801627,
      "temperature_interval": 235.0,
      "offset_increase_rate": 229370903.4393272
    },
    "673828125": {
      "rate": 0.2509765625,
      "temperature_start": 368350664.22116613,
      "temperature_end": 93753311.39937215,
      "temperature_interval": 235.0,
      "offset_increase_rate": 229764976.2836251
    },
    "675781250": {
      "rate": 0.2587890625,
      "temperature_start": 369750368.4440776,
      "temperature_end": 94109566.77943262,
      "temperature_interval": 235.0,
      "offset_increase_rate": 230638065.54019356
    },
    "679687500": {
      "rate": 0.2578125,
      "temperature_start": 369386249.0479771,
      "temperature_end": 94016890.41844016,
      "temperature_interval": 235.0,
      "offset_increase_rate": 230410939.8891883
    },
    "687500000": {
      "rate": 0.28515625,
      "temperature_start": 369978938.03857994,
      "temperature_end": 94167742.74720265,
      "temperature_interval": 235.0,
      "offset_increase_rate": 230780639.7026999
    },
    "750000000": {
      "rate": 0.375,
      "temperature_start": 377938219.0424782,
      "temperature_end": 96193554.08122413,