{
  "P": 22,
  "N": 125,
  "values": [
    811.4505125128823,
    -470.7721123896503,
    2223.3916593665845,
    -1053.132813216426,
    1906.9253448598631,
    114.20767466757353,
    -1561.3123569429852,
    1113.306028902865,
    344.2511760765173,
    602.138223475021,
    -488.1714629488734,
    -558.2248674484379,
    -9.108320871620364,
    661.9740008976855,
    2837.4174488627696,
    1032.8784261538199,
    -2252.196782747359,
    1247.024159653366,
    97.2380034152797,
    335.2605083989832,
    -273.17171676743607,
    24.502959426834163,
    -878.2349678947294,
    -1069.9447361634616,
    30.04077928603222,
    1409.8875852001859,
    -201.8760056431355,
    -198.9465850681962,
    -993.5367189893208,
    -356.96415229852875,
    -436.1686003237831,
    -1707.4371598196356,
    -692.3529666568431,
    23.679184366468316,
    2045.3965411810095,
    -619.6165620645041,
    -89.26487933875175,
    -237.11926205760793,
    -967.2408455729628,
    1523.1449006140408,
    418.17677073423397,
    -206.96903373473273,
    -697.133751564388,
    828.1546568496315,
    -102.84348027507387,
    -1098.0116362284252,
    -657.0983083405351,
    422.86707503465533,
    948.5650743561814,
    -1482.3100277278227,
    386.0200924700446,
    741.3915448868328,
    1278.0435418774646,
    1190.701098245899,
    1077.8065768931926,
    -17.510871000559504,
    -672.8278393232472,
    1344.8984116533593,
    -280.4481155878114,
    -239.6416942940433,
    779.8556806226126,
    758.3629928660854,
    -578.3542319067947,
    1365.8444713231017,
    -1371.9011960033645,
    -504.3816112699436,
    -414.5523504655991,
    557.4510158005116,
    707.8351226829478,
    -958.5447242433762,
    237.6516119334912,
    -1843.338147931302,
    -228.15916446187916,
    -1178.6813312366316,
    -1012.0796358499542,
    -712.7770481401976,
    -1458.7270662544888,
    -712.5384439427869,
    -544.9339442404764,
    363.65486739725793,
    1298.9176118992978,
    -570.9541717689071,
    -1869.2731302780603,
    -882.2026762725312,
    591.176009622305,
    -1008.9365406213129,
    -1377.6620519142955,
    681.6281399915742,
    -790.5640009883494,
    286.64354452597286,
    -834.225394630348,
    -1395.3331163767573,
    1497.9789228921522,
    -1391.1491963523952,
    1455.170816809447,
    126.06268002404903,
    1629.0844323990696,
    357.7370225706033,
    518.3464903948917,
    -330.27387846023163,
    -1374.3898575976107,
    937.4208721858912,
    1542.7021729233604,
    -1580.3933142710105,
    -1239.6529424839646,
    -1195.3731599764976,
    1794.5789891083305,
    -1081.055897848681,
    -1771.0234378613243,
    1157.0227677349606,
    -1747.839948564301,
    767.78044774546,
    267.93227542808756,
    -189.3240827736783,
    67.65104603843575,
    -1035.749012405499,
    -1203.977749566713,
    -14.908368478254808,
    1464.4037472457753,
    -1405.7360696320436,
    1518.6114193077997,
    -440.86056862557996,
    1744.3641455516306,
    -973.8570293644584,
    -408.7255672762057
  ],
  "measurements": {
    "250000000": {
      "rate": 0.0,
      "temperature_start": 257863154.39399594,
      "temperature_end": 67239751.01783444,
      "temperature_interval": 275.0,
      "offset_increase_rate": 164852269.209154
    },
    "375000000": {
      "rate": 0.1318359375,
      "temperature_start": 277552256.545007,
      "temperature_end": 72373832.03654364,
      "temperature_interval": 275.0,
      "offset_increase_rate": 177439539.29011202
    },
    "406250000": {
      "rate": 0.212890625,
      "temperature_start": 281661000.4798926,
      "temperature_end": 73445217.82575035,
      "temperature_interval": 275.0,
      "offset_increase_rate": 180066264.9378962
    },
    "414062500": {
      "rate": 0.234375,
      "temperature_start": 282739321.1022104,
      "temperature_end": 73726398.01348379,
      "temperature_interval": 275.0,
      "offset_increase_rate": 180755636.79461563
    },
    "416015625": {
      "rate": 0.23046875,
      "temperature_start": 282891908.54247487,
      "temperature_end": 73766186.33266398,
      "temperature_interval": 275.0,
      "offset_increase_rate": 180853186.15501004
    },
    "416992187": {
      "rate": 0.23046875,
      "temperature_start": 283111688.0259541,
      "temperature_end": 73823495.48093179,
      "temperature_interval": 275.0,
      "offset_increase_rate": 180993691.48103195
    },
    "417114257": {
      "rate": 0.248046875,
      "temperature_start": 283229331.72867703,
      "temperature_end": 73854171.95853284,
      "temperature_interval": 275.0,
      "offset_increase_rate": 181068901.26196253
    },
    "417129515": {
      "rate": 0.2431640625,
      "temperature_start": 283090415.6380762,
      "temperature_end": 73817948.54628798,
      "temperature_interval": 275.0,
      "offset_increase_rate": 180980092.0142085
    },
    "417137144": {
      "rate": 0.2353515625,
      "temperature_start": 283237656.9576643,
      "temperature_end": 73856342.8244155,
      "temperature_interval": 275.0,
      "offset_increase_rate": 181074223.59230268
    },
    "417138097": {
      "rate": 0.24609375,
      "temperature_start": 283112667.13643515,
      "temperature_end": 73823750.79133129,
      "temperature_interval": 275.0,
      "offset_increase_rate": 180994317.42770892
    },
    "417138574": {
      "rate": 0.2333984375,
      "temperature_start": 283261872.9134213,
      "temperature_end": 73862657.31645523,
      "temperature_interval": 275.0,
      "offset_increase_rate": 181089704.8861191
    },
    "417138812": {
      "rate": 0.2421875,
      "temperature_start": 283087605.16967124,
      "temperature_end": 73817215.69557795,
      "temperature_interval": 275.0,
      "offset_increase_rate": 180978295.27789235
    },
    "417138931": {
      "rate": 0.232421875,
      "temperature_start": 282746426.962512,
      "temperature_end": 73728250.9198386,
      "temperature_interval": 275.0,
      "offset_increase_rate": 180760179.58087817
    },
    "417138991": {
      "rate": 0.248046875,
      "temperature_start": 283050797.5689926,
      "temperature_end": 73807617.8377102,
      "temperature_interval": 275.0,
      "offset_increase_rate": 180954764.12816185
    },
    "417139051": {
      "rate": 0.26171875,
      "temperature_start": 282893318.2180053,
      "temperature_end": 73766553.91612855,
      "temperature_interval": 275.0,
      "offset_increase_rate": 180854087.36251515
    },
    "417140959": {
      "rate": 0.26171875,
      "temperature_start": 283395853.3073492,
      "temperature_end": 73897593.70878379,
      "temperature_interval": 275.0,
      "offset_increase_rate": 181175358.73620275
    },
    "417144774": {
      "rate": 0.2529296875,
      "temperature_start": 283263572.0845511,
      "temperature_end": 73863100.38806805,
      "temperature_interval": 275.0,
      "offset_increase_rate": 181090791.16855904
    },
    "417175292": {
      "rate": 0.259765625,
      "temperature_start": 283161356.25320524,
      "temperature_end": 73836446.84360984,
      "temperature_interval": 275.0,
      "offset_increase_rate": 181025444.4470157
    },
    "417236327": {
      "rate": 0.2626953125,
      "temperature_start": 282988432.93422717,
      "temperature_end": 73791355.79157262,
      "temperature_interval": 275.0,
      "offset_increase_rate": 180914894.3313945
    },
    "417480468": {
      "rate": 0.2578125,
      "temperature_start": 283219972.4218989,
      "temperature_end": 73851731.44911247,
      "temperature_interval": 275.0,
      "offset_increase_rate": 181062917.84426865
    },
    "417968750": {
      "rate": 0.2568359375,
      "temperature_start": 283277584.45214796,
      "temperature_end": 73866754.2179865,
      "temperature_interval": 275.0,
      "offset_increase_rate": 181099749.2944331
    },
    "421875000": {
      "rate": 0.275390625,
      "temperature_start": 283361188.75887764,
      "temperature_end": 73888554.66784808,