{
  "P": 23,
  "N": 128,
  "values": [
    772.2168304391432,
    -1084.9741965905846,
    -934.0132366555459,
    -942.3327195270048,
    -211.12925049150525,
    -2241.8655566096218,
    -518.5046862081815,
    265.84953014080054,
    -623.2143815504994,
    1229.234423304538,
    1488.786293470301,
    -1805.2490537481094,
    -680.8284824960267,
    -1328.9493465591017,
    1336.4596207149275,
    -708.6269690848435,
    -1167.530556243221,
    1357.1530796523252,
    -1818.5248772757902,
    -2521.1862774135266,
    460.9840259888067,
    1502.85476120298,
    -579.8764302171714,
    1087.9683930309516,
    -1135.8650917771515,
    -1944.0425646948765,
    611.4328855428379,
    346.13836677820944,
    -437.18610468697386,
    -417.1290779146724,
    1699.3845776021842,
    1196.7745333029618,
    -876.3419922652575,
    336.4086057415256,
    -450.6545900074176,
    -267.59091603495347,
    201.68668719529907,
    575.272195516061,
    1125.9028797853257,
    -638.9566945170303,
    2.951281148672734,
    -83.53780131396013,
    -301.8035960135589,
    887.5616113734918,
    522.9648244966826,
    811.3339157455216,
    -484.1558746004116,
    2190.1456439997246,
    -1496.0793178419901,
    -45.58896132438126,
    -1547.5411995935692,
    -391.6728016022122,
    269.8026048553461,
    346.9621929582081,
    -552.2305411603985,
    -221.78640925539133,
    -1286.261367720954,
    -644.1896879938727,
    -545.1760951609838,
    248.80088156058312,
    1252.2639535670187,
    1957.7190671044227,
    -39.47743400077586,
    -416.32745867876514,
    683.6887053043787,
    280.112551457313,
    558.190733846818,
    -357.8149596269419,
    503.7663924038286,
    -240.70626534217507,
    1061.5789836525441,
    -1365.1990615414795,
    -1041.956396951426,
    -1856.1533286599783,
    -148.32869854989542,
    1692.4531203158522,
    1145.4456652111116,
    148.27256053029816,
    1278.9856022969632,
    979.1217163965005,
    -1408.455829799982,
    2215.3320261140016,
    -814.832634869477,
    -2344.059961474705,
    1380.8440181436283,
    -1056.0787071049078,
    909.3178951223598,
    594.0230146337224,
    -73.09735097926584,
    -569.3331119513075,
    74.88103059962582,
    -267.0190879505183,
    -1488.4131333768682,
    91.4199531793308,
    322.66622258614353,
    -1893.5540005053995,
    -689.5413607089773,
    -861.1831296739856,
    418.89885917027016,
    722.7100001414375,
    -456.3088980230981,
    -675.7055335088272,
    -1063.2428578277036,
    1716.2590419700737,
    -1377.6301291201717,
    -725.5098258435921,
    632.2872785636495,
    1925.4887494033198,
    -492.9578112766982,
    993.202188088105,
    971.3098597747512,
    486.28579354970964,
    -375.44091854161854,
    -506.17725180441874,
    1928.1977531048315,
    -2118.612040685893,
    -808.8847877702666,
    105.1260308730416,
    191.3601645422515,
    970.541901337681,
    -253.22657009034234,
    -737.8694331649526,
    -475.1846593735713,
    1585.1020382117729,
    -1580.3677498829252,
    1327.6924504708966,
    -1186.9657824391847,
    -79.20247923726868
  ],
  "measurements": {
    "250000000": {
      "rate": 0.0,
      "temperature_start": 261554195.507006,
      "temperature_end": 68910778.87790623,
      "temperature_interval": 294.0,
      "offset_increase_rate": 168993484.32129872
    },
    "375000000": {
      "rate": 0.1181640625,
      "temperature_start": 281680455.78607655,
      "temperature_end": 74213375.03409395,
      "temperature_interval": 294.0,
      "offset_increase_rate": 181997316.44994986
    },
    "406250000": {
      "rate": 0.20703125,
      "temperature_start": 285918472.2116351,
      "temperature_end": 75329950.55763502,
      "temperature_interval": 294.0,
      "offset_increase_rate": 184735552.63453
    },
    "414062500": {
      "rate": 0.2451171875,
      "temperature_start": 287125471.01239085,
      "temperature_end": 75647954.35529368,
      "temperature_interval": 294.0,
      "offset_increase_rate": 185515409.8741203
    },
    "415039062": {
      "rate": 0.232421875,
      "temperature_start": 287282611.6980716,
      "temperature_end": 75689355.66802229,
      "temperature_interval": 294.0,
      "offset_increase_rate": 185616940.46494237
    },
    "415283202": {
      "rate": 0.2421875,
      "temperature_start": 287488008.34252065,
      "temperature_end": 75743470.81123555,
      "temperature_interval": 294.0,
      "offset_increase_rate": 185749649.8429971
    },
    "415405272": {
      "rate": 0.2421875,
      "temperature_start": 287579275.89590025,
      "temperature_end": 75767516.75772658,
      "temperature_interval": 294.0,
      "offset_increase_rate": 185808618.96723998
    },
    "415466307": {
      "rate": 0.2451171875,
      "temperature_start": 287614407.10337937,
      "temperature_end": 75776772.65540244,
      "temperature_interval": 294.0,
      "offset_increase_rate": 185831317.6861376
    },
    "415496825": {
      "rate": 0.248046875,
      "temperature_start": 287517507.18215847,
      "temperature_end": 75751242.76844499,
      "temperature_interval": 294.0,
      "offset_increase_rate": 185768709.41756886
    },
    "415496944": {
      "rate": 0.22265625,
      "temperature_start": 287484364.64508826,
      "temperature_end": 75742510.8188807,
      "temperature_interval": 294.0,
      "offset_increase_rate": 185747295.60385475
    },
    "415497003": {
      "rate": 0.2353515625,
      "temperature_start": 287156318.6768743,
      "temperature_end": 75656081.68271807,
      "temperature_interval": 294.0,
      "offset_increase_rate": 185535340.9415387
    },
    "415497063": {
      "rate": 0.2626953125,
      "temperature_start": 287296175.08350635,
      "temperature_end": 75692929.16625166,
      "temperature_interval": 294.0,
      "offset_increase_rate": 185625703.94036424
    },
    "415497301": {
      "rate": 0.2548828125,
      "temperature_start": 287273079.41571575,
      "temperature_end": 75686844.23057294,
      "temperature_interval": 294.0,
      "offset_increase_rate": 185610781.53636646
    },
    "415497778": {
      "rate": 0.251953125,
      "temperature_start": 287483266.4386139,
      "temperature_end": 75742221.47822085,
      "temperature_interval": 294.0,
      "offset_increase_rate": 185746586.0387176
    },
    "415498732": {
      "rate": 0.251953125,
      "temperature_start": 287171923.93017995,
      "temperature_end": 75660193.14481029,
      "temperature_interval": 294.0,
      "offset_increase_rate": 185545423.69369924
    },
    "415500639": {
      "rate": 0.2763671875,
      "temperature_start": 287578155.5482502,
      "temperature_end": 75767221.58360778,
      "temperature_interval": 294.0,
      "offset_increase_rate": 185807895.0964083
    },
    "415504454": {
      "rate": 0.2509765625,
      "temperature_start": 287213906.3559263,
      "temperature_end": 75671254.10925686,
      "temperature_interval": 294.0,
      "offset_increase_rate": 185572549.07164767
    },
    "415512084": {
      "rate": 0.2685546875,
      "temperature_start": 287290797.47606075,
      "temperature_end": 75691512.34662521,
      "temperature_interval": 294.0,
      "offset_increase_rate": 185622229.39996246
    },
    "415527343": {
      "rate": 0.267578125,
      "temperature_start": 287483299.4914304,
      "temperature_end": 75742230.18653204,
      "temperature_interval": 294.0,
      "offset_increase_rate": 185746607.3945617
    },
    "416015625": {
      "rate": 0.263671875,
      "temperature_start": 287535915.8701011,
      "temperature_end": 75756092.84176074,
      "temperature_interval": 294.0,
      "offset_increase_rate": 185780603.50441837
    },
    "417968750": {
      "rate": 0.265625,
      "temperature_start": 287687744.3949284,
      "temperature_end": 75796094.57785007,
      "temperature_interval": 294.0,
      "offset_increase_rate": 185878701.8407123
    },
    "421875000": {
      "rate": 0.283203125,