{
  "P": 16,
  "N": 206,
  "values": [
    -623.796996347559,
    1185.7759653519188,
    -565.4697450604733,
    854.2831800825311,
    -1341.4701716920956,
    1275.787409529813,
    -888.0046823477878,
    -1559.6499485927043,
    -382.53343228016126,
    -185.87668603738035,
    -60.17307001768701,
    -1692.0332791997905,
    264.6514306421025,
    -873.8918746570594,
    -194.53405977712774,
    -2695.447578589695,
    -486.6209338095246,
    1098.2740424046258,
    -1046.6400147647755,
    -958.7445835241309,
    2267.2955904977885,
    -301.9029263217908,
    17.639345557293765,
    -576.3853179230331,
    1050.149371984004,
    737.5517371261228,
    -498.28819256105095,
    -1247.0134236346837,
    1079.2378412233284,
    65.59570210543451,
    -312.6492998846535,
    1104.0225302047863,
    -1352.8064107695297,
    -586.2869625222984,
    1260.0414508390595,
    410.4447221771551,
    -899.0477371485389,
    559.4787533646222,
    -1018.323704192717,
    679.0582943100793,
    -143.54836907368718,
    712.1950518721779,
    -102.20336071458468,
    -836.8900704981249,
    -284.8661144976112,
    54.735201430071285,
    -866.2785897704177,
    -937.6169267126071,
    315.76358161547296,
    394.9527386022038,
    510.98549500301596,
    -761.7277251460301,
    618.6525756042221,
    702.1262884965147,
    180.52854182888473,
    800.5259196652081,
    24.58930466777896,
    -913.0743287913949,
    360.02714415443666,
    -271.17265153378946,
    -173.54096272973212,
    499.95328667450065,
    -186.78459501883376,
    2270.5219711802347,
    -914.7120709546783,
    942.0788174814933,
    -1585.2048223602046,
    1194.5619542026473,
    2485.760634175526,
    299.5893934862828,
    599.5156348952634,
    -1466.1991918029278,
    -551.4726412510305,
    -666.2661034804543,
    1546.7703918869984,
    -804.8884138516694,
    -1318.7789575965778,
    -712.1696905984578,
    -582.2455233622429,
    483.281216537476,
    398.33678720346046,
    -2322.8795851557115,
    1027.8762860133,
    -144.07814355567575,
    -651.2575853450297,
    976.0163134056057,
    1607.0328805393717,
    161.63006267650013,
    -158.24402766721795,
    -418.27475530613634,
    901.7685732891035,
    -715.24731156211,
    179.98137173538458,
    780.2619082540838,
    422.7560947334447,
    -25.897541849006753,
    -127.50096543131568,
    754.7358697077988,
    -2141.509460518393,
    290.5394365696375,
    502.08888575692043,
    910.1181445190683,
    806.7035105171983,
    1036.8096305455479,
    -650.0150638599283,
    1727.74929223406,
    -706.4916824334831,
    1156.177514604989,
    279.3994220812243,
    -868.9804716357912,
    924.8304623598135,
    -608.9482975412391,
    198.42285200655365,
    381.6138502493915,
    1160.231116322955,
    -253.56213344145362,
    687.963755223066,
    -902.3416639512243,
    64.2226494867827,
    42.08527472665351,
    570.5984521501796,
    -2068.989755231459,
    1640.894970455733,
    -61.251081361438715,
    -2480.878468240352,
    577.208647509086,
    -2322.29971758227,
    -1195.0070992934977,
    -295.3301130529548,
    1756.2564655998858,
    -215.61085146001037,
    -1112.7683066583934,
    -526.0176174460091,
    920.2059990924403,
    941.8580267781226,
    440.49995654947094,
    833.5947671899656,
    -786.1850088643318,
    1158.0974100677613,
    2492.5394590149813,
    203.63936243038006,
    1641.519668632214,
    -1365.8592287142046,
    -203.5061804586249,
    310.32277004758,
    425.545418915842,
    837.9001218651721,
    -1653.5406446641232,
    -1980.3855090932652,
    -82.45299328003368,
    -132.6522244027878,
    -2528.0428828541853,
    -45.017957936482176,
    1819.8193806132672,
    387.52838684134736,
    -2263.898852476976,
    -506.21053602209787,
    676.5849824161411,
    -256.7496405779624,
    52.90446870852538,
    -468.18933480435055,
    623.5372093357659,
    -118.4704423088143,
    1425.73656628794,
    -721.414207981355,
    -632.7517117117892,
    -791.1389830765045,
    866.8947810802006,
    427.76730356930364,
    1167.0215770776372,
    -1008.9101009436858,
    319.4457299781416,
    -326.1842850738312,
    322.7790806880249,
    -1133.4352194308642,
    -30.200013577796344,
    2161.67278073955,
    332.34309783430774,
    815.5986738749943,
    1469.8138759783724,
    421.3696286186385,
    -955.726643110988,
    -1141.3791763528463,
    -824.6053176586269,
    45.715909043671594,
    -1381.3528010377152,
    -443.455739381004,
    -652.0211540133924,
    -834.3558365196825,
    32.61898804597631,
    -1309.569024533648,
    667.6097611249407,
    1820.0494128406854,
    -1324.9559851998956,
    -1622.2987438839796,
    85.72974882869403,
    -1640.3786490654115,
    -326.77469194954165,
    -1387.6429462546976,
    746.3353996606961,
    -993.523376079567,
    -877.4787269410807,
    620.7022834190466,
    197.3179799002283,
    -461.92917790960536,
    195.43903195235325
  ],
  "measurements": {
    "500000000": {
      "rate": 0.2216796875,
      "temperature_start": 262098055.05413222,
      "temperature_end": 70221727.42013454,
      "temperature_interval": 329.0,
      "offset_increase_rate": 172302836.36723337
    },
    "503906250": {
      "rate": 0.2353515625,
      "temperature_start": 262944343.16459805,
      "temperature_end": 70448466.27555929,
      "temperature_interval": 329.0,
      "offset_increase_rate": 172859184.79868966
    },
    "504882812": {
      "rate": 0.234375,
      "temperature_start": 262962730.74124473,
      "temperature_end": 70453392.70431489,
      "temperature_interval": 329.0,
      "offset_increase_rate": 172871272.76175946
    },
    "505126952": {
      "rate": 0.2451171875,
      "temperature_start": 263125773.87201846,
      "temperature_end": 70497075.47900985,
      "temperature_interval": 329.0,
      "offset_increase_rate": 172978457.0515349
    },
    "505249022": {
      "rate": 0.2412109375,
      "temperature_start": 262685188.9791314,
      "temperature_end": 70379033.27435726,
      "temperature_interval": 329.0,
      "offset_increase_rate": 172688817.2574154
    },
    "505310057": {
      "rate": 0.244140625,
      "temperature_start": 262961104.45728487,
      "temperature_end": 70452956.98773196,
      "temperature_interval": 329.0,
      "offset_increase_rate": 172870203.64532143
    },
    "505340575": {
      "rate": 0.2451171875,
      "temperature_start": 263053779.9874009,
      "temperature_end": 70477786.76303488,
      "temperature_interval": 329.0,
      "offset_increase_rate": 172931128.38853455
    },
    "505355834": {
      "rate": 0.21875,
      "temperature_start": 263056969.99245226,
      "temperature_end": 70478641.43425761,
      "temperature_interval": 329.0,
      "offset_increase_rate": 172933225.49268234
    },
    "505359648": {
      "rate": 0.240234375,
      "temperature_start": 262862263.67450672,
      "temperature_end": 70426475.4081384,
      "temperature_interval": 329.0,
      "offset_increase_rate": 172805225.87500602
    },
    "505361555": {
      "rate": 0.2373046875,
      "temperature_start": 263079229.65741903,
      "temperature_end": 70484605.27906919,
      "temperature_interval": 329.0,
      "offset_increase_rate": 172947858.9603346
    },
    "505362509": {
      "rate": 0.248046875,
      "temperature_start": 262827933.97024882,
      "temperature_end": 70417277.73921895,
      "temperature_interval": 329.0,
      "offset_increase_rate": 172782657.58309683
    },
    "505362986": {
      "rate": 0.2490234375,
      "temperature_start": 262818170.4637208,
      "temperature_end": 70414661.88503441,
      "temperature_interval": 329.0,
      "offset_increase_rate": 172776239.0697381
    },
    "505363224": {
      "rate": 0.2470703125,
      "temperature_start": 262979389.28964534,
      "temperature_end": 70457855.88907512,
      "temperature_interval": 329.0,
      "offset_increase_rate": 172882224.06446403
    },
    "505363343": {
      "rate": 0.23828125,