{
  "P": 23,
  "N": 92,
  "values": [
    45.137310074661045,
    -586.0962767812634,
    -1748.468279046517,
    -853.28682625469,
    1007.7098748961049,
    -607.9589026485716,
    -277.4968864467007,
    -477.15715025902153,
    177.66275025854085,
    1303.2017187006884,
    -83.60984137993206,
    613.4285425152925,
    -371.2911588413376,
    413.10780953173736,
    -795.7298815210728,
    -1330.3387065879692,
    815.197522307844,
    -1648.1224518094007,
    -1650.5798270655598,
    -216.70689125446606,
    350.0208293791848,
    481.3278590084062,
    857.2695074763441,
    -624.660197388297,
    -2137.907093959319,
    -1227.8149544277935,
    -126.36500485779482,
    -698.382219587305,
    715.6409615946318,
    85.99780209826254,
    -1003.265819945496,
    729.1756225164659,
    -1910.8700100484214,
    261.1895245500011,
    -7.499059324638611,
    -1634.6772739227386,
    979.8121241966295,
    -69.82198672396923,
    -319.7519600633237,
    98.17252047040124,
    -697.2193273928024,
    435.32051910310076,
    -379.13383339558186,
    299.1504626035465,
    312.420786744292,
    -1721.3728691587546,
    375.86637465697504,
    1871.6062261448883,
    -751.6887996388913,
    -543.2943052641864,
    -1422.2978773020823,
    567.9881334138794,
    -1806.932278823742,
    190.9016625491618,
    -560.2963107434318,
    1716.3780724658889,
    583.5231924697121,
    -198.84661810242667,
    1741.9124563828568,
    -905.8394974748481,
    546.9643152252592,
    174.94017855397672,
    1202.293626306293,
    -1412.1372106397766,
    392.8452347750598,
    1220.4587689868279,
    -369.9654174861091,
    941.9208220617065,
    427.03753727928444,
    607.7895126162841,
    -192.99698436332142,
    -672.1435174720541,
    -198.09077929959082,
    709.4736807071357,
    567.3265080167494,
    -837.4514772105849,
    -455.0109060786855,
    1215.07314480579,
    -279.49660706523457,
    384.99411178560644,
    466.4990133848935,
    -903.4683215534336,
    -638.989378619409,
    -2344.927022845703,
    -62.26924722534177,
    -695.4362390463335,
    -467.91079053275604,
    -142.66267904002484,
    462.4652701202103,
    889.919403032662,
    -133.46192865687829,
    874.2027452868562
  ],
  "measurements": {
    "250000000": {
      "rate": 0.0224609375,
      "temperature_start": 219437936.8951156,
      "temperature_end": 54903782.90791677,
      "temperature_interval": 211.0,
      "offset_increase_rate": 134541593.6232263
    },
    "312500000": {
      "rate": 0.212890625,
      "temperature_start": 229886615.4729811,
      "temperature_end": 57518061.86273544,
      "temperature_interval": 211.0,
      "offset_increase_rate": 140947878.18374336
    },
    "316406250": {
      "rate": 0.23828125,
      "temperature_start": 230765076.43320605,
      "temperature_end": 57737854.4406994,
      "temperature_interval": 211.0,
      "offset_increase_rate": 141486479.39006504
    },
    "317382812": {
      "rate": 0.2275390625,
      "temperature_start": 231057281.97920972,
      "temperature_end": 57810964.8157297,
      "temperature_interval": 211.0,
      "offset_increase_rate": 141665636.19577122
    },
    "317398070": {
      "rate": 0.232421875,
      "temperature_start": 231156689.9283157,
      "temperature_end": 57835836.87082764,
      "temperature_interval": 211.0,
      "offset_increase_rate": 141726585.10953143
    },
    "317399977": {
      "rate": 0.2451171875,
      "temperature_start": 230901264.9483589,
      "temperature_end": 57771929.06232727,
      "temperature_interval": 211.0,
      "offset_increase_rate": 141569979.17192182
    },
    "317400930": {
      "rate": 0.248046875,
      "temperature_start": 230898572.68529308,
      "temperature_end": 57771255.453064516,
      "temperature_interval": 211.0,
      "offset_increase_rate": 141568328.49397412
    },
    "317401407": {
      "rate": 0.2314453125,
      "temperature_start": 231225816.2372961,
      "temperature_end": 57853132.40283631,
      "temperature_interval": 211.0,
      "offset_increase_rate": 141768967.77090305
    },
    "317401466": {
      "rate": 0.2666015625,
      "temperature_start": 230900432.8459193,
      "temperature_end": 57771720.86873804,
      "temperature_interval": 211.0,
      "offset_increase_rate": 141569468.9940107
    },
    "317401526": {
      "rate": 0.26171875,
      "temperature_start": 231199663.93930906,
      "temperature_end": 57846589.04888603,
      "temperature_interval": 211.0,
      "offset_increase_rate": 141752933.29711118
    },
    "317401645": {
      "rate": 0.2578125,
      "temperature_start": 231203321.83868212,
      "temperature_end": 57847504.26216191,
      "temperature_interval": 211.0,
      "offset_increase_rate": 141755176.02513683
    },
    "317401884": {
      "rate": 0.2509765625,
      "temperature_start": 231293236.2416147,
      "temperature_end": 57870001.014222,
      "temperature_interval": 211.0,
      "offset_increase_rate": 141810304.26427084
    },
    "317405699": {
      "rate": 0.2685546875,
      "temperature_start": 231017664.0930063,
      "temperature_end": 57801052.34638114,
      "temperature_interval": 211.0,
      "offset_increase_rate": 141641345.71245182
    },
    "317413329": {
      "rate": 0.2607421875,
      "temperature_start": 230756308.25367585,
      "temperature_end": 57735660.62575457,
      "temperature_interval": 211.0,
      "offset_increase_rate": 141481103.45159307
    },
    "317443847": {
      "rate": 0.259765625,
      "temperature_start": 231052220.2456882,
      "temperature_end": 57809698.36051991,
      "temperature_interval": 211.0,
      "offset_increase_rate": 141662532.75019512
    },
    "317504882": {
      "rate": 0.2587890625,
      "temperature_start": 230562396.63882565,
      "temperature_end": 57687143.57644351,
      "temperature_interval": 211.0,
      "offset_increase_rate": 141362212.5339462
    },
    "317626952": {
      "rate": 0.267578125,
      "temperature_start": 231275975.17671907,
      "temperature_end": 57865682.263448104,
      "temperature_interval": 211.0,
      "offset_increase_rate": 141799721.1754415
    },
    "317871093": {
      "rate": 0.26953125,
      "temperature_start": 231230924.08465913,
      "temperature_end": 57854410.395815626,
      "temperature_interval": 211.0,
      "offset_increase_rate": 141772099.48975682
    },
    "318359375": {
      "rate": 0.2529296875,
      "temperature_start": 230980665.62342057,
      "temperature_end": 57791795.259977564,
      "temperature_interval": 211.0,
      "offset_increase_rate": 141618661.2435304
    },
    "320312500": {
      "rate": 0.2861328125,
      "temperature_start": 231459652.59516448,
      "temperature_end": 57911638.69764586,
      "temperature_interval": 211.0,
      "offset_increase_rate": 141912337.31164795
    },
    "328125000": {
      "rate": 0.3056640625,
      "temperature_start": 232474577.6139513,
      "temperature_end": 58165574.83871484,
      "temperature_interval": 211.0,
      "offset_increase_rate": 142534607.24075747
    },
    "343750000": {
      "rate": 0.4228515625,
      "temperature_start": 234298066.29744434,
      "temperature_end": 58621815.123462856,
      "temperature_interval": 211.0,
      "offset_increase_rate": 143652623.00823316
    },
    "359375000": {
      "rate": 0.4794921875,
      "temperature_start": 236628592.50017083,
      "temperature_end": 59204917.14541116,
      "temperature_interval": 211.0,
      "offset_increase_rate": 145081513.17067292
    },
    "359405517": {
      "rate": 0.4775390625,
      "temperature_start": 236667655.27991802,
      "temperature_end": 59214690.726084426,
      "temperature_interval": 211.0,
      "offset_increase_rate": 145105463.3076132
    },
    "359409331": {
      "rate": 0.48828125,
      "temperature_start": 236357404.20558268,
      "temperature_end": 59137065.32605892,
      "temperature_interval": 211.0,
      "offset_increase_rate": 144915242.44355023
    },