{
  "P": 8,
  "N": 156,
  "values": [
    659.486726464855,
    895.4306372311104,
    -675.4745364097528,
    -221.23016538122152,
    1170.9041342057617,
    723.3371912370366,
    116.73573866368966,
    -1013.8177371574171,
    2277.0787961289057,
    108.13468973861555,
    -1638.5408398864722,
    1400.7907331280378,
    -318.4181386213018,
    -789.186903530308,
    2059.84821140637,
    284.9670660194248,
    102.51547902390658,
    -1421.8670377319577,
    -1042.5042182255727,
    -1096.315929582767,
    522.7904165613185,
    -12.99840761692128,
    -733.041504982959,
    -415.2976166232113,
    408.1921030661232,
    2109.367229681758,
    -2142.2235404890416,
    -947.822041141308,
    -1874.1206586525238,
    902.5860943548729,
    476.44705549590395,
    -856.4978381528324,
    580.4923415108073,
    559.0585028030388,
    489.73082970968187,
    221.84457190698424,
    -753.6452729929172,
    -811.6832607612332,
    55.72513313725558,
    1877.4101684574775,
    -839.018173583348,
    -865.9570122773383,
    2242.0134652276674,
    -239.93092515556057,
    -634.8428635720462,
    -504.7940314675484,
    -525.0197086940038,
    632.0122880099091,
    -522.2139346188663,
    1108.4996463892087,
    -508.23528942339846,
    -491.315966748688,
    1850.9816492797625,
    509.23893719764857,
    -594.5512700164712,
    347.91808500464117,
    1298.3376544353644,
    -369.4786741973109,
    -645.0616855196943,
    1644.7934546698968,
    2257.023347573672,
    1232.5768204708068,
    399.41867778650624,
    132.4006887869905,
    -133.82794276476312,
    1265.2885267249328,
    90.44758991866881,
    1340.6563891907283,
    -77.40173228062454,
    -94.0385419580701,
    -1457.910649222895,
    3016.8721240038435,
    434.56123261928127,
    -2921.347385611095,
    1125.6354717573008,
    -1261.4047145909963,
    1737.4694913062333,
    735.0766891982629,
    820.4651030650197,
    1450.6425481412264,
    -426.5925958160246,
    293.63980272762996,
    256.21508067669924,
    -292.85219287615007,
    403.8332997056143,
    593.8294551951811,
    12.348037703043952,
    494.08896679162484,
    -1820.6163581980422,
    1442.1801126227563,
    441.62702925724625,
    -1498.8790200105232,
    -1626.7402394965184,
    845.731515985623,
    825.5690912866844,
    463.214041721744,
    -1190.959758264241,
    35.116968977316006,
    -509.2403248906919,
    -1285.1432973097583,
    420.69973415223166,
    74.85179064430878,
    130.2032040143009,
    1291.7614799253997,
    1649.5728941575278,
    249.71689062526033,
    -174.31278002929878,
    95.11995314581212,
    -932.8887370231712,
    913.3976889569368,
    -495.5953892395087,
    -491.7053312318103,
    -628.4187800446736,
    -1221.6781969837527,
    498.5958076895468,
    288.0582930977746,
    -1345.1842065998949,
    420.60577678868765,
    -718.4997395558785,
    -1151.0164687934862,
    20.984510137544206,
    -1033.6166962230322,
    -1316.8348959295706,
    1544.371081708514,
    104.38883927093305,
    -1641.641725486772,
    -209.27258152438333,
    -29.959270448989265,
    969.0543071147304,
    -974.4830655630126,
    1116.8225213886205,
    -77.46252428861355,
    1669.5382256110402,
    -928.1816951290258,
    -748.1299554216491,
    1238.2710767025753,
    1102.8091752827027,
    -517.778967136485,
    836.9181139980791,
    116.59065940855008,
    -313.31137772003933,
    -2015.8203935670217,
    -810.6254726136408,
    -985.5853013364499,
    -646.1261336003885,
    781.7344856973409,
    -2238.4746211912957,
    -83.17688642991817,
    1159.9163449713387,
    -1255.7176968095177,
    226.7650095287145,
    -458.7466056479777,
    523.2423714967283,
    1389.199157218281,
    -48.04670356852751,
    -769.1847139996086
  ],
  "measurements": {
    "500000000": {
      "rate": 0.0771484375,
      "temperature_start": 301988154.3976113,
      "temperature_end": 68932649.84975798,
      "temperature_interval": 124.0,
      "offset_increase_rate": 169233025.5205121
    },
    "562500000": {
      "rate": 0.1923828125,
      "temperature_start": 313266582.0866878,
      "temperature_end": 71507094.8914774,
      "temperature_interval": 124.0,
      "offset_increase_rate": 175553413.96337694
    },
    "578125000": {
      "rate": 0.2138671875,
      "temperature_start": 315724487.0204818,
      "temperature_end": 72068143.0574334,
      "temperature_interval": 124.0,
      "offset_increase_rate": 176930814.64062363
    },
    "582031250": {
      "rate": 0.216796875,
      "temperature_start": 316449801.4822008,
      "temperature_end": 72233705.33890888,
      "temperature_interval": 124.0,
      "offset_increase_rate": 177337278.136039
    },
    "583007812": {
      "rate": 0.25,
      "temperature_start": 316738200.9594668,
      "temperature_end": 72299536.19980103,
      "temperature_interval": 124.0,
      "offset_increase_rate": 177498896.11802116
    },
    "583496093": {
      "rate": 0.2470703125,
      "temperature_start": 316677578.2849152,
      "temperature_end": 72285698.3007412,
      "temperature_interval": 124.0,
      "offset_increase_rate": 177464923.39928994
    },
    "583740234": {
      "rate": 0.2373046875,
      "temperature_start": 316880647.9088597,
      "temperature_end": 72332051.53373608,
      "temperature_interval": 124.0,
      "offset_increase_rate": 177578722.85251677
    },
    "583862304": {
      "rate": 0.2412109375,
      "temperature_start": 316748028.50251997,
      "temperature_end": 72301779.46191019,
      "temperature_interval": 124.0,
      "offset_increase_rate": 177504403.43617287
    },
    "583892821": {
      "rate": 0.2294921875,
      "temperature_start": 316877235.1492909,
      "temperature_end": 72331272.527815,
      "temperature_interval": 124.0,
      "offset_increase_rate": 177576810.35489467
    },
    "583908080": {
      "rate": 0.2451171875,
      "temperature_start": 316707914.7653585,
      "temperature_end": 72292622.98951995,
      "temperature_interval": 124.0,
      "offset_increase_rate": 177481923.84879202
    },
    "583915709": {
      "rate": 0.240234375,
      "temperature_start": 316781199.8333031,
      "temperature_end": 72309351.24145393,
      "temperature_interval": 124.0,
      "offset_increase_rate": 177522992.5251395
    },
    "583919524": {
      "rate": 0.232421875,
      "temperature_start": 316914325.3663433,
      "temperature_end": 72339738.84315781,
      "temperature_interval": 124.0,
      "offset_increase_rate": 177597595.57298213
    },
    "583921431": {
      "rate": 0.2470703125,
      "temperature_start": 316940148.88359296,
      "temperature_end": 72345633.39049861,
      "temperature_interval": 124.0,
      "offset_increase_rate": 177612066.97489014
    },
    "583922385": {
      "rate": 0.2490234375,
      "temperature_start": 316829028.50478995,
      "temperature_end": 72320268.74605262,
      "temperature_interval": 124.0,
      "offset_increase_rate": 177549795.53268963
    },
    "583922862": {
      "rate": 0.2353515625,
      "temperature_start": 316653237.8456284,
      "temperature_end": 72280142.28487067,
      "temperature_interval": 124.0,
      "offset_increase_rate": 177451283.10869238
    },
    "583923100": {
      "rate": 0.2275390625,
      "temperature_start": 316884868.51136804,
      "temperature_end": 72333014.94011685,
      "temperature_interval": 124.0,
      "offset_increase_rate": 177581088.0622828
    },
    "583923219": {
      "rate": 0.23046875,
      "temperature_start": 316925952.7621882,
      "temperature_end": 72342392.9446342,
      "temperature_interval": 124.0,
      "offset_increase_rate": 177604111.52186656
    },
    "583923279": {
      "rate": 0.25390625,
      "temperature_start": 316756066.9116155,
      "temperature_end": 72303614.33136272,
      "temperature_interval": 124.0,
      "offset_increase_rate": 177508908.13038623
    },
    "583923339": {
      "rate": 0.2666015625,
      "temperature_start": 316841603.2582251,