{
  "P": 24,
  "N": 151,
  "values": [
    1000.984409357222,
    -77.71152693366277,
    -469.48104730035124,
    -18.112842378384382,
    736.1940307859687,
    -1317.6141457624003,
    900.4199638276865,
    -599.9269602995282,
    683.0330943289538,
    2370.2828972554175,
    -1259.2756065858507,
    -915.6520064718616,
    -830.3089261234251,
    -203.85490088297087,
    -1148.7197033596442,
    1248.2392546033736,
    1543.456099539112,
    -597.4722909374826,
    1996.4630562733707,
    832.1561190386491,
    2668.855991505933,
    -2579.8582349224675,
    1952.0296430320875,
    -8.387354252251765,
    -247.50748430660954,
    2038.857461650503,
    813.2688778933901,
    189.5637368693195,
    176.4265784983495,
    -1612.9375105002914,
    -480.5820810443652,
    -297.6274383281811,
    -119.01593020067679,
    1045.67471836404,
    -768.2961967831677,
    -752.1785937777905,
    646.5983095329578,
    -1566.527147774685,
    443.02610158689913,
    1370.3505521007894,
    -1106.0254946353007,
    -866.7498830235114,
    -837.7675099368862,
    -1727.6418472705775,
    734.7136907777823,
    -14.424254455504192,
    -445.5384755420172,
    1673.7567542067702,
    1178.6520057016537,
    -476.74478595709184,
    1530.3387478746888,
    -52.96460691372469,
    -228.36644306631447,
    2432.7615545001267,
    -279.2828936006212,
    1475.8441182389272,
    -669.6266839904307,
    635.2863740110295,
    -778.2366637212546,
    -326.1891467250141,
    -1019.6308106391403,
    -2068.640015416177,
    195.93551363676735,
    310.36328419149623,
    836.0741756044177,
    -630.5721531586835,
    10.41356153725404,
    -552.2835636246739,
    -778.1474218041508,
    -365.20494435362997,
    -560.4315132848856,
    -1807.2918024799558,
    211.28075548018685,
    -1015.1024804155516,
    -755.4007732552744,
    1100.6811224159467,
    -1384.20854636412,
    -575.9367087954568,
    1131.2859705074295,
    78.52160791347556,
    584.123754915281,
    211.86700255355134,
    -603.578533815895,
    1970.4781134882119,
    -3106.105842670438,
    -779.603370153172,
    -981.2710892803385,
    -1114.4271743241397,
    165.74010901005724,
    -853.9588937282102,
    -725.4594430640773,
    377.20889600630267,
    516.3131974731335,
    1467.7548441812983,
    852.425271603118,
    601.1801682456695,
    -1475.9540828988822,
    32.64337766757609,
    486.8994042482815,
    -103.89423850489175,
    -632.0515772291858,
    -744.5918560985679,
    -548.2476390567599,
    -623.7739561372168,
    104.81860140408858,
    -1511.5289970111771,
    1389.0329238261254,
    -1118.1817234346734,
    137.60676490168404,
    2062.4794510573374,
    -7.902992268392308,
    391.20317002421643,
    -711.3932681580596,
    -1141.8847001269571,
    -810.8131081896657,
    -163.37919110369785,
    1002.0926455447224,
    241.6896489581795,
    -504.46247924387956,
    1249.972577620841,
    1651.4341511666698,
    -204.35492686184335,
    -1911.7530298885326,
    20.1111759513817,
    703.8536918143851,
    29.76935596079354,
    510.4562632004945,
    -1688.5380631860578,
    -592.584247245933,
    -91.41731070377698,
    429.25607387568874,
    164.94640554912894,
    -2074.2613467033266,
    1041.71274500653,
    320.05099645558226,
    1956.0849774331377,
    1002.2202154281599,
    142.5701083357664,
    782.5270972671216,
    1127.9765249721186,
    316.45293902540095,
    -1320.3093006736292,
    -974.3445599671893,
    7.593974674436589,
    -1549.8301883275108,
    279.5364369097887,
    -1138.9870643259487,
    33.40259283558498,
    401.66138290996787,
    342.86828145346357,
    -1804.7062335476849
  ],
  "measurements": {
    "281250000": {
      "rate": 0.0,
      "temperature_start": 258281661.60108477,
      "temperature_end": 70157501.56180696,
      "temperature_interval": 362.0,
      "offset_increase_rate": 172242599.2954849
    },
    "421875000": {
      "rate": 0.0751953125,
      "temperature_start": 278805610.71909916,
      "temperature_end": 75732457.92291895,
      "temperature_interval": 362.0,
      "offset_increase_rate": 185929588.61552042
    },
    "492187500": {
      "rate": 0.2158203125,
      "temperature_start": 288106683.97580624,
      "temperature_end": 78258924.79435232,
      "temperature_interval": 362.0,
      "offset_increase_rate": 192132278.43887806
    },
    "500000000": {
      "rate": 0.25,
      "temperature_start": 288971560.9182936,
      "temperature_end": 78493852.83789667,
      "temperature_interval": 362.0,
      "offset_increase_rate": 192709046.65277797
    },
    "500976562": {
      "rate": 0.240234375,
      "temperature_start": 288985110.4695525,
      "temperature_end": 78497533.32631275,
      "temperature_interval": 362.0,
      "offset_increase_rate": 192718082.56308478
    },
    "505371093": {
      "rate": 0.234375,
      "temperature_start": 289508334.9881234,
      "temperature_end": 78639657.72163862,
      "temperature_interval": 362.0,
      "offset_increase_rate": 193067009.97254592
    },
    "507568359": {
      "rate": 0.2470703125,
      "temperature_start": 290003016.56105673,
      "temperature_end": 78774028.94648877,
      "temperature_interval": 362.0,
      "offset_increase_rate": 193396902.69283208
    },
    "508666992": {
      "rate": 0.2314453125,
      "temperature_start": 290183359.44598585,
      "temperature_end": 78823015.80119863,
      "temperature_interval": 362.0,
      "offset_increase_rate": 193517169.56378248
    },
    "509216308": {
      "rate": 0.2412109375,
      "temperature_start": 290133920.2036066,
      "temperature_end": 78809586.53292254,
      "temperature_interval": 362.0,
      "offset_increase_rate": 193484199.57450098
    },
    "509490966": {
      "rate": 0.2314453125,
      "temperature_start": 290317748.7117504,
      "temperature_end": 78859520.1935907,
      "temperature_interval": 362.0,
      "offset_increase_rate": 193606790.93414694
    },
    "509628295": {
      "rate": 0.2294921875,
      "temperature_start": 290238075.91785395,
      "temperature_end": 78837878.53259328,
      "temperature_interval": 362.0,
      "offset_increase_rate": 193553658.8262428
    },
    "509662627": {
      "rate": 0.236328125,
      "temperature_start": 289806796.15163064,
      "temperature_end": 78720729.25190173,
      "temperature_interval": 362.0,
      "offset_increase_rate": 193266047.43526223
    },
    "509679793": {
      "rate": 0.23828125,
      "temperature_start": 290316532.3573383,
      "temperature_end": 78859189.79310453,
      "temperature_interval": 362.0,
      "offset_increase_rate": 193605979.77301264
    },
    "509684084": {
      "rate": 0.220703125,
      "temperature_start": 290156500.3669355,
      "temperature_end": 78815720.02236268,
      "temperature_interval": 362.0,
      "offset_increase_rate": 193499257.8097631
    },
    "509686230": {
      "rate": 0.2392578125,
      "temperature_start": 290225156.9907185,
      "temperature_end": 78834369.3417159,
      "temperature_interval": 362.0,
      "offset_increase_rate": 193545043.46587947
    },
    "509686498": {
      "rate": 0.240234375,
      "temperature_start": 289994943.24282,
      "temperature_end": 78771835.97687066,
      "temperature_interval": 362.0,
      "offset_increase_rate": 193391518.7669683
    },
    "509686632": {
      "rate": 0.236328125,
      "temperature_start": 290235940.61428815,
      "temperature_end": 78837298.51633382,
      "temperature_interval": 362.0,
      "offset_increase_rate": 193552234.83727595
    },
    "509686699": {
      "rate": 0.2568359375,
      "temperature_start": 290321137.0027606,
      "temperature_end": 78860440.56103131,
      "temperature_interval": 362.0,
      "offset_increase_rate": 193609050.51404572
    },
    "509686766": {
      "rate": 0.259765625,
      "temperature_start": 290184145.38782847,
      "temperature_end": 78823229.2879623,
      "temperature_interval": 362.0,