{
  "P": 25,
  "N": 123,
  "values": [
    28.757526948495673,
    -475.2712855273813,
    495.8485005811972,
    -494.12491611268877,
    2164.656740458655,
    478.6911974317525,
    648.4944224621007,
    -571.5374159281655,
    460.43463582989267,
    1029.3587597010926,
    290.0249818716664,
    1299.8350066309044,
    -248.9066802757506,
    -600.379593786487,
    482.57564792289816,
    909.2781008639593,
    -762.7164967914719,
    426.42640107662294,
    -675.4379283698181,
    -1392.3631956683287,
    -630.4890572371875,
    1327.3210572498276,
    797.8548370212029,
    293.6886680628744,
    -155.4988088145567,
    373.06264648673306,
    265.1878069620705,
    362.17950303012884,
    2112.33054369773,
    -1104.7793562510335,
    -368.48615624372235,
    1054.742320615701,
    2520.848554530955,
    -289.78186954402986,
    77.0990519932272,
    -1211.130750053575,
    -973.8517322101223,
    -338.76357566026473,
    473.3981785055034,
    996.6969408657499,
    404.482783384886,
    551.2053743030378,
    -1341.0654343004346,
    -987.6622424907075,
    421.9466262063008,
    915.3901123392405,
    -338.9934450546641,
    17.092676516670114,
    -240.19241880338942,
    -2018.5741019559016,
    1239.9155962766679,
    269.49543796193285,
    -50.110507827151835,
    528.7808477058644,
    942.2018212680862,
    366.8643806495575,
    524.3634272374251,
    -1085.122004941865,
    -1333.5746895531004,
    -348.7201972151261,
    -44.30588143707596,
    -111.58488560390717,
    -741.1331537007402,
    1126.655098137214,
    -493.6283896976041,
    520.5111101720611,
    554.0148787339871,
    -675.2873340573825,
    847.1032472685243,
    770.5060260956039,
    1097.0464520583555,
    -1021.357231895176,
    366.84064026310733,
    -587.6211743386544,
    1106.0915495344068,
    -1728.2274594705966,
    677.9869691985248,
    296.78471039304867,
    333.0449117681826,
    420.3111509689785,
    -763.0270397902799,
    -2024.4914772818183,
    1288.5401263561193,
    -709.2294051648245,
    -358.0617969466379,
    788.0339068939883,
    606.8169471463627,
    1791.3909497084273,
    -499.69948078492837,
    -2112.4588905454943,
    41.07429110044858,
    232.2887591422046,
    -773.8873056757093,
    -2000.0703619544126,
    842.4004186391415,
    -2226.48306512344,
    860.073923405579,
    -355.50853572292976,
    -309.7035844873538,
    1497.70152919821,
    1441.3604976494316,
    -367.3377112480952,
    836.9573447730792,
    1680.8031238576286,
    -260.77227343578807,
    -483.3333116150424,
    416.3016934999428,
    445.70377658200704,
    -262.4162913271914,
    -1288.9527447378753,
    2307.1402806062324,
    575.0962014948567,
    -1644.5970547541058,
    -855.9823767009209,
    -966.4881461169883,
    -415.9857255743226,
    1223.3480161606485,
    -519.8815948989301,
    475.4547276616984,
    -915.8414165688675,
    997.3239396968279,
    -316.8751018909133,
    -1279.585266745659
  ],
  "measurements": {
    "250000000": {
      "rate": 0.0,
      "temperature_start": 219703901.96936655,
      "temperature_end": 58263005.69797368,
      "temperature_interval": 307.0,
      "offset_increase_rate": 142909243.12943685
    },
    "375000000": {
      "rate": 0.146484375,
      "temperature_start": 237945980.9616626,
      "temperature_end": 63100600.03628098,
      "temperature_interval": 307.0,
      "offset_increase_rate": 154775039.22376344
    },
    "390625000": {
      "rate": 0.169921875,
      "temperature_start": 240152426.07073563,
      "temperature_end": 63685724.4824554,
      "temperature_interval": 307.0,
      "offset_increase_rate": 156210249.96748632
    },
    "398437500": {
      "rate": 0.220703125,
      "temperature_start": 241309615.50702363,
      "temperature_end": 63992598.11608566,
      "temperature_interval": 307.0,
      "offset_increase_rate": 156962958.79520828
    },
    "402343750": {
      "rate": 0.248046875,
      "temperature_start": 241575234.5057183,
      "temperature_end": 64063037.289426304,
      "temperature_interval": 307.0,
      "offset_increase_rate": 157135734.10654318
    },
    "404296875": {
      "rate": 0.2373046875,
      "temperature_start": 242111255.3361885,
      "temperature_end": 64205183.98968962,
      "temperature_interval": 307.0,
      "offset_increase_rate": 157484395.78481776
    },
    "405273437": {
      "rate": 0.240234375,
      "temperature_start": 242243017.64254373,
      "temperature_end": 64240125.87254712,
      "temperature_interval": 307.0,
      "offset_increase_rate": 157570102.28026652
    },
    "405395507": {
      "rate": 0.2392578125,
      "temperature_start": 242289556.19517368,
      "temperature_end": 64252467.373689115,
      "temperature_interval": 307.0,
      "offset_increase_rate": 157600373.88342452
    },
    "405456542": {
      "rate": 0.2412109375,
      "temperature_start": 241885200.05601543,
      "temperature_end": 64145236.66987088,
      "temperature_interval": 307.0,
      "offset_increase_rate": 157337355.20563197
    },
    "405464171": {
      "rate": 0.234375,
      "temperature_start": 242091089.30774713,
      "temperature_end": 64199836.18557938,
      "temperature_interval": 307.0,
      "offset_increase_rate": 157471278.53093356
    },
    "405467985": {
      "rate": 0.232421875,
      "temperature_start": 242239826.25645489,
      "temperature_end": 64239279.5528222,
      "temperature_interval": 307.0,
      "offset_increase_rate": 157568026.40193024
    },
    "405469892": {
      "rate": 0.232421875,
      "temperature_start": 242119766.63434878,
      "temperature_end": 64207441.090308964,
      "temperature_interval": 307.0,
      "offset_increase_rate": 157489932.06873092
    },
    "405470846": {
      "rate": 0.23046875,
      "temperature_start": 241845340.43871224,
      "temperature_end": 64134666.34731749,
      "temperature_interval": 307.0,
      "offset_increase_rate": 157311428.0022953
    },
    "405470965": {
      "rate": 0.232421875,
      "temperature_start": 241799465.80617964,
      "temperature_end": 64122500.91032396,
      "temperature_interval": 307.0,
      "offset_increase_rate": 157281588.254547
    },
    "405471024": {
      "rate": 0.2353515625,
      "temperature_start": 242102830.07457462,
      "temperature_end": 64202949.70499545,
      "temperature_interval": 307.0,
      "offset_increase_rate": 157478915.4644884
    },
    "405471084": {
      "rate": 0.255859375,
      "temperature_start": 242092668.7992761,
      "temperature_end": 64200255.048982024,
      "temperature_interval": 307.0,
      "offset_increase_rate": 157472305.93161651
    },
    "405471323": {
      "rate": 0.2802734375,
      "temperature_start": 242113388.48885703,
      "temperature_end": 64205749.67780423,
      "temperature_interval": 307.0,
      "offset_increase_rate": 157485783.32154608
    },
    "405471800": {
      "rate": 0.2685546875,
      "temperature_start": 242009247.7829277,
      "temperature_end": 64178132.73295909,
      "temperature_interval": 307.0,
      "offset_increase_rate": 157418043.6531564
    },
    "405487059": {
      "rate": 0.267578125,
      "temperature_start": 242093531.2995041,
      "temperature_end": 64200483.77434944,
      "temperature_interval": 307.0,
      "offset_increase_rate": 157472866.9560393
    },
    "405517577": {
      "rate": 0.25390625,
      "temperature_start": 242052909.14147657,
      "temperature_end": 64189711.234565616,
      "temperature_interval": 307.0,
      "offset_increase_rate": 157446443.7482311
    },
    "405761718": {
      "rate": 0.265625,
      "temperature_start": 242270733.55563122,
      "temperature_end": 64247475.82121743,
      "temperature_interval": 307.0,
      "offset_increase_rate": 157588130.45421553
    },
    "406250000": {
      "rate": 0.2607421875,
      "temperature_start": 242352984.843881,
      "temperature_end": 64269287.9384944,
      "temperature_interval": 307.0,