{
  "P": 9,
  "N": 178,
  "values": [
    -73.95943874755271,
    -34.890726691261186,
    496.46062397281634,
    -1360.1582635511863,
    -699.7674160828736,
    -52.42040106084867,
    2171.286670653847,
    849.0825622698129,
    614.195845388619,
    -890.101962294417,
    -170.01102564579864,
    -749.0101560078325,
    -534.9639736390318,
    1560.5763783784655,
    1590.7092642008427,
    -997.9516340143764,
    613.5472524632041,
    740.1605561453314,
    71.3404702390465,
    -2015.160551291475,
    1546.5194226353578,
    414.413745461637,
    2312.803054550984,
    91.58828718492525,
    879.4643114138989,
    1683.0209276987496,
    -104.6537835537774,
    -418.6720147577165,
    -563.5437136204192,
    971.6899162371772,
    -895.6821312556733,
    -1905.1563444467936,
    -848.5855676048152,
    347.0341332161088,
    311.8573272076427,
    -716.6142926973142,
    1162.6896756530418,
    1196.3059149763942,
    777.3798800604426,
    2147.864543751429,
    -24.616323803855142,
    -1138.8893834158905,
    -269.86264049795534,
    763.2080774053436,
    1034.9820777812367,
    -334.173139961523,
    -534.2662049123034,
    807.547228895319,
    -40.15430672138045,
    1167.6039312108298,
    968.2534549176494,
    -158.37438516537793,
    1238.801020418864,
    -229.3818251085835,
    -2199.804223904663,
    -613.3710235675228,
    516.4887068690041,
    309.5595031538038,
    -1059.191732870995,
    -32.373899064379685,
    -1363.0078213000893,
    -1364.4197877837737,
    22.486778566194847,
    -242.43729549573564,
    322.59420755083755,
    -1689.7083245684282,
    -1214.5990067679966,
    2237.30155323801,
    1704.7747421881343,
    1321.1256965349248,
    35.64939235171202,
    -1323.7241171559783,
    1896.9612265169735,
    -529.5404661017848,
    -95.93431490178105,
    122.42699264608332,
    -540.0281232135324,
    393.8622666948355,
    -284.1288539702219,
    288.0638163617033,
    -1667.3883878577408,
    716.6047495511207,
    -183.87678815952717,
    -1278.2015347018169,
    -374.5717093462154,
    790.9165453915889,
    -1724.2791706389025,
    627.927131039413,
    -1001.8412512276246,
    1455.442969874311,
    -25.332922782629744,
    583.5083617459112,
    61.59703978839215,
    -1638.8230514887746,
    -155.52249317094982,
    -938.6433028090524,
    207.22328295713945,
    -669.5024544500376,
    -1271.3060019795253,
    1094.6445748225565,
    952.4014877743604,
    -77.91543052800094,
    -2068.1374447642447,
    -2711.523190335894,
    -1918.695311484533,
    -125.3430607756861,
    -689.6523087078243,
    1467.6052880622287,
    2109.565926350074,
    275.5084632267995,
    1672.4068249119669,
    604.6191159034785,
    -391.25387310229667,
    356.64071286794615,
    938.5708258427509,
    -378.6097460225099,
    -475.45832931561773,
    284.7183385332116,
    -1134.7624154753971,
    423.65545881023854,
    -1566.2066643347393,
    -2496.891411605302,
    1617.9933787796426,
    -698.1137562240073,
    -288.84826167650414,
    -112.28723769666148,
    70.99105569124514,
    36.25426832395313,
    2292.5940089037645,
    -2398.991365676331,
    197.9569311759686,
    1442.7969357430432,
    -1262.2116005079863,
    -329.7979952232347,
    225.5499081247774,
    127.28138383343388,
    -45.51441241936358,
    726.0363094975386,
    -716.4443613371135,
    515.9369740859001,
    -936.9129178147556,
    584.8185678207884,
    -1992.552247882217,
    346.85484644038485,
    322.6744214094925,
    234.93945101796314,
    344.20820974679685,
    -964.78601983348,
    -1139.117193252837,
    742.2209208619954,
    195.96988229900637,
    -1251.7929441433469,
    -827.0966181830929,
    191.50555322267076,
    394.7691475861784,
    49.41697548460959,
    -674.8476238520084,
    -784.8055484983106,
    901.6207698633831,
    952.4907991810958,
    581.4575819038271,
    -447.39029504239323,
    -456.7623422226219,
    1259.19923503253,
    1049.2905716953862,
    -95.03440044552049,
    -1580.8412289289952,
    461.4693957146828,
    1269.1594007122626,
    -52.02396072628414,
    -527.2078903121734,
    -787.1514359232309,
    -812.2988135371465,
    -679.6025790969528,
    18.19938841463312,
    -124.99226928162014,
    -1096.5272768614489,
    289.6089488601277
  ],
  "measurements": {
    "250000000": {
      "rate": 0.0,
      "temperature_start": 238426120.73478088,
      "temperature_end": 56924275.26871562,
      "temperature_interval": 160.0,
      "offset_increase_rate": 139557138.1202349
    },
    "375000000": {
      "rate": 0.0341796875,
      "temperature_start": 263777661.9329791,
      "temperature_end": 62976959.87057477,
      "temperature_interval": 160.0,
      "offset_increase_rate": 154396068.20748547
    },
    "437500000": {
      "rate": 0.22265625,
      "temperature_start": 275395733.0478112,
      "temperature_end": 65750776.24687646,
      "temperature_interval": 160.0,
      "offset_increase_rate": 161196433.6635293
    },
    "453125000": {
      "rate": 0.2490234375,
      "temperature_start": 278294825.1624644,
      "temperature_end": 66442934.96277259,
      "temperature_interval": 160.0,
      "offset_increase_rate": 162893349.2423303
    },
    "453125059": {
      "rate": 0.2978515625,
      "temperature_start": 278281799.40598685,
      "temperature_end": 66439825.06128599,
      "temperature_interval": 160.0,
      "offset_increase_rate": 162885724.92126068
    },
    "453125119": {
      "rate": 0.2890625,
      "temperature_start": 278211283.68275535,
      "temperature_end": 66422989.420846805,
      "temperature_interval": 160.0,
      "offset_increase_rate": 162844450.19642627
    },
    "453125238": {
      "rate": 0.2783203125,
      "temperature_start": 278120967.56280947,
      "temperature_end": 66401426.432457976,
      "temperature_interval": 160.0,
      "offset_increase_rate": 162791585.7737409
    },
    "453125476": {
      "rate": 0.283203125,
      "temperature_start": 278211005.12719667,
      "temperature_end": 66422922.91566168,
      "temperature_interval": 160.0,
      "offset_increase_rate": 162844287.1504628
    },
    "453125953": {
      "rate": 0.287109375,
      "temperature_start": 278342508.92441267,
      "temperature_end": 66454319.46872616,
      "temperature_interval": 160.0,
      "offset_increase_rate": 162921259.81409067
    },
    "453126907": {
      "rate": 0.28515625,
      "temperature_start": 278232644.29040873,
      "temperature_end": 66428089.269412994,
      "temperature_interval": 160.0,
      "offset_increase_rate": 162856953.12715983
    },
    "453128814": {
      "rate": 0.271484375,
      "temperature_start": 278240690.65968657,
      "temperature_end": 66430010.34139234,
      "temperature_interval": 160.0,
      "offset_increase_rate": 162861662.8807104
    },
    "453132629": {
      "rate": 0.26953125,
      "temperature_start": 278043160.32684815,
      "temperature_end": 66382849.94216357,
      "temperature_interval": 160.0,
      "offset_increase_rate": 162746043.13293314
    },
    "453140258": {
      "rate": 0.29296875,
      "temperature_start": 278218976.298889,
      "temperature_end": 66424826.0342052,
      "temperature_interval": 160.0,
      "offset_increase_rate": 162848952.88887024
    },
    "453155517": {
      "rate": 0.2626953125,
      "temperature_start": 278307628.1460303,
      "temperature_end": 66445991.67719012,
      "temperature_interval": 160.0,
      "offset_increase_rate": 162900843.16850063
    },
    "453186035": {
      "rate": 0.298828125,
      "temperature_start": 278188957.8259649,
      "temperature_end": 66417659.118891515,
      "temperature_interval": 160.0,
      "offset_increase_rate": 162831382.27974772
    },
    "453247070": {
      "rate": 0.26953125,
      "temperature_start": 278204338.35470814,
      "temperature_end": 66421331.22264114,
      "temperature_interval": 160.0,
      "offset_increase_rate": 162840384.91153812
    },