{
  "P": 9,
  "N": 177,
  "values": [
    590.3190728136493,
    -229.5918286554582,
    1039.8555712503362,
    819.6510170015299,
    266.81143174759876,
    455.78964481312124,
    -745.9376874099509,
    1380.2666083766724,
    -1040.0990764885194,
    -468.59470730792054,
    -26.88023438198596,
    -364.9748355816147,
    1206.4603092015402,
    291.4190843983202,
    -161.04727182716698,
    -511.97158350147885,
    1755.1599404750928,
    757.932033723751,
    -429.83054831533065,
    -452.2540570501647,
    -906.0196498753494,
    -78.50116279046968,
    143.36342552356507,
    -206.2875114136657,
    539.9230907368368,
    -265.35509817301806,
    -2288.768731743283,
    -1481.7257151283468,
    -10.502328211451822,
    -1137.7700227928974,
    -215.20680896662023,
    488.9509892971995,
    99.44255214757851,
    660.1106980557106,
    -600.3272495894529,
    929.969527531354,
    -1105.5052189880355,
    1736.6312156563324,
    55.0998897247534,
    647.7138874265556,
    -328.0769550167642,
    -559.5071442855808,
    -1200.1480178126458,
    94.62854345381635,
    1520.6622511843923,
    -1517.999682799999,
    945.8570094192648,
    -622.1942902345547,
    -433.34321707437755,
    -2186.2412329897675,
    1677.3322491758004,
    -314.28351176096055,
    129.46715542922095,
    -78.71166164866068,
    1430.9801962985955,
    -28.884851438670424,
    340.51075948681915,
    417.09302897890666,
    -505.82645952502725,
    944.9217712484782,
    1571.8175249187213,
    43.56495019265607,
    -767.9316335079322,
    -342.7752465425497,
    233.09161442075643,
    -1744.9767896157234,
    374.2268184708928,
    -2229.871620577065,
    317.9814125560204,
    1021.2353775476313,
    -61.483583277380035,
    -1047.2175028666068,
    -716.2190185743234,
    -1954.8510543721004,
    1720.8714576623365,
    1347.8774113289026,
    668.6426297610001,
    1824.233612620755,
    -1354.2530081143175,
    532.6697659563523,
    -687.252957077194,
    1710.6610213937695,
    -465.0322742537846,
    -1446.0853572031021,
    -185.79648226982314,
    -1029.3124823323692,
    63.07442900435824,
    2128.2770688970973,
    -1968.7492121415278,
    1052.6928719044295,
    -116.24827214508363,
    890.1832264809428,
    -231.76095370091372,
    424.1415516297515,
    -213.7985818321094,
    289.10594676838826,
    935.2924072195676,
    1945.812851441802,
    -39.54077035580201,
    -758.5294618020688,
    108.2285791445328,
    -196.1130053946739,
    -2372.3911740813287,
    179.01143056830102,
    1433.0699766304535,
    1342.9627313461378,
    217.65739049579958,
    427.1043501217186,
    323.0723051315519,
    -580.187852149185,
    588.5068204066948,
    1281.9209636000946,
    346.4217662440235,
    -1448.5466243331846,
    532.6386447223932,
    -134.1574666840926,
    1528.0402750109686,
    -105.44127438800794,
    -718.4066230645649,
    -68.15051403482502,
    -677.4003546599276,
    195.02072378168046,
    -1494.390684555595,
    -983.2312741052885,
    459.4888932452439,
    1260.7819109835664,
    -730.1586177148555,
    -656.944273599257,
    -848.9521915696153,
    1007.9542643503717,
    -96.21158633997092,
    777.4900004661505,
    -741.8506597858891,
    600.5102715234923,
    326.47913380185355,
    1535.7727306444135,
    404.6362115147852,
    845.6170116380881,
    334.40143153884276,
    -750.6471594626255,
    -380.7225398398511,
    -1783.9971273851584,
    -1231.8684281935775,
    166.5635379884543,
    20.56080786639432,
    -588.7545085084881,
    -876.9131113483165,
    201.39292916536996,
    -767.3540660278599,
    -50.63301396456878,
    1187.2085283623408,
    -901.1851797337958,
    -1905.0223513210417,
    49.29000218418925,
    845.6895191240935,
    209.69760413091524,
    1156.2710714755303,
    -1760.3519685794993,
    193.61611228352942,
    464.60908583614616,
    75.47700102329475,
    -579.5080675125181,
    1578.1979917534804,
    -1303.0351388240683,
    1383.8949193768497,
    -193.00382298297058,
    -1018.8353845728868,
    -359.05147558349796,
    1180.8788708486954,
    1631.2761024219171,
    -1159.600745163675,
    -189.44695940804473,
    -622.1427753717361,
    -638.214124242814,
    459.8357986713418,
    -450.87096573315193,
    2300.546048218257
  ],
  "measurements": {
    "250000000": {
      "rate": 0.0009765625,
      "temperature_start": 219747185.8824387,
      "temperature_end": 52413163.33121483,
      "temperature_interval": 159.0,
      "offset_increase_rate": 128500238.46911427
    },
    "375000000": {
      "rate": 0.1982421875,
      "temperature_start": 244329120.71261865,
      "temperature_end": 58276341.78366055,
      "temperature_interval": 159.0,
      "offset_increase_rate": 142874868.45595858
    },
    "390625000": {
      "rate": 0.2021484375,
      "temperature_start": 247292519.24288058,
      "temperature_end": 58983158.98615793,
      "temperature_interval": 159.0,
      "offset_increase_rate": 144607757.16754097
    },
    "394531250": {
      "rate": 0.2412109375,
      "temperature_start": 247906733.83431426,
      "temperature_end": 59129658.83584635,
      "temperature_interval": 159.0,
      "offset_increase_rate": 144966927.73508883
    },
    "395507812": {
      "rate": 0.2490234375,
      "temperature_start": 248258289.34799424,
      "temperature_end": 59213510.36042676,
      "temperature_interval": 159.0,
      "offset_increase_rate": 145172504.7355933
    },
    "395629882": {
      "rate": 0.24609375,
      "temperature_start": 248168080.13568008,
      "temperature_end": 59191994.0431187,
      "temperature_interval": 159.0,
      "offset_increase_rate": 145119753.63779002
    },
    "395660399": {
      "rate": 0.2412109375,
      "temperature_start": 248091927.481553,
      "temperature_end": 59173830.4362318,
      "temperature_interval": 159.0,
      "offset_increase_rate": 145075222.3088627
    },
    "395675658": {
      "rate": 0.2451171875,
      "temperature_start": 248092351.67694426,
      "temperature_end": 59173931.61351076,
      "temperature_interval": 159.0,
      "offset_increase_rate": 145075470.3630469
    },
    "395683287": {
      "rate": 0.2431640625,
      "temperature_start": 248110982.74648583,
      "temperature_end": 59178375.41690691,
      "temperature_interval": 159.0,
      "offset_increase_rate": 145086365.1413778
    },
    "395687102": {
      "rate": 0.248046875,
      "temperature_start": 248196999.5238421,
      "temperature_end": 59198891.772475675,
      "temperature_interval": 159.0,
      "offset_increase_rate": 145136664.65423954
    },
    "395689009": {
      "rate": 0.248046875,
      "temperature_start": 248093301.40255138,
      "temperature_end": 59174158.138019666,
      "temperature_interval": 159.0,
      "offset_increase_rate": 145076025.72837052
    },
    "395689247": {
      "rate": 0.2373046875,
      "temperature_start": 248199136.2174794,
      "temperature_end": 59199401.40754632,
      "temperature_interval": 159.0,
      "offset_increase_rate": 145137914.11570966
    },
    "395689306": {
      "rate": 0.2646484375,
      "temperature_start": 248172030.9946503,
      "temperature_end": 59192936.3851818,
      "temperature_interval": 159.0,
      "offset_increase_rate": 145122063.95779616
    },
    "395689366": {
      "rate": 0.271484375,
      "temperature_start": 248140604.20386338,
      "temperature_end": 59185440.600824535,
      "temperature_interval": 159.0,
      "offset_increase_rate": 145103686.70261437
    },
    "395689486": {
      "rate": 0.2529296875,
      "temperature_start": 247969460.94367445,
      "temperature_end": 59144620.23894687,
      "temperature_interval": 159.0,
      "offset_increase_rate": 145003608.28905767
    },
    "395689963": {
      "rate": 0.2724609375,
      "temperature_start": 248239996.15596357,
      "temperature_end": 59209147.1461362,
      "temperature_interval": 159.0,
      "offset_increase_rate": 145161807.53585958
    },