{
  "P": 22,
  "N": 158,
  "values": [
    -1353.1036206694696,
    1424.7342338351668,
    -906.3636120321415,
    1299.687079319405,
    511.37630418141555,
    -624.5990684984312,
    603.2285025364646,
    52.76469969730494,
    579.3498949766388,
    353.80979983764075,
    -471.15409537808404,
    1286.8135531647004,
    -1093.2768105699618,
    -794.2808088123898,
    120.09471472660277,
    -12.501778939794077,
    -378.22942373702597,
    -1426.181700822759,
    -1383.590896891895,
    435.2829762463342,
    560.9781234658186,
    -110.9792880545257,
    995.5286419895888,
    519.9333300274343,
    1256.8028828484391,
    -843.8906600555202,
    1050.45434414796,
    -1426.8460775713686,
    166.58660333642953,
    -457.3048131605165,
    572.4055796780427,
    -877.145070124508,
    1575.137419861541,
    521.6990793338691,
    235.96028356814261,
    -471.692002074,
    -1150.7519198942136,
    1178.0501562323905,
    -187.8080260186321,
    -153.33176520571334,
    441.9017927037862,
    -572.353672669997,
    -495.29205380931086,
    999.1858171920117,
    613.4272901399045,
    1264.908920498358,
    784.0398734147898,
    1300.0621195556646,
    -466.95498416749325,
    -23.671404407076647,
    -668.544375280478,
    -524.867743433036,
    879.1952829578722,
    -1106.867623551615,
    -209.72644101621498,
    -63.41933362972278,
    1437.5687376673995,
    1381.9978764644763,
    -756.3351148941392,
    -465.4121691412986,
    1166.0953742372822,
    1314.9172831708224,
    882.9690073355854,
    1153.4037516180986,
    397.2324286402605,
    -848.3961496339449,
    -678.5680298577705,
    -124.27656775118734,
    350.7649521194841,
    105.84936206821688,
    1891.6390977611816,
    981.549642662297,
    231.86340256948614,
    -1722.9996697107908,
    -311.1285165256315,
    412.2701960507031,
    688.7642719222669,
    704.6700040777474,
    -765.7106415249372,
    1103.5415687386096,
    -1831.9702009292898,
    -730.2292426092849,
    -896.2056088489389,
    -1999.2970504427408,
    941.2190191494866,
    797.1273513124206,
    -1111.969115646561,
    1038.1269584670476,
    -466.0674331963106,
    873.7024849403109,
    -863.6088339962796,
    236.4337206979379,
    759.0205295391813,
    -1194.1639574855992,
    1509.2075251900592,
    394.06984489007885,
    3.6636184787254855,
    -47.43200192931075,
    425.9389686642208,
    1472.772219975054,
    282.5179837424485,
    479.05887001074547,
    -533.8414480960373,
    2329.720476782853,
    423.9959565211684,
    -886.6670552797457,
    366.09303146420666,
    553.3054348523674,
    2028.9047066986,
    886.7819924656209,
    1383.3363370406887,
    891.9249902019782,
    232.19942150834265,
    506.31646514601834,
    839.6738128268017,
    -387.01729439799425,
    -1671.7504006717033,
    -489.65828306218174,
    -593.7742680998285,
    197.18581801269897,
    73.88320859328907,
    925.1180248957969,
    -256.1112868715733,
    -2310.378837915975,
    206.05491578375225,
    -912.70845182146,
    -227.90362601350535,
    -214.33391640936438,
    1022.1480376261343,
    -135.51556649407078,
    1572.86594263119,
    859.2967831382692,
    -238.64444729971913,
    -117.87298279333356,
    -235.23516157906502,
    -702.5198596150832,
    2021.2751728757278,
    510.2257848881312,
    384.1937860998683,
    146.28893408373406,
    442.230757790575,
    390.2160059279023,
    323.25677095265155,
    357.48097083285245,
    -122.3248299220362,
    -1035.4704549485086,
    -720.5431596256034,
    643.9066642916629,
    436.65433164744667,
    129.5021094298173,
    94.99984975917421,
    -321.8790807941327,
    877.7783557904463,
    778.3262228820569,
    553.56512221218,
    35.67351624477043,
    1695.7463715438366,
    -1507.7197014063788
  ],
  "measurements": {
    "250000000": {
      "rate": 0.01953125,
      "temperature_start": 191345209.95895958,
      "temperature_end": 51664103.009483084,
      "temperature_interval": 347.0,
      "offset_increase_rate": 126806770.82416156
    },
    "312500000": {
      "rate": 0.1435546875,
      "temperature_start": 200321956.54007262,
      "temperature_end": 54087866.63626068,
      "temperature_interval": 347.0,
      "offset_increase_rate": 132755768.6940425
    },
    "328125000": {
      "rate": 0.2275390625,
      "temperature_start": 202335901.87041777,
      "temperature_end": 54631641.3094011,
      "temperature_interval": 347.0,
      "offset_increase_rate": 134090434.47434735
    },
    "335937500": {
      "rate": 0.236328125,
      "temperature_start": 203318255.17172152,
      "temperature_end": 54896881.30240196,
      "temperature_interval": 347.0,
      "offset_increase_rate": 134741451.8161115
    },
    "339843750": {
      "rate": 0.2255859375,
      "temperature_start": 203775967.65152466,
      "temperature_end": 55020465.81601664,
      "temperature_interval": 347.0,
      "offset_increase_rate": 135044783.3786952
    },
    "339904785": {
      "rate": 0.2392578125,
      "temperature_start": 203813893.0574118,
      "temperature_end": 55030705.85326057,
      "temperature_interval": 347.0,
      "offset_increase_rate": 135069917.00108254
    },
    "339935302": {
      "rate": 0.24609375,
      "temperature_start": 203996837.14337203,
      "temperature_end": 55080101.61343692,
      "temperature_interval": 347.0,
      "offset_increase_rate": 135191156.24604183
    },
    "339936255": {
      "rate": 0.2451171875,
      "temperature_start": 203921665.68305913,
      "temperature_end": 55059804.96702591,
      "temperature_interval": 347.0,
      "offset_increase_rate": 135141339.21564707
    },
    "339936314": {
      "rate": 0.2734375,
      "temperature_start": 203985393.015787,
      "temperature_end": 55077011.64538111,
      "temperature_interval": 347.0,
      "offset_increase_rate": 135183572.08511996
    },
    "339936374": {
      "rate": 0.2763671875,
      "temperature_start": 204078720.3729635,
      "temperature_end": 55102210.46899317,
      "temperature_interval": 347.0,
      "offset_increase_rate": 135245421.24662048
    },
    "339936493": {
      "rate": 0.2783203125,
      "temperature_start": 203977861.5187733,
      "temperature_end": 55074978.10590752,
      "temperature_interval": 347.0,
      "offset_increase_rate": 135178580.8715119
    },
    "339936732": {
      "rate": 0.267578125,
      "temperature_start": 204048397.5168793,
      "temperature_end": 55094023.15580873,
      "temperature_interval": 347.0,
      "offset_increase_rate": 135225325.92537868
    },
    "339937209": {
      "rate": 0.251953125,
      "temperature_start": 203961276.24477363,
      "temperature_end": 55070500.004237026,
      "temperature_interval": 347.0,
      "offset_increase_rate": 135167589.6110587
    },
    "339939116": {
      "rate": 0.265625,
      "temperature_start": 204037364.98536247,
      "temperature_end": 55091044.32061938,
      "temperature_interval": 347.0,
      "offset_increase_rate": 135218014.53411907
    },
    "339942931": {
      "rate": 0.271484375,
      "temperature_start": 203920224.0263061,
      "temperature_end": 55059415.71294941,
      "temperature_interval": 347.0,
      "offset_increase_rate": 135140383.8123865
    },
    "339950561": {
      "rate": 0.26171875,
      "temperature_start": 203646517.5052771,
      "temperature_end": 54985513.67014499,
      "temperature_interval": 347.0,
      "offset_increase_rate": 134958995.2106408
    },
    "339965820": {
      "rate": 0.25390625,
      "temperature_start": 203913222.25301397,
      "temperature_end": 55057525.20136206,
      "temperature_interval": 347.0,
      "offset_increase_rate": 135135743.65305662
    },
    "340087890": {
      "rate": 0.2548828125,
      "temperature_start": 204085547.65338376,
      "temperature_end": 55104053.866687745,
      "temperature_interval": 347.0,
      "offset_increase_rate": 135249945.76742658
    },
    "340332031": {
      "rate": 0.265625,