{
  "P": 28,
  "N": 117,
  "values": [
    -354.6147508642691,
    -20.72755870773056,
    -405.68713750037335,
    -949.3249164209917,
    -1413.3524557389655,
    -1028.2459781657017,
    -1219.7113584116992,
    -864.9857982468762,
    1043.7894019871278,
    -538.2246655390519,
    -355.2084468394098,
    -388.2417290212344,
    1116.28556513703,
    95.13023189045823,
    457.1131039924024,
    -1319.6196783591502,
    334.47621260755477,
    -790.8730346175882,
    1208.791080736762,
    -299.73098602466285,
    -1057.8392295788333,
    -46.78518838232925,
    622.1477359775934,
    1699.1183691497006,
    -24.989332369625778,
    -1071.3563474690325,
    -5.054713713514959,
    1232.3818735519624,
    -92.71774729667885,
    929.3802299827281,
    -492.2645746645026,
    -210.65796253603764,
    1295.8975423566214,
    -370.9828347954689,
    -944.1824773777938,
    -231.01058942533862,
    -574.7035146931103,
    1263.217497491682,
    2524.271186345202,
    1540.3373088153758,
    -750.6830330944136,
    -1228.5031142982953,
    803.5522645089815,
    633.5953569628726,
    -409.54036182361534,
    1464.685359608545,
    -207.20026295905228,
    -312.9525801223219,
    -657.1606982536938,
    549.6546120849264,
    -446.75750377970843,
    1566.079244257892,
    -618.2453536405402,
    -133.3863056627648,
    1314.379951661712,
    -388.1883579372843,
    -295.3674289529905,
    1020.0601616228395,
    -115.04112279971227,
    306.1305795696317,
    107.4000423640019,
    -448.59756880515425,
    -554.3596656423884,
    57.56847380290773,
    123.92740987132245,
    205.78147856217493,
    1387.5235662050934,
    1235.89864281863,
    -912.8412167271866,
    754.1055201722664,
    -846.8428423512405,
    -75.0891729846671,
    -1386.4549515506435,
    664.1300191360848,
    621.1647297982483,
    93.08594182065386,
    228.50034592419107,
    39.09916207797077,
    -277.8896449851135,
    -127.12725261044214,
    -236.4331274726196,
    176.32162102018134,
    1497.5496613603711,
    -1567.328298079698,
    -836.4922862448125,
    -265.1036270134442,
    1233.259708505724,
    127.79238142080018,
    2403.581395415464,
    1319.5839898552933,
    -2303.1223181393825,
    -669.7480916549594,
    4.870803759507451,
    137.05468095039834,
    101.22833687420234,
    -1190.164576820236,
    -936.2461231275222,
    -351.2897718745173,
    482.00283423048364,
    -1370.6882115886592,
    1493.64500052814,
    1058.4427796023194,
    454.7933941447521,
    -609.401550502082,
    965.7871776962354,
    805.6692688957938,
    -1626.1450460954388,
    -386.0682125549003,
    846.1851957766664,
    553.2988179593549,
    -82.90440749724408,
    -47.16490804719357,
    435.4964120821065,
    991.665208026523,
    -1552.115124469589,
    -151.04833686315763,
    -218.92578435748095
  ],
  "measurements": {
    "250000000": {
      "rate": 0.0537109375,
      "temperature_start": 200263923.44036156,
      "temperature_end": 53607159.72057171,
      "temperature_interval": 327.0,
      "offset_increase_rate": 131531374.35128704
    },
    "312500000": {
      "rate": 0.228515625,
      "temperature_start": 208562298.86955297,
      "temperature_end": 55828490.1000617,
      "temperature_interval": 327.0,
      "offset_increase_rate": 136981665.67851922
    },
    "316406250": {
      "rate": 0.2490234375,
      "temperature_start": 208885593.68990594,
      "temperature_end": 55915030.48523824,
      "temperature_interval": 327.0,
      "offset_increase_rate": 137194002.53535873
    },
    "316421508": {
      "rate": 0.2431640625,
      "temperature_start": 209263736.4249456,
      "temperature_end": 56016252.700633824,
      "temperature_interval": 327.0,
      "offset_increase_rate": 137442362.96286994
    },
    "316425322": {
      "rate": 0.2431640625,
      "temperature_start": 208858480.67264205,
      "temperature_end": 55907772.803365245,
      "temperature_interval": 327.0,
      "offset_increase_rate": 137176194.97240752
    },
    "316426275": {
      "rate": 0.240234375,
      "temperature_start": 208875536.28140128,
      "temperature_end": 55912338.29238183,
      "temperature_interval": 327.0,
      "offset_increase_rate": 137187396.92841613
    },
    "316426513": {
      "rate": 0.2373046875,
      "temperature_start": 209028558.0071721,
      "temperature_end": 55953299.53968585,
      "temperature_interval": 327.0,
      "offset_increase_rate": 137287900.0921936
    },
    "316426572": {
      "rate": 0.2470703125,
      "temperature_start": 209074318.0802763,
      "temperature_end": 55965548.71320438,
      "temperature_interval": 327.0,
      "offset_increase_rate": 137317954.85793677
    },
    "316426632": {
      "rate": 0.2578125,
      "temperature_start": 209129272.14538372,
      "temperature_end": 55980258.95803979,
      "temperature_interval": 327.0,
      "offset_increase_rate": 137354048.1471603
    },
    "316426752": {
      "rate": 0.2783203125,
      "temperature_start": 208990612.00873703,
      "temperature_end": 55943142.057679504,
      "temperature_interval": 327.0,
      "offset_increase_rate": 137262977.53380388
    },
    "316427229": {
      "rate": 0.2685546875,
      "temperature_start": 208994913.43338662,
      "temperature_end": 55944293.474041745,
      "temperature_interval": 327.0,
      "offset_increase_rate": 137265802.6671884
    },
    "316429137": {
      "rate": 0.251953125,
      "temperature_start": 209108530.62196028,
      "temperature_end": 55974706.81394959,
      "temperature_interval": 327.0,
      "offset_increase_rate": 137340425.318669
    },
    "316436767": {
      "rate": 0.2587890625,
      "temperature_start": 209122073.21357045,
      "temperature_end": 55978331.92954209,
      "temperature_interval": 327.0,
      "offset_increase_rate": 137349319.95958167
    },
    "316467285": {
      "rate": 0.2548828125,
      "temperature_start": 209234565.16322237,
      "temperature_end": 56008444.06261465,
      "temperature_interval": 327.0,
      "offset_increase_rate": 137423203.5652106
    },
    "316528320": {
      "rate": 0.2626953125,
      "temperature_start": 209091316.1388603,
      "temperature_end": 55970098.79704273,
      "temperature_interval": 327.0,
      "offset_increase_rate": 137329119.0155566
    },
    "316650390": {
      "rate": 0.2685546875,
      "temperature_start": 208963262.18381652,
      "temperature_end": 55935820.98652672,
      "temperature_interval": 327.0,
      "offset_increase_rate": 137245014.4379139
    },
    "316894531": {
      "rate": 0.2578125,
      "temperature_start": 209137462.93098432,
      "temperature_end": 55982451.48849851,
      "temperature_interval": 327.0,
      "offset_increase_rate": 137359427.7745468
    },
    "317382812": {
      "rate": 0.255859375,
      "temperature_start": 209322791.340496,
      "temperature_end": 56032060.67161438,
      "temperature_interval": 327.0,
      "offset_increase_rate": 137481149.65031272
    },
    "318359375": {
      "rate": 0.259765625,
      "temperature_start": 209346904.0648362,
      "temperature_end": 56038515.227396555,
      "temperature_interval": 327.0,
      "offset_increase_rate": 137496986.6503941
    },
    "320312500": {
      "rate": 0.2607421875,
      "temperature_start": 209460844.30956712,
      "temperature_end": 56069015.043803625,
      "temperature_interval": 327.0,
      "offset_increase_rate": 137571821.48197997
    },
    "328125000": {
      "rate": 0.2744140625,
      "temperature_start": 210500817.9585755,
      "temperature_end": 56347397.85259834,
      "temperature_interval": 327.0,
      "offset_increase_rate": 138254865.94147757
    },
    "343750000": {
      "rate": 0.330078125,
      "temperature_start": 212828763.82175884,
      "temperature_end": 56970548.361010686,
      "temperature_interval": 327.0,
      "offset_increase_rate": 139783837.8778088
    },
    "375000000": {
      "rate": 0.4560546875,