{
  "P": 24,
  "N": 130,
  "values": [
    526.7530465399891,
    -430.3356435862178,
    -370.19800306850226,
    127.70343723511688,
    -754.9160248265823,
    -2080.267609241658,
    1387.4028267696453,
    607.1430818924905,
    -515.8108509053122,
    1036.5499378903892,
    431.9777722760835,
    -773.9012824377328,
    199.69240583561216,
    1498.9819532732283,
    -2351.2475637419893,
    1128.2985995705205,
    376.9195187784179,
    505.62689358548016,
    1073.6411308342413,
    -317.58597529564173,
    -191.29846402571715,
    1131.0936882417143,
    -727.0928157101508,
    693.2854561312852,
    443.6428155830529,
    -999.7011555616756,
    172.61133326903047,
    -771.7149984494799,
    -205.5410955155434,
    134.58174422432708,
    -1406.865532613052,
    -89.1500500561402,
    1098.4116523963796,
    -745.2062882311068,
    1308.2835528640114,
    -311.57128430355635,
    1008.1212276832943,
    -1373.9810915326775,
    -145.50186874558335,
    -974.3474352314212,
    -643.439596768221,
    456.3912216708072,
    1378.0022807133832,
    375.71363341987217,
    484.83997439331165,
    1221.7451800768708,
    -17.699656464535654,
    -845.3355348059873,
    -429.9515215830437,
    -2004.5602414491768,
    1465.0813671103938,
    177.99234552589,
    -1368.5059933596772,
    1005.513912363655,
    -1014.1210975671162,
    145.89305733738846,
    591.183171800498,
    381.6134554409405,
    -1104.765670191252,
    1717.4230614099413,
    1292.287432648075,
    798.9726838797155,
    -707.4249727250613,
    933.1595994565614,
    -932.1570910365809,
    224.3323334913043,
    747.9861337183493,
    626.8911584312507,
    -1731.9942102874393,
    -11.808315344719745,
    1039.0862964150397,
    340.2343630857578,
    594.0199232852499,
    -211.27629501368398,
    -105.52353889094874,
    902.3027628964383,
    1802.398168924988,
    786.8772313297083,
    890.794848061797,
    1121.9827399175992,
    1132.128931675289,
    -1416.5662217772167,
    -855.0128862903372,
    2022.835922098811,
    2006.0830541559014,
    324.3943770357309,
    -128.44537257690095,
    1838.041093025617,
    1033.8142655391487,
    -148.5593934923708,
    1166.4214154552744,
    -542.2460214210205,
    814.9598774631006,
    -1682.9628190849278,
    761.3500273697581,
    -684.4684239476462,
    -1653.6211804186805,
    -986.6216760283438,
    -1684.3722699555508,
    255.5169197859069,
    -1031.701944761977,
    -701.2762801835706,
    22.79742965075669,
    2043.5707756165068,
    438.0194817628984,
    181.67952563936603,
    -119.20419746981322,
    599.1904748007724,
    -748.7725848254086,
    -367.3051649915797,
    622.9016176951937,
    1106.4439734873781,
    -1799.9518067603483,
    893.0023987824529,
    1088.9626826913175,
    307.38616748708387,
    -439.5013509864414,
    -429.141165570257,
    428.971170518374,
    49.41953891932297,
    333.81208614174767,
    -165.9585245986082,
    8.34618196541611,
    428.2742649487198,
    1723.9870453811761,
    302.3867410372752,
    28.2396492771603,
    -460.21912873136074,
    1131.5090513405078,
    -144.90600389957856
  ],
  "measurements": {
    "250000000": {
      "rate": 0.0029296875,
      "temperature_start": 218185631.95819214,
      "temperature_end": 57985472.823766775,
      "temperature_interval": 312.0,
      "offset_increase_rate": 142238411.4697128
    },
    "375000000": {
      "rate": 0.224609375,
      "temperature_start": 235955564.46734318,
      "temperature_end": 62708047.49260192,
      "temperature_interval": 312.0,
      "offset_increase_rate": 153822890.93034923
    },
    "382812500": {
      "rate": 0.224609375,
      "temperature_start": 236550767.29428238,
      "temperature_end": 62866229.84877433,
      "temperature_interval": 312.0,
      "offset_increase_rate": 154210912.37725338
    },
    "386718750": {
      "rate": 0.2412109375,
      "temperature_start": 237010700.08208406,
      "temperature_end": 62988462.55460595,
      "temperature_interval": 312.0,
      "offset_increase_rate": 154510749.30296022
    },
    "386719703": {
      "rate": 0.2333984375,
      "temperature_start": 236999487.0791934,
      "temperature_end": 62985482.563354686,
      "temperature_interval": 312.0,
      "offset_increase_rate": 154503439.3820243
    },
    "386719762": {
      "rate": 0.2607421875,
      "temperature_start": 237206347.7157548,
      "temperature_end": 63040458.28156301,
      "temperature_interval": 312.0,
      "offset_increase_rate": 154638294.8630018
    },
    "386719822": {
      "rate": 0.2607421875,
      "temperature_start": 237205765.24097496,
      "temperature_end": 63040303.481839426,
      "temperature_interval": 312.0,
      "offset_increase_rate": 154637915.13915536
    },
    "386719941": {
      "rate": 0.2666015625,
      "temperature_start": 237224607.53004122,
      "temperature_end": 63045311.04824415,
      "temperature_interval": 312.0,
      "offset_increase_rate": 154650198.70357335
    },
    "386720180": {
      "rate": 0.27734375,
      "temperature_start": 237077258.24948373,
      "temperature_end": 63006151.19327715,
      "temperature_interval": 312.0,
      "offset_increase_rate": 154554139.5478462
    },
    "386720657": {
      "rate": 0.2724609375,
      "temperature_start": 237176178.2468082,
      "temperature_end": 63032440.37998988,
      "temperature_interval": 312.0,
      "offset_increase_rate": 154618626.94399476
    },
    "386722564": {
      "rate": 0.255859375,
      "temperature_start": 237323037.74810082,
      "temperature_end": 63071470.07018849,
      "temperature_interval": 312.0,
      "offset_increase_rate": 154714366.80544037
    },
    "386726379": {
      "rate": 0.2578125,
      "temperature_start": 237064599.5081498,
      "temperature_end": 63002786.979533955,
      "temperature_interval": 312.0,
      "offset_increase_rate": 154545887.12882856
    },
    "386734008": {
      "rate": 0.2529296875,
      "temperature_start": 236920011.92297912,
      "temperature_end": 62964361.078546226,
      "temperature_interval": 312.0,
      "offset_increase_rate": 154451628.36280283
    },
    "386749267": {
      "rate": 0.2724609375,
      "temperature_start": 237194811.44858146,
      "temperature_end": 63037392.3789155,
      "temperature_interval": 312.0,
      "offset_increase_rate": 154630774.2013418
    },
    "386779785": {
      "rate": 0.259765625,
      "temperature_start": 237138647.9381972,
      "temperature_end": 63022466.24617319,
      "temperature_interval": 312.0,
      "offset_increase_rate": 154594160.38572103
    },
    "386840820": {
      "rate": 0.2587890625,
      "temperature_start": 237348038.1277884,
      "temperature_end": 63078114.22371934,
      "temperature_interval": 312.0,
      "offset_increase_rate": 154730664.9193949
    },
    "386962890": {
      "rate": 0.2724609375,
      "temperature_start": 237068225.0860619,
      "temperature_end": 63003750.5207516,
      "temperature_interval": 312.0,
      "offset_increase_rate": 154548250.69621035
    },
    "387207031": {
      "rate": 0.291015625,
      "temperature_start": 237295559.02169847,
      "temperature_end": 63064167.26601787,
      "temperature_interval": 312.0,
      "offset_increase_rate": 154696453.0209368
    },
    "387695312": {
      "rate": 0.291015625,
      "temperature_start": 237009221.70509702,
      "temperature_end": 62988069.65802595,
      "temperature_interval": 312.0,
      "offset_increase_rate": 154509785.52733344
    },
    "388671875": {
      "rate": 0.287109375,
      "temperature_start": 237559738.843921,
      "temperature_end": 63134376.251662746,
      "temperature_interval": 312.0,
      "offset_increase_rate": 154868675.71918705
    },
    "390625000": {
      "rate": 0.2841796875,
      "temperature_start": 237758320.5134523,
      "temperature_end": 63187151.73416616,
      "temperature_interval": 312.0,
      "offset_increase_rate": 154998134.02021095
    },