{
  "P": 15,
  "N": 134,
  "values": [
    1435.7643806011554,
    -1148.8817831367946,
    -329.8755296367828,
    1453.947716452371,
    -1122.4027319015704,
    773.0453226707249,
    796.242066042605,
    -371.8345094553089,
    1163.2784105673154,
    -67.34109506589273,
    797.0413006748979,
    -3362.9714477867356,
    -707.7443880123142,
    -1336.6087783658734,
    -759.047029467501,
    125.02202741295469,
    -538.0406343463161,
    -656.8916843515127,
    -982.6876205885695,
    1105.773862627983,
    -1193.9859193232387,
    1016.4679538813364,
    221.76386656423722,
    563.184486697659,
    -9.376842088264771,
    -21.901802240845107,
    -952.6254201260473,
    957.140635584124,
    438.0125205082128,
    -1079.814031079552,
    24.40450250175626,
    -346.0620107789176,
    -2330.289308862472,
    3184.258708461423,
    313.7625026787411,
    402.1099839250983,
    230.836802266392,
    1799.8897410499656,
    -558.2205091054176,
    -173.53695750163988,
    -1756.1025803096,
    1386.0113162929217,
    468.9341932324131,
    -1522.0010097665327,
    103.95928235673586,
    -646.9200698970762,
    1641.0471462201913,
    900.3428433613359,
    -527.7497243579209,
    788.2787823418092,
    -593.1908631465062,
    -699.9883455170796,
    -76.5423952340852,
    410.732948009927,
    -1016.8116485081666,
    -1370.6585670207814,
    821.2242703597216,
    220.03118191596454,
    109.25094880317228,
    409.30550899452214,
    63.137450507321404,
    -218.15600579766937,
    469.37205062926773,
    1695.4851700348152,
    1511.1894369980555,
    823.2006778966909,
    -676.0929791205841,
    -6.103634212351505,
    478.7935662680514,
    189.08152146110996,
    759.6841754123003,
    -263.5596740989416,
    -1648.0930335737796,
    856.5124448541346,
    -158.69828159162122,
    -1823.1381725012525,
    2506.3564470395117,
    3220.8400394054906,
    186.9925981992969,
    -301.0239655986988,
    -1764.446726832528,
    -274.7426334514293,
    -823.6990317754164,
    986.2034264621793,
    1476.9570633207418,
    2796.805106241631,
    -1604.1870193059765,
    -1637.4094819283234,
    -769.9355837459187,
    -1550.5692244419772,
    -1251.863366628201,
    -58.94209738344209,
    373.64312819560064,
    42.123352801643186,
    1148.426569544325,
    -72.18984693763856,
    -416.56744486911583,
    1685.0967153707081,
    136.95423669005356,
    517.2912946216748,
    -417.97061051307435,
    1376.8401797972874,
    -681.5149753587141,
    -949.5807290117868,
    122.63109367818271,
    -953.0192127710171,
    864.6713481532696,
    -402.8818980838266,
    -490.4795444714206,
    325.33443510305875,
    -1725.3884636529215,
    352.7075144906884,
    413.67078185860265,
    1587.02979170309,
    1143.405255985239,
    -1480.7849350235595,
    -1471.1200110140207,
    1770.9280358610638,
    -1035.7048109548452,
    -992.0636546112664,
    -661.5581765868861,
    1148.8843564055044,
    -308.79561883909,
    -454.3918828568229,
    -725.4293174770188,
    300.1583984463872,
    -306.22243212171514,
    888.8158135064238,
    -1362.265943739245,
    -1588.8551653987922,
    1263.8931673666843,
    69.5842765112454,
    -919.5383259068492,
    -1117.8759890810759
  ],
  "measurements": {
    "500000000": {
      "rate": 0.01171875,
      "temperature_start": 321645970.62163866,
      "temperature_end": 79802217.82241865,
      "temperature_interval": 201.0,
      "offset_increase_rate": 195556109.47004506
    },
    "625000000": {
      "rate": 0.12109375,
      "temperature_start": 341347740.36283314,
      "temperature_end": 84690340.36701415,
      "temperature_interval": 201.0,
      "offset_increase_rate": 207534501.21801695
    },
    "687500000": {
      "rate": 0.232421875,
      "temperature_start": 350638512.9257746,
      "temperature_end": 86995434.54983097,
      "temperature_interval": 201.0,
      "offset_increase_rate": 213183156.89017862
    },
    "695312500": {
      "rate": 0.2412109375,
      "temperature_start": 351676425.6903401,
      "temperature_end": 87252946.6845499,
      "temperature_interval": 201.0,
      "offset_increase_rate": 213814192.87615865
    },
    "699218750": {
      "rate": 0.2197265625,
      "temperature_start": 352458948.5994758,
      "temperature_end": 87447095.12522581,
      "temperature_interval": 201.0,
      "offset_increase_rate": 214289955.5147703
    },
    "701171875": {
      "rate": 0.248046875,
      "temperature_start": 352499701.30346364,
      "temperature_end": 87457206.10579927,
      "temperature_interval": 201.0,
      "offset_increase_rate": 214314732.57081997
    },
    "702148437": {
      "rate": 0.236328125,
      "temperature_start": 352767658.3192812,
      "temperature_end": 87523687.78471474,
      "temperature_interval": 201.0,
      "offset_increase_rate": 214477646.5703867
    },
    "702636718": {
      "rate": 0.25,
      "temperature_start": 352634359.7376363,
      "temperature_end": 87490615.63887909,
      "temperature_interval": 201.0,
      "offset_increase_rate": 214396602.95596188
    },
    "702651976": {
      "rate": 0.2294921875,
      "temperature_start": 352668082.5616604,
      "temperature_end": 87498982.46574517,
      "temperature_interval": 201.0,
      "offset_increase_rate": 214417105.94641984
    },
    "702655790": {
      "rate": 0.22265625,
      "temperature_start": 352942207.9829004,
      "temperature_end": 87566994.56157267,
      "temperature_interval": 201.0,
      "offset_increase_rate": 214583770.24748638
    },
    "702657697": {
      "rate": 0.248046875,
      "temperature_start": 352667397.87238795,
      "temperature_end": 87498812.59039322,
      "temperature_interval": 201.0,
      "offset_increase_rate": 214416689.6652208
    },
    "702658651": {
      "rate": 0.2431640625,
      "temperature_start": 352960614.8880991,
      "temperature_end": 87571561.42076653,
      "temperature_interval": 201.0,
      "offset_increase_rate": 214594961.38027465
    },
    "702659128": {
      "rate": 0.2353515625,
      "temperature_start": 352425785.40203285,
      "temperature_end": 87438867.14493765,
      "temperature_interval": 201.0,
      "offset_increase_rate": 214269792.76919943
    },
    "702659366": {
      "rate": 0.21484375,
      "temperature_start": 353231223.14663064,
      "temperature_end": 87638700.88826911,
      "temperature_interval": 201.0,
      "offset_increase_rate": 214759487.29715973
    },
    "702659425": {
      "rate": 0.244140625,
      "temperature_start": 353062701.70888007,
      "temperature_end": 87596889.74896857,
      "temperature_interval": 201.0,
      "offset_increase_rate": 214657028.6944136
    },
    "702659485": {
      "rate": 0.25390625,
      "temperature_start": 352997752.1226666,
      "temperature_end": 87580775.38255362,
      "temperature_interval": 201.0,
      "offset_increase_rate": 214617540.28308034
    },
    "702659605": {
      "rate": 0.267578125,
      "temperature_start": 352953931.3885841,
      "temperature_end": 87569903.20604344,
      "temperature_interval": 201.0,
      "offset_increase_rate": 214590897.90899825
    },
    "702667235": {
      "rate": 0.265625,
      "temperature_start": 353064407.99636924,
      "temperature_end": 87597313.08872196,
      "temperature_interval": 201.0,
      "offset_increase_rate": 214658066.09258893
    },
    "702697753": {
      "rate": 0.2509765625,
      "temperature_start": 353062494.4532609,
      "temperature_end": 87596838.32765575,
      "temperature_interval": 201.0,
      "offset_increase_rate": 214656902.68598738
    },
    "702758788": {
      "rate": 0.2666015625,
      "temperature_start": 352930558.9986328,
      "temperature_end": 87564104.38148388,
      "temperature_interval": 201.0,
      "offset_increase_rate": 214576687.83312178
    },
    "702880859": {
      "rate": 0.2724609375,
      "temperature_start": 352877379.374262,
      "temperature_end": 87550910.2103909,