{
  "P": 28,
  "N": 133,
  "values": [
    -583.4382627729843,
    -438.4541324966587,
    269.85328383435876,
    375.29543099236605,
    957.0394424049737,
    -421.95683742413314,
    1251.1051759234663,
    -884.150228808702,
    20.0833246390347,
    1160.7553974683942,
    -1167.4920749228727,
    382.2513845668689,
    -467.50857989217695,
    -795.5452563495404,
    -792.1377119039573,
    -57.77683707657863,
    -764.1890916380565,
    -394.25531818181906,
    315.88448338995215,
    -152.51098685964726,
    1529.6656887827785,
    -1766.1098230409725,
    1181.5370480161027,
    -53.04485233580849,
    1117.2542150755746,
    895.5116834153287,
    1230.100775849039,
    245.04749636997403,
    -20.742575382682986,
    679.4016001715685,
    -321.1797366556596,
    407.0398248926208,
    -746.723461882116,
    115.10662137464664,
    -802.8635925828501,
    609.0108243917228,
    226.67658602102858,
    848.4631850469959,
    -1890.5975506319926,
    1070.3542248000674,
    845.4121925768637,
    -538.8227324479747,
    698.1984225759212,
    1085.5416203521984,
    -930.7358173529392,
    -909.883846735493,
    497.96456371955867,
    -663.0590315252828,
    449.75505021779657,
    418.26036549015714,
    1028.15116344045,
    548.9901593009055,
    143.74626116166272,
    -1374.6891582526948,
    -1465.0027222316526,
    1212.0600590140725,
    1428.5957476044844,
    -93.65064225591391,
    47.23162770234274,
    -369.0439515144336,
    293.49602344294857,
    -1472.642618888653,
    -1862.895594795491,
    -53.36360977061245,
    683.3503165108967,
    -1799.9185940171917,
    -63.462838666819664,
    -865.0623431441788,
    -596.295508027544,
    -583.8734600721594,
    862.8712831952047,
    -2073.0519143916217,
    2060.3321718302323,
    -554.5625649932159,
    615.9195472782144,
    -1161.6130747942511,
    103.98467683369327,
    -106.90602397602116,
    235.46043062152185,
    -1417.3113389283617,
    1389.7621488534621,
    359.5051558877637,
    1513.7670378413147,
    407.62291174430436,
    -571.6477888354902,
    -433.098745025989,
    -794.2866118043656,
    -431.6595674684306,
    -695.5510989389581,
    -508.50646297385725,
    -330.3795570414924,
    304.229905335783,
    -1788.365179954231,
    -157.79576676710093,
    -1372.4990252651874,
    1628.2535924286678,
    -176.55860145035354,
    -196.3429690680963,
    254.28326449132814,
    -180.39680109183712,
    363.2054850984328,
    13.022581984436464,
    -782.9112470117683,
    -77.86176557966495,
    450.5290415383893,
    -260.6773143224347,
    1990.992758270052,
    290.3596460464327,
    159.5368173662462,
    -1249.5921693357036,
    1018.339632089661,
    -433.87778873554277,
    -416.1043471017269,
    -333.3501414091962,
    447.48697622002743,
    -1068.8958005042482,
    -2401.815453677488,
    -3234.808374963159,
    -2124.869842158022,
    -979.9333023321472,
    -989.5186733160936,
    195.7649505772598,
    -1725.7505282208604,
    -1090.6441711233126,
    280.56375792060277,
    2350.611159982294,
    -1511.5738508156576,
    1893.6302995572373,
    -688.9102224017917,
    -50.90646167938178,
    -1414.5895836900072,
    966.9131225674304,
    -1374.2402894542927
  ],
  "measurements": {
    "250000000": {
      "rate": 0.0,
      "temperature_start": 234929994.37550744,
      "temperature_end": 64063270.382563785,
      "temperature_interval": 372.0,
      "offset_increase_rate": 157308942.36300802
    },
    "375000000": {
      "rate": 0.134765625,
      "temperature_start": 253186512.89667895,
      "temperature_end": 69041656.75410846,
      "temperature_interval": 372.0,
      "offset_increase_rate": 169533493.031518
    },
    "406250000": {
      "rate": 0.197265625,
      "temperature_start": 256984717.766447,
      "temperature_end": 70077392.63869454,
      "temperature_interval": 372.0,
      "offset_increase_rate": 172076768.07193798
    },
    "410156250": {
      "rate": 0.2470703125,
      "temperature_start": 257326987.38209707,
      "temperature_end": 70170726.44645041,
      "temperature_interval": 372.0,
      "offset_increase_rate": 172305951.54160962
    },
    "412109375": {
      "rate": 0.2490234375,
      "temperature_start": 257877118.16909087,
      "temperature_end": 70320742.10301498,
      "temperature_interval": 372.0,
      "offset_increase_rate": 172674318.6906974
    },
    "413085937": {
      "rate": 0.24609375,
      "temperature_start": 257643776.04071647,
      "temperature_end": 70257111.8292331,
      "temperature_interval": 372.0,
      "offset_increase_rate": 172518072.98217952
    },
    "413574218": {
      "rate": 0.21875,
      "temperature_start": 258101590.92122412,
      "temperature_end": 70381953.77865332,
      "temperature_interval": 372.0,
      "offset_increase_rate": 172824625.4717505
    },
    "413818359": {
      "rate": 0.234375,
      "temperature_start": 257908321.28009623,
      "temperature_end": 70329250.9072757,
      "temperature_interval": 372.0,
      "offset_increase_rate": 172695212.26967075
    },
    "413940429": {
      "rate": 0.2490234375,
      "temperature_start": 258100870.8198924,
      "temperature_end": 70381757.41357681,
      "temperature_interval": 372.0,
      "offset_increase_rate": 172824143.2924562
    },
    "413948058": {
      "rate": 0.2314453125,
      "temperature_start": 258069718.39035225,
      "temperature_end": 70373262.4296902,
      "temperature_interval": 372.0,
      "offset_increase_rate": 172803283.64975274
    },
    "413951872": {
      "rate": 0.2470703125,
      "temperature_start": 258007588.30097482,
      "temperature_end": 70356320.12002362,
      "temperature_interval": 372.0,
      "offset_increase_rate": 172761681.39000362
    },
    "413953779": {
      "rate": 0.244140625,
      "temperature_start": 257842704.83464783,
      "temperature_end": 70311357.90005253,
      "temperature_interval": 372.0,
      "offset_increase_rate": 172651275.54859543
    },
    "413954733": {
      "rate": 0.2392578125,
      "temperature_start": 258066725.57240826,
      "temperature_end": 70372446.31548706,
      "temperature_interval": 372.0,
      "offset_increase_rate": 172801279.66117436
    },
    "413955210": {
      "rate": 0.2421875,
      "temperature_start": 257958620.5603851,
      "temperature_end": 70342967.06302568,
      "temperature_interval": 372.0,
      "offset_increase_rate": 172728892.62881303
    },
    "413955448": {
      "rate": 0.22265625,
      "temperature_start": 257999741.15799582,
      "temperature_end": 70354180.27558303,
      "temperature_interval": 372.0,
      "offset_increase_rate": 172756426.9491397
    },
    "413955507": {
      "rate": 0.228515625,
      "temperature_start": 257839360.4415047,
      "temperature_end": 70310445.91449374,
      "temperature_interval": 372.0,
      "offset_increase_rate": 172649036.1455358
    },
    "413955567": {
      "rate": 0.255859375,
      "temperature_start": 258068291.0980465,
      "temperature_end": 70372873.2200742,
      "temperature_interval": 372.0,
      "offset_increase_rate": 172802327.93592978
    },
    "413955687": {
      "rate": 0.2666015625,
      "temperature_start": 258146747.25326324,
      "temperature_end": 70394267.49924314,
      "temperature_interval": 372.0,
      "offset_increase_rate": 172854862.11672616
    },
    "413970946": {
      "rate": 0.255859375,
      "temperature_start": 258012263.42115504,
      "temperature_end": 70357594.98272888,
      "temperature_interval": 372.0,
      "offset_increase_rate": 172764811.846857
    },
    "414001464": {
      "rate": 0.263671875,
      "temperature_start": 258254514.90373313,
      "temperature_end": 70423654.75628069,
      "temperature_interval": 372.0,
      "offset_increase_rate": 172927023.25205255
    },
    "414062500": {
      "rate": 0.251953125,
      "temperature_start": 257772458.24496016,
      "temperature_end": 70292202.29465365,
      "temperature_interval": 372.0,