{
  "P": 32,
  "N": 128,
  "values": [
    -1003.6822026922749,
    -631.7581331244095,
    53.88862209492099,
    -219.9384955925619,
    148.81419240642194,
    428.0058083347427,
    -146.48666078836254,
    920.8005289043926,
    181.26996836571485,
    -1092.402852486727,
    34.71169204695435,
    323.6079900602341,
    -594.919270809044,
    665.6836168560012,
    -290.74829459916947,
    2456.784230089707,
    -1648.197616432084,
    2067.2509885525033,
    -1009.9794231504764,
    -750.776741374105,
    -1159.522903286176,
    -2453.5299935834178,
    -1859.0343956088936,
    -170.38250804156155,
    706.032172807926,
    -493.46715676593374,
    -353.3306260267699,
    -1154.0404325221036,
    -1324.3977450963246,
    -2127.9506490820963,
    -16.761137845757286,
    195.53085978588345,
    461.62921354275943,
    -394.8641047955436,
    1052.054262547354,
    -894.3157533591854,
    -213.29611454333767,
    1585.4727918206065,
    -1330.9639031284762,
    -1056.022761097654,
    -1238.7588411980582,
    398.1890199343794,
    2065.0022334655546,
    299.69655888207143,
    -906.758279282551,
    1403.6784910546533,
    -558.008843681368,
    -434.1318760368645,
    -635.7066912085297,
    1373.012440714585,
    69.90180878056708,
    -1314.030498292017,
    735.0932489131401,
    145.91196621453912,
    518.4983993443958,
    273.11763762305185,
    222.15253952579437,
    -1116.1970744211947,
    -92.15347150438662,
    -1636.03538993806,
    -724.9527061784462,
    915.4438367639444,
    -794.9274676983509,
    2167.6261199580476,
    -368.0069479835886,
    359.57557306386065,
    -1772.3504673898622,
    -1495.6240179070269,
    -570.0575350224055,
    -713.7382582457225,
    201.65056047257144,
    1037.668299490201,
    178.06040770747308,
    439.47695212484587,
    102.38380810572393,
    -157.35952055305233,
    -61.193622241193076,
    -402.78098181108186,
    -1918.0680727362549,
    1119.0576057881917,
    -643.1223415013859,
    -983.7309697616942,
    452.2320515195614,
    -1282.0714961928588,
    -10.300279950814144,
    630.6709600644391,
    953.9180699475806,
    268.6444830511065,
    -620.6212436412382,
    -193.48308587972244,
    -724.7176478517446,
    943.2910749943179,
    -630.6663379241186,
    933.683576070857,
    1086.575091863331,
    -498.69734024238966,
    404.85999420017345,
    1539.0988525809385,
    820.6715407129843,
    550.5085267715051,
    -143.50613826798778,
    -628.434701735625,
    352.0690976813007,
    2004.4638816512904,
    1734.6160146202014,
    171.89214656400668,
    -635.3786001046076,
    -1563.523424362631,
    759.227647417497,
    359.3949296136605,
    789.9888123186752,
    1989.5497074662026,
    1097.721772693353,
    646.6045591030411,
    -392.6541269290236,
    -449.22620897286646,
    -824.2210758374496,
    2187.4549738433175,
    -6.280372574189581,
    -1447.8200151970927,
    760.0851057950325,
    -903.9002697048544,
    354.11495467170715,
    211.6488572347137,
    -1023.2385388187619,
    222.17998188477975,
    466.20506103367865,
    -1110.6675131981224
  ],
  "measurements": {
    "250000000": {
      "rate": 0.0009765625,
      "temperature_start": 227908532.82852712,
      "temperature_end": 62988621.48593739,
      "temperature_interval": 409.0,
      "offset_increase_rate": 154776072.34022605
    },
    "375000000": {
      "rate": 0.1474609375,
      "temperature_start": 245202844.36109573,
      "temperature_end": 67768367.24387461,
      "temperature_interval": 409.0,
      "offset_increase_rate": 166520896.36949205
    },
    "390625000": {
      "rate": 0.18359375,
      "temperature_start": 247009367.21837923,
      "temperature_end": 68267648.17491697,
      "temperature_interval": 409.0,
      "offset_increase_rate": 167747732.89453587
    },
    "398437500": {
      "rate": 0.2373046875,
      "temperature_start": 247963737.74936813,
      "temperature_end": 68531414.00846311,
      "temperature_interval": 409.0,
      "offset_increase_rate": 168395860.10816178
    },
    "402343750": {
      "rate": 0.2314453125,
      "temperature_start": 248596576.31758663,
      "temperature_end": 68706315.88045755,
      "temperature_interval": 409.0,
      "offset_increase_rate": 168825630.18652898
    },
    "403320312": {
      "rate": 0.203125,
      "temperature_start": 248588601.61593115,
      "temperature_end": 68704111.8582658,
      "temperature_interval": 409.0,
      "offset_increase_rate": 168820214.4480965
    },
    "403808593": {
      "rate": 0.2333984375,
      "temperature_start": 248339771.3676567,
      "temperature_end": 68635340.9608874,
      "temperature_interval": 409.0,
      "offset_increase_rate": 168651230.12781072
    },
    "404052734": {
      "rate": 0.23046875,
      "temperature_start": 248995999.77542287,
      "temperature_end": 68816707.24091256,
      "temperature_interval": 409.0,
      "offset_increase_rate": 169096884.5938879
    },
    "404113769": {
      "rate": 0.236328125,
      "temperature_start": 248707262.68452862,
      "temperature_end": 68736907.01973799,
      "temperature_interval": 409.0,
      "offset_increase_rate": 168900798.9435925
    },
    "404144286": {
      "rate": 0.248046875,
      "temperature_start": 248578118.83402318,
      "temperature_end": 68701214.66098438,
      "temperature_interval": 409.0,
      "offset_increase_rate": 168813095.43508378
    },
    "404159545": {
      "rate": 0.244140625,
      "temperature_start": 248349799.96567574,
      "temperature_end": 68638112.63229793,
      "temperature_interval": 409.0,
      "offset_increase_rate": 168658040.69779336
    },
    "404167174": {
      "rate": 0.2373046875,
      "temperature_start": 248694035.0629136,
      "temperature_end": 68733251.21255638,
      "temperature_interval": 409.0,
      "offset_increase_rate": 168891815.8691346
    },
    "404170989": {
      "rate": 0.2412109375,
      "temperature_start": 248634034.7932695,
      "temperature_end": 68716668.53253663,
      "temperature_interval": 409.0,
      "offset_increase_rate": 168851068.79415846
    },
    "404172896": {
      "rate": 0.24609375,
      "temperature_start": 248647984.13354036,
      "temperature_end": 68720523.80598074,
      "temperature_interval": 409.0,
      "offset_increase_rate": 168860541.99848333
    },
    "404173850": {
      "rate": 0.220703125,
      "temperature_start": 248980360.91601622,
      "temperature_end": 68812385.02364668,
      "temperature_interval": 409.0,
      "offset_increase_rate": 169086264.01200444
    },
    "404174327": {
      "rate": 0.2373046875,
      "temperature_start": 248702123.85077763,
      "temperature_end": 68735486.76552461,
      "temperature_interval": 409.0,
      "offset_increase_rate": 168897309.08520713
    },
    "404174565": {
      "rate": 0.23046875,
      "temperature_start": 248590702.5438688,
      "temperature_end": 68704692.50591856,
      "temperature_interval": 409.0,
      "offset_increase_rate": 168821641.21948776
    },
    "404174684": {
      "rate": 0.2294921875,
      "temperature_start": 248337737.24522898,
      "temperature_end": 68634778.7767249,
      "temperature_interval": 409.0,
      "offset_increase_rate": 168649848.7250343
    },
    "404174744": {
      "rate": 0.220703125,
      "temperature_start": 248624363.1815682,
      "temperature_end": 68713995.52384736,
      "temperature_interval": 409.0,
      "offset_increase_rate": 168844500.65889058
    },
    "404174804": {
      "rate": 0.2529296875,
      "temperature_start": 248705112.9899351,
      "temperature_end": 68736312.89411497,
      "temperature_interval": 409.0,
      "offset_increase_rate": 168899339.05404037
    },
    "404296875": {
      "rate": 0.2509765625,
      "temperature_start": 248785905.08246046,
      "temperature_end": 68758641.95074123,
      "temperature_interval": 409.0,
      "offset_increase_rate": 168954206.16499066
    },
    "406250000": {
      "rate": 0.26171875,