{
  "P": 11,
  "N": 155,
  "values": [
    -375.3138755625678,
    -641.2956516339865,
    106.99298025924317,
    -783.6249225420786,
    388.72993559590606,
    1170.4958900431568,
    -402.12300929516863,
    657.5036647518799,
    1106.9266406333772,
    1165.598994350003,
    -402.0217106151836,
    727.4470341781571,
    37.70811112000153,
    571.8871454442908,
    -59.25628183091628,
    -83.10571767534532,
    -612.586362907696,
    -315.0539923843006,
    1027.5439920312633,
    720.1512697588502,
    -647.7325540040433,
    -151.39598386623578,
    -40.836936923431594,
    -1229.6925297664168,
    -893.6133984984706,
    978.1427285108165,
    -1419.6166904321174,
    -1402.4361585795623,
    1801.5830525369909,
    362.47735667320575,
    -986.496859088274,
    -154.73341263628467,
    -1452.8959470472928,
    -301.8137897004461,
    -644.9262832948217,
    -435.4934935934273,
    1134.9479604025464,
    -972.1776884484262,
    -578.5216177063566,
    852.3567482455525,
    -741.2143744225132,
    -1919.3447663941297,
    -1300.1431654829473,
    -148.2638123942704,
    -612.0880161230021,
    -144.7415872973431,
    -613.369265191847,
    -393.32408024804477,
    -925.4852263114373,
    880.8639746296194,
    453.49842159707777,
    -32.75736397824225,
    2249.0737381457425,
    -278.69346884497173,
    226.0853574993745,
    570.6879631679159,
    453.7322167841726,
    -399.75973270224125,
    -1425.0077709861587,
    1692.9762821639947,
    -1213.2468612341522,
    980.7865331643784,
    966.7022377460142,
    -1075.6116847289156,
    -541.6720479398928,
    -476.9549072052903,
    1707.1909335073476,
    188.2930156868355,
    450.425222107647,
    980.5224170133285,
    -1009.3671793092392,
    697.533588195195,
    -1368.1578656074903,
    -456.01741053715205,
    849.6591522500441,
    -1200.2229081433698,
    -680.2562290047263,
    -265.4003127902759,
    453.2045288166028,
    1043.8669586116657,
    756.0109065249771,
    -1084.787254221777,
    -307.1826785811459,
    -105.96185851564432,
    -540.5594642690577,
    -1050.9658000255158,
    -1439.821496383141,
    -1460.1356776448124,
    -957.4971032324582,
    1264.6157493456503,
    545.4767644991094,
    -934.8068048425712,
    -898.1646172191716,
    871.7062250313394,
    -1021.3080142265741,
    50.34805938250784,
    -185.71409565562573,
    1272.4290512594387,
    761.7205910527492,
    -77.49751708822521,
    538.5678313579343,
    -189.9703057919455,
    953.865255839602,
    854.0810580503411,
    202.79303175374974,
    1.8992518190819203,
    1018.8151156406435,
    -2025.1252395316076,
    200.64839188258443,
    879.507766658827,
    245.86064739928415,
    1102.019311019807,
    703.9646712088214,
    482.7505479664126,
    -946.5580746022611,
    377.7025401456978,
    -818.7313740359682,
    -689.0584070247676,
    -231.6075998358634,
    415.08339081645556,
    -1.3660840614305247,
    -451.76919291250664,
    1421.9877615185317,
    -494.31807672727143,
    -466.16909308807675,
    -901.1230079728031,
    -143.43076553714556,
    428.58588329054555,
    19.998175596957005,
    1146.7594013214575,
    -649.7967307796888,
    -232.83421646212093,
    834.5133505415745,
    604.8139262968541,
    -1009.141618536334,
    296.92201066862685,
    121.12375720638519,
    203.3066207241913,
    229.5030015414555,
    -338.3765532986808,
    283.2885727965379,
    -545.3087954062513,
    1765.1413448693995,
    301.6722535105415,
    880.598943696757,
    -484.6103363521276,
    599.0565203420947,
    754.6693889258086,
    26.89105572133484,
    1010.3000653789347,
    1037.2680672275499,
    -447.21069157295454,
    -434.08493505817495,
    673.9962948591439,
    1645.3103301310134
  ],
  "measurements": {
    "250000000": {
      "rate": 0.1044921875,
      "temperature_start": 180718177.65472138,
      "temperature_end": 43613829.967400104,
      "temperature_interval": 170.0,
      "offset_increase_rate": 106903674.43681866
    },
    "281250000": {
      "rate": 0.19140625,
      "temperature_start": 185751060.180211,
      "temperature_end": 44828446.480034396,
      "temperature_interval": 170.0,
      "offset_increase_rate": 109880871.53987741
    },
    "289062500": {
      "rate": 0.240234375,
      "temperature_start": 186895178.39382958,
      "temperature_end": 45104563.56952113,
      "temperature_interval": 170.0,
      "offset_increase_rate": 110557673.63368562
    },
    "290039062": {
      "rate": 0.2421875,
      "temperature_start": 187101486.5710251,
      "temperature_end": 45154353.191560596,
      "temperature_interval": 170.0,
      "offset_increase_rate": 110679715.04919115
    },
    "290527343": {
      "rate": 0.2294921875,
      "temperature_start": 187009409.52530253,
      "temperature_end": 45132131.67146693,
      "temperature_interval": 170.0,
      "offset_increase_rate": 110625246.95612618
    },
    "290771484": {
      "rate": 0.240234375,
      "temperature_start": 187174952.7207656,
      "temperature_end": 45172083.22959397,
      "temperature_interval": 170.0,
      "offset_increase_rate": 110723173.88358128
    },
    "290832519": {
      "rate": 0.2412109375,
      "temperature_start": 187217904.52675104,
      "temperature_end": 45182449.053261265,
      "temperature_interval": 170.0,
      "offset_increase_rate": 110748581.98553944
    },
    "290863036": {
      "rate": 0.2314453125,
      "temperature_start": 187017104.29142112,
      "temperature_end": 45133988.69672853,
      "temperature_interval": 170.0,
      "offset_increase_rate": 110629798.78805965
    },
    "290878295": {
      "rate": 0.25,
      "temperature_start": 187214070.29581177,
      "temperature_end": 45181523.714712515,
      "temperature_interval": 170.0,
      "offset_increase_rate": 110746313.84969738
    },
    "290880202": {
      "rate": 0.234375,
      "temperature_start": 187140286.26407453,
      "temperature_end": 45163716.9602606,
      "temperature_interval": 170.0,
      "offset_increase_rate": 110702666.97249976
    },
    "290881155": {
      "rate": 0.25,
      "temperature_start": 187178433.18597868,
      "temperature_end": 45172923.191682905,
      "temperature_interval": 170.0,
      "offset_increase_rate": 110725232.74962817
    },
    "290881393": {
      "rate": 0.21484375,
      "temperature_start": 187231391.2881018,
      "temperature_end": 45185703.89637663,
      "temperature_interval": 170.0,
      "offset_increase_rate": 110756560.06701058
    },
    "290881452": {
      "rate": 0.2646484375,
      "temperature_start": 187123513.2276224,
      "temperature_end": 45159669.02015101,
      "temperature_interval": 170.0,
      "offset_increase_rate": 110692744.89796656
    },
    "290881512": {
      "rate": 0.2626953125,
      "temperature_start": 187269515.4788271,
      "temperature_end": 45194904.64194366,
      "temperature_interval": 170.0,
      "offset_increase_rate": 110779112.3975307
    },
    "290881632": {
      "rate": 0.2626953125,
      "temperature_start": 187257268.22442937,
      "temperature_end": 45191948.936669275,
      "temperature_interval": 170.0,
      "offset_increase_rate": 110771867.54527584
    },
    "290882109": {
      "rate": 0.2548828125,
      "temperature_start": 187183119.40563053,
      "temperature_end": 45174054.14591086,
      "temperature_interval": 170.0,
      "offset_increase_rate": 110728004.87862208
    },
    "290885924": {
      "rate": 0.2607421875,
      "temperature_start": 187350331.06060869,
      "temperature_end": 45214408.36364051,
      "temperature_interval": 170.0,
      "offset_increase_rate": 110826918.78179334
    },
    "290893554": {
      "rate": 0.279296875,
      "temperature_start": 187092666.42817628,
      "temperature_end": 45152224.572207026,
      "temperature_interval": 170.0,
      "offset_increase_rate": 110674497.5016714
    },
    "291015625": {
      "rate": 0.259765625,
      "temperature_start": 187270440.6105038,