{
  "P": 18,
  "N": 122,
  "values": [
    591.3762155945516,
    -204.85860726790239,
    -1297.2507056308423,
    956.4381230639146,
    -1560.9843359215665,
    -515.7544304987433,
    272.19485344315234,
    -584.3844680812557,
    1654.6469358789648,
    -952.1740687969235,
    -783.7257533468369,
    1542.1433940765264,
    648.6973660371384,
    -2157.1440410332143,
    133.09977464400671,
    1297.710397828037,
    613.4955251239116,
    -916.6111221935802,
    -281.1493187321891,
    1072.5787051878533,
    77.81631606092358,
    625.5368774708295,
    -976.6715813203155,
    532.4403442609103,
    -898.2678223162255,
    352.5195828136383,
    -2806.9144489102655,
    845.0461657611913,
    393.94947859136465,
    889.4524252535226,
    79.88860950512617,
    -1232.9841604654412,
    -2622.455716495695,
    -205.787989866539,
    -88.17550457027154,
    -924.6696936623033,
    -740.6294077341248,
    -509.8224349954483,
    -144.1216463777681,
    -368.4026637684255,
    -1965.108024622532,
    -182.92057331091402,
    129.01183500066216,
    -311.70584970580853,
    -1023.9209736526456,
    -1025.9067590399886,
    -67.72644387091894,
    470.0037874850762,
    496.9512835372352,
    282.1970335266997,
    -400.14702759140465,
    -820.8057055599302,
    -539.9664401629907,
    528.8163385319203,
    -582.8019226166255,
    -425.2428959238061,
    1478.3670571854896,
    -1575.6524173246796,
    1183.5283631291034,
    1708.94173619025,
    -481.44455614265496,
    119.60910832670197,
    112.2815258089153,
    -1029.7066507906,
    -747.610328375486,
    363.2962108786551,
    -650.2595768918422,
    -382.08583120204923,
    1376.256815954041,
    1135.7223921393245,
    538.4156238774026,
    -492.8767020063956,
    151.66406663670736,
    -484.7818034981919,
    -10.803671178195696,
    768.4794672208262,
    107.31591637733932,
    -356.7659895713473,
    -112.1612364338137,
    1042.0961400802419,
    -979.1640993034306,
    -584.8757658993786,
    -1465.918398264657,
    889.3927585270233,
    1240.6087273645426,
    914.670167558507,
    1654.1679784347175,
    -240.1328801071629,
    1929.1654825321177,
    -1632.6045529334492,
    -1058.7604837422866,
    -546.6618599342571,
    699.8039854490669,
    -117.59628548125296,
    -142.52720807191642,
    412.8246433923517,
    373.20498604186935,
    -752.162543101693,
    -39.77451865813147,
    -724.3812461226393,
    1242.5318092121308,
    310.46594724673884,
    362.42721818390294,
    -105.26774106504809,
    -784.3047149005098,
    237.21825498667107,
    1922.0997565697883,
    -1678.8602226678338,
    36.96701074573308,
    422.0156142795721,
    392.00122928593305,
    462.8973385437648,
    589.4432484823631,
    585.2824689420205,
    -1423.8393917227788,
    450.97169745797015,
    -2287.329787683694,
    -1777.198139965278,
    3237.1560157767626,
    -636.1546168112353,
    895.4643700314693,
    -323.60182131950484
  ],
  "measurements": {
    "500000000": {
      "rate": 0.0068359375,
      "temperature_start": 276668159.6159067,
      "temperature_end": 69640176.95948318,
      "temperature_interval": 219.0,
      "offset_increase_rate": 170656156.54241437
    },
    "625000000": {
      "rate": 0.1083984375,
      "temperature_start": 295638777.08132815,
      "temperature_end": 74415273.44748053,
      "temperature_interval": 219.0,
      "offset_increase_rate": 182357729.53288683
    },
    "687500000": {
      "rate": 0.185546875,
      "temperature_start": 304648151.6549319,
      "temperature_end": 76683024.2449379,
      "temperature_interval": 219.0,
      "offset_increase_rate": 187914947.39169884
    },
    "718750000": {
      "rate": 0.224609375,
      "temperature_start": 309059575.1037741,
      "temperature_end": 77793424.19138305,
      "temperature_interval": 219.0,
      "offset_increase_rate": 190636028.7467259
    },
    "720703125": {
      "rate": 0.2236328125,
      "temperature_start": 309435491.62897056,
      "temperature_end": 77888046.18681984,
      "temperature_interval": 219.0,
      "offset_increase_rate": 190867903.89079693
    },
    "721679687": {
      "rate": 0.24609375,
      "temperature_start": 309377592.3116634,
      "temperature_end": 77873472.34243995,
      "temperature_interval": 219.0,
      "offset_increase_rate": 190832190.0776433
    },
    "721923827": {
      "rate": 0.2353515625,
      "temperature_start": 309109725.8956175,
      "temperature_end": 77806047.65345213,
      "temperature_interval": 219.0,
      "offset_increase_rate": 190666963.06672657
    },
    "722045897": {
      "rate": 0.24609375,
      "temperature_start": 309274137.415021,
      "temperature_end": 77847431.69750452,
      "temperature_interval": 219.0,
      "offset_increase_rate": 190768376.39174253
    },
    "722106932": {
      "rate": 0.25,
      "temperature_start": 309886723.9236047,
      "temperature_end": 78001625.92397419,
      "temperature_interval": 219.0,
      "offset_increase_rate": 191146235.77118748
    },
    "722122191": {
      "rate": 0.220703125,
      "temperature_start": 309568694.24534285,
      "temperature_end": 77921574.63399823,
      "temperature_interval": 219.0,
      "offset_increase_rate": 190950066.74821806
    },
    "722129820": {
      "rate": 0.2373046875,
      "temperature_start": 309604861.96083546,
      "temperature_end": 77930678.41417526,
      "temperature_interval": 219.0,
      "offset_increase_rate": 190972375.9410267
    },
    "722133635": {
      "rate": 0.2490234375,
      "temperature_start": 309655605.8889297,
      "temperature_end": 77943451.17464402,
      "temperature_interval": 219.0,
      "offset_increase_rate": 191003676.12297916
    },
    "722134588": {
      "rate": 0.2353515625,
      "temperature_start": 309668465.2746218,
      "temperature_end": 77946688.01222022,
      "temperature_interval": 219.0,
      "offset_increase_rate": 191011608.12838507
    },
    "722134707": {
      "rate": 0.2314453125,
      "temperature_start": 309370462.21846986,
      "temperature_end": 77871677.62579305,
      "temperature_interval": 219.0,
      "offset_increase_rate": 190827792.04968858
    },
    "722134766": {
      "rate": 0.24609375,
      "temperature_start": 309717450.4336066,
      "temperature_end": 77959018.07269712,
      "temperature_interval": 219.0,
      "offset_increase_rate": 191041823.45555383
    },
    "722134826": {
      "rate": 0.26171875,
      "temperature_start": 309638334.1816375,
      "temperature_end": 77939103.71104757,
      "temperature_interval": 219.0,
      "offset_increase_rate": 190993022.48221505
    },
    "722135065": {
      "rate": 0.2529296875,
      "temperature_start": 309321599.9384846,
      "temperature_end": 77859378.49520448,
      "temperature_interval": 219.0,
      "offset_increase_rate": 190797652.5175004
    },
    "722135542": {
      "rate": 0.255859375,
      "temperature_start": 309595588.70041114,
      "temperature_end": 77928344.24063742,
      "temperature_interval": 219.0,
      "offset_increase_rate": 190966655.9514738
    },
    "722137450": {
      "rate": 0.2548828125,
      "temperature_start": 309553647.9480305,
      "temperature_end": 77917787.32862535,
      "temperature_interval": 219.0,
      "offset_increase_rate": 190940785.79853058
    },
    "722167968": {
      "rate": 0.265625,
      "temperature_start": 309508518.3468969,
      "temperature_end": 77906427.75109604,
      "temperature_interval": 219.0,
      "offset_increase_rate": 190912948.68027875
    },
    "722656250": {
      "rate": 0.2568359375,
      "temperature_start": 309722236.14192605,
      "temperature_end": 77960222.68393503,
      "temperature_interval": 219.0,
      "offset_increase_rate": 191044775.40560567
    },
    "726562500": {
      "rate": 0.275390625,
      "temperature_start": 310048324.8238972,
      "temperature_end": 78042302.50673963,
      "temperature_interval": 219.0,