{
  "P": 28,
  "N": 116,
  "values": [
    1123.4080243270787,
    -101.40052603801384,
    -1342.6865365916647,
    1.2577984504238606,
    149.04737598971695,
    -288.6318713107611,
    1430.7108988361204,
    1147.5514774122437,
    -1032.818928543205,
    -917.4299555518886,
    107.75560140240496,
    471.68643805910784,
    -431.46138957208404,
    -107.44725422328403,
    956.6501965636862,
    58.7939048350392,
    -447.7653321980083,
    -1682.1091677030688,
    1614.390309384335,
    -121.38885859119075,
    293.94589647903314,
    663.2586927564274,
    -232.43545797264724,
    1211.5613092542078,
    -1426.579124196642,
    1440.6244604410713,
    -52.874692475162526,
    961.2167340847479,
    -431.47529494611496,
    -706.1196261774712,
    -153.61409963674808,
    845.5623763261491,
    -8.679732576320728,
    -71.52123707203388,
    1.8586841577620765,
    1529.7278080149017,
    -236.2521543590387,
    -1267.800087071914,
    736.5524797265267,
    111.75220138231586,
    1417.0181972748499,
    -1011.6625744629683,
    -540.5199212390066,
    193.12424424442713,
    957.8978926700546,
    -98.6639926962999,
    597.2382403701934,
    -682.3118974871259,
    345.9023170478992,
    2472.695606127759,
    1876.091592559066,
    -1869.2631223025544,
    513.4063332003944,
    347.27910075043525,
    526.5676876198387,
    -2207.455651182353,
    -611.6269395305407,
    699.5319558804421,
    38.17838329140279,
    -913.1203926952871,
    505.36153761963607,
    455.5712725440446,
    -1002.8322509039283,
    -2037.223222363124,
    396.36785265632466,
    -1135.8297695120948,
    2179.644286814886,
    -1126.2414472800851,
    1104.0332987321003,
    536.636429513276,
    -458.6959181271726,
    -215.60279221143153,
    -665.1421487958711,
    1490.7674057102597,
    1461.431058570546,
    1807.5050356424488,
    -163.41717882939668,
    -475.41794292785994,
    -55.27412166633426,
    -427.71690508940515,
    251.39267211322607,
    -56.81220239521266,
    556.4247307790907,
    284.63530620143854,
    1266.445940206682,
    -288.6808583153447,
    1310.7424279773215,
    -849.4200913710661,
    223.57328492742698,
    783.2749420037024,
    -727.748438545588,
    301.81881165330327,
    -1770.778651506537,
    1024.9369312809365,
    -605.8178984515413,
    660.9749584191125,
    -293.78552773927856,
    970.5253440171427,
    -18.262415833568447,
    -748.5411266826013,
    -223.60651872487873,
    37.07772663725633,
    -852.2346944379228,
    2418.0355612664252,
    -1471.4205068285714,
    -266.37092294856245,
    204.2761583346592,
    1412.3465012372635,
    -587.8761604869021,
    -1820.744354948901,
    373.1250854586478,
    -529.5912857016132,
    -300.13954420949386,
    209.71185060866515,
    1264.3269730387713,
    76.74045996903067
  ],
  "measurements": {
    "250000000": {
      "rate": 0.005859375,
      "temperature_start": 221583149.56857377,
      "temperature_end": 59239202.89594349,
      "temperature_interval": 324.0,
      "offset_increase_rate": 145343565.2279786
    },
    "312500000": {
      "rate": 0.06640625,
      "temperature_start": 231065205.65719762,
      "temperature_end": 61774185.567678064,
      "temperature_interval": 324.0,
      "offset_increase_rate": 151563152.9551841
    },
    "343750000": {
      "rate": 0.1533203125,
      "temperature_start": 235683810.85477155,
      "temperature_end": 63008947.736769214,
      "temperature_interval": 324.0,
      "offset_increase_rate": 154592645.70814332
    },
    "359375000": {
      "rate": 0.2021484375,
      "temperature_start": 237887313.35641873,
      "temperature_end": 63598043.66771408,
      "temperature_interval": 324.0,
      "offset_increase_rate": 156037994.37387773
    },
    "367187500": {
      "rate": 0.2236328125,
      "temperature_start": 239016808.8585022,
      "temperature_end": 63900008.92702308,
      "temperature_interval": 324.0,
      "offset_increase_rate": 156778867.05982617
    },
    "371093750": {
      "rate": 0.2490234375,
      "temperature_start": 239753797.21951923,
      "temperature_end": 64097039.265905984,
      "temperature_interval": 324.0,
      "offset_increase_rate": 157262281.59802678
    },
    "373046875": {
      "rate": 0.2490234375,
      "temperature_start": 239843271.21928725,
      "temperature_end": 64120959.7148954,
      "temperature_interval": 324.0,
      "offset_increase_rate": 157320970.49267793
    },
    "373291015": {
      "rate": 0.2431640625,
      "temperature_start": 239996577.03979775,
      "temperature_end": 64161945.29806827,
      "temperature_interval": 324.0,
      "offset_increase_rate": 157421528.74616686
    },
    "373321532": {
      "rate": 0.2216796875,
      "temperature_start": 239632091.48299918,
      "temperature_end": 64064501.81514156,
      "temperature_interval": 324.0,
      "offset_increase_rate": 157182450.8632035
    },
    "373322485": {
      "rate": 0.2470703125,
      "temperature_start": 239459238.8294292,
      "temperature_end": 64018290.478964284,
      "temperature_interval": 324.0,
      "offset_increase_rate": 157069071.20875823
    },
    "373322962": {
      "rate": 0.248046875,
      "temperature_start": 239874238.63486826,
      "temperature_end": 64129238.70640868,
      "temperature_interval": 324.0,
      "offset_increase_rate": 157341283.0236407
    },
    "373323021": {
      "rate": 0.24609375,
      "temperature_start": 239841060.48673493,
      "temperature_end": 64120368.68604474,
      "temperature_interval": 324.0,
      "offset_increase_rate": 157319520.40158778
    },
    "373323081": {
      "rate": 0.263671875,
      "temperature_start": 239825290.9842648,
      "temperature_end": 64116152.78443752,
      "temperature_interval": 324.0,
      "offset_increase_rate": 157309176.67411864
    },
    "373323200": {
      "rate": 0.26171875,
      "temperature_start": 239571384.69245213,
      "temperature_end": 64048272.14294231,
      "temperature_interval": 324.0,
      "offset_increase_rate": 157142631.31289548
    },
    "373323439": {
      "rate": 0.259765625,
      "temperature_start": 239671073.51994666,
      "temperature_end": 64074923.477621436,
      "temperature_interval": 324.0,
      "offset_increase_rate": 157208020.4439267
    },
    "373325346": {
      "rate": 0.265625,
      "temperature_start": 239570921.58529985,
      "temperature_end": 64048148.3334441,
      "temperature_interval": 324.0,
      "offset_increase_rate": 157142327.54591352
    },
    "373329161": {
      "rate": 0.275390625,
      "temperature_start": 239487108.7215898,
      "temperature_end": 64025741.36229907,
      "temperature_interval": 324.0,
      "offset_increase_rate": 157087351.97377592
    },
    "373336791": {
      "rate": 0.271484375,
      "temperature_start": 239686062.52524304,
      "temperature_end": 64078930.71701527,
      "temperature_interval": 324.0,
      "offset_increase_rate": 157217852.218018
    },
    "373352050": {
      "rate": 0.2685546875,
      "temperature_start": 239738212.6441368,
      "temperature_end": 64092872.80367759,
      "temperature_interval": 324.0,
      "offset_increase_rate": 157252059.17022464
    },
    "373413085": {
      "rate": 0.2568359375,
      "temperature_start": 239613485.9373709,
      "temperature_end": 64059527.71086238,
      "temperature_interval": 324.0,
      "offset_increase_rate": 157170246.8831631
    },
    "373535156": {
      "rate": 0.2529296875,
      "temperature_start": 239643685.84597486,
      "temperature_end": 64067601.5130297,
      "temperature_interval": 324.0,
      "offset_increase_rate": 157190055.98143888
    },
    "374023437": {
      "rate": 0.2626953125,
      "temperature_start": 239848664.00677526,
      "temperature_end": 64122401.4510238,
      "temperature_interval": 324.0,
      "offset_increase_rate": 157324507.79667217
    },
    "375000000": {
      "rate": 0.2626953125,
      "temperature_start": 239847174.81554627,