{
  "P": 29,
  "N": 124,
  "values": [
    240.72456637586927,
    474.63854828210697,
    786.7374732746486,
    -219.49190056848707,
    -1462.9930042175447,
    798.9761502654349,
    379.0680616386652,
    -543.0777296011663,
    -617.9079028735166,
    470.53592081126703,
    -786.4274853652839,
    -1345.6018879364797,
    -361.62082383893176,
    206.40767961936245,
    322.4004968290457,
    -141.46164273511417,
    600.7064622984278,
    -373.2567019110271,
    467.6671238691491,
    171.8551516326832,
    -339.7828559446228,
    262.37503960265684,
    -1031.6577136200824,
    -764.4190008043348,
    725.0216951793075,
    379.7853256579986,
    -74.06633194834498,
    -522.719233244313,
    391.95464942540707,
    -1080.2270429678988,
    231.66178495321216,
    -1107.0115630061518,
    901.4994976348107,
    588.2836840131257,
    547.4186964129692,
    -828.709459340326,
    755.6117555327262,
    93.84228948306922,
    -1653.3737226319101,
    779.0109327561194,
    458.36115301481027,
    -1493.4054432699706,
    980.7170602687254,
    364.7098161236217,
    -122.89721359542732,
    -534.0426539058085,
    1221.7347429547724,
    -725.2141490509227,
    -913.5990484089845,
    216.83674082169549,
    990.1989652107867,
    379.8656726623233,
    235.08471739153848,
    33.94081094380934,
    210.88561533716592,
    1873.7879876015932,
    -1576.6160424594887,
    2128.39658490503,
    473.48219314009344,
    308.50029175591743,
    518.6712378269049,
    -648.725925285235,
    -306.5735244155331,
    192.71958593947645,
    740.6055403553669,
    -1146.2346061610926,
    715.7207857161178,
    1151.585345885109,
    1151.4131398057425,
    -937.111185274743,
    -290.6315914056463,
    291.89497975397705,
    233.73978013799206,
    1213.87759772962,
    -1071.675438814865,
    740.1668802939821,
    427.3847821203679,
    -940.7023973363648,
    -563.8070313068289,
    1319.5121871234094,
    -559.5750989140105,
    -2519.1439426238394,
    -528.3525225317708,
    2153.2122668649745,
    113.09671620091814,
    735.2391560131101,
    11.914214770716141,
    -1018.3705290864544,
    825.7535354354222,
    -227.11827994897857,
    -837.7578498264937,
    1363.8615226778734,
    313.77958610472143,
    -97.32627411937125,
    795.2064631239125,
    2192.226053426266,
    -928.5882148547321,
    1204.0225374510596,
    531.8162773965543,
    527.891325303978,
    -1627.6244908798164,
    -1516.2147545534554,
    -465.2094715572053,
    -639.8926765394023,
    1717.19786899926,
    -95.43458306596945,
    -505.62042925832685,
    -1743.3130845619628,
    -675.5252761542565,
    -854.138993628793,
    -335.74872287492906,
    -930.8822568340605,
    -1992.6839566829715,
    177.9952923407191,
    147.65254226399685,
    28.783029701475165,
    -92.42971260741609,
    -1207.6763890953466,
    1471.9619076617166,
    1643.4622379425393,
    800.3244348579359,
    642.7725708022219,
    2246.940172051929,
    -179.47180874031207
  ],
  "measurements": {
    "250000000": {
      "rate": 0.0126953125,
      "temperature_start": 205750792.02330032,
      "temperature_end": 55826263.25623006,
      "temperature_interval": 359.0,
      "offset_increase_rate": 137051384.8288486
    },
    "312500000": {
      "rate": 0.0888671875,
      "temperature_start": 215273184.4026175,
      "temperature_end": 58409969.392032824,
      "temperature_interval": 359.0,
      "offset_increase_rate": 143394286.59673733
    },
    "343750000": {
      "rate": 0.1748046875,
      "temperature_start": 219279098.16709262,
      "temperature_end": 59496892.04345094,
      "temperature_interval": 359.0,
      "offset_increase_rate": 146062640.98569196
    },
    "359375000": {
      "rate": 0.2197265625,
      "temperature_start": 220914841.16481984,
      "temperature_end": 59940717.40282217,
      "temperature_interval": 359.0,
      "offset_increase_rate": 147152215.61555398
    },
    "367187500": {
      "rate": 0.23828125,
      "temperature_start": 221906217.9250977,
      "temperature_end": 60209707.181481734,
      "temperature_interval": 359.0,
      "offset_increase_rate": 147812575.444778
    },
    "369140625": {
      "rate": 0.2470703125,
      "temperature_start": 222471631.73552307,
      "temperature_end": 60363120.63821312,
      "temperature_interval": 359.0,
      "offset_increase_rate": 148189199.73359907
    },
    "369142532": {
      "rate": 0.2275390625,
      "temperature_start": 222440289.37439647,
      "temperature_end": 60354616.530471325,
      "temperature_interval": 359.0,
      "offset_increase_rate": 148168322.46768937
    },
    "369143485": {
      "rate": 0.248046875,
      "temperature_start": 222339602.24668276,
      "temperature_end": 60327297.14062604,
      "temperature_interval": 359.0,
      "offset_increase_rate": 148101254.38910797
    },
    "369143962": {
      "rate": 0.2431640625,
      "temperature_start": 222422922.52940243,
      "temperature_end": 60349904.392787516,
      "temperature_interval": 359.0,
      "offset_increase_rate": 148156754.3462103
    },
    "369144200": {
      "rate": 0.25,
      "temperature_start": 222292851.01250786,
      "temperature_end": 60314612.150785,
      "temperature_interval": 359.0,
      "offset_increase_rate": 148070113.2142764
    },
    "369144259": {
      "rate": 0.271484375,
      "temperature_start": 222293362.65077642,
      "temperature_end": 60314750.97334987,
      "temperature_interval": 359.0,
      "offset_increase_rate": 148070454.01847234
    },
    "369144319": {
      "rate": 0.28125,
      "temperature_start": 222509304.34594542,
      "temperature_end": 60373342.32944602,
      "temperature_interval": 359.0,
      "offset_increase_rate": 148214293.60263222
    },
    "369144439": {
      "rate": 0.287109375,
      "temperature_start": 222366692.9857278,
      "temperature_end": 60334647.65779714,
      "temperature_interval": 359.0,
      "offset_increase_rate": 148119299.63338456
    },
    "369148254": {
      "rate": 0.2705078125,
      "temperature_start": 222473250.96749407,
      "temperature_end": 60363559.98364356,
      "temperature_interval": 359.0,
      "offset_increase_rate": 148190278.31017128
    },
    "369155883": {
      "rate": 0.2666015625,
      "temperature_start": 222278789.8626092,
      "temperature_end": 60310796.945758544,
      "temperature_interval": 359.0,
      "offset_increase_rate": 148060747.02886862
    },
    "369171142": {
      "rate": 0.26953125,
      "temperature_start": 222152475.83980393,
      "temperature_end": 60276524.22281669,
      "temperature_interval": 359.0,
      "offset_increase_rate": 147976608.77803355
    },
    "369201660": {
      "rate": 0.255859375,
      "temperature_start": 222174141.92713904,
      "temperature_end": 60282402.87185326,
      "temperature_interval": 359.0,
      "offset_increase_rate": 147991040.64118168
    },
    "369262695": {
      "rate": 0.2529296875,
      "temperature_start": 222306873.60114223,
      "temperature_end": 60318416.89300223,
      "temperature_interval": 359.0,
      "offset_increase_rate": 148079453.71387947
    },
    "369384765": {
      "rate": 0.2587890625,
      "temperature_start": 222234831.5593328,
      "temperature_end": 60298869.760512374,
      "temperature_interval": 359.0,
      "offset_increase_rate": 148031466.23592722
    },
    "369628906": {
      "rate": 0.2587890625,
      "temperature_start": 222127145.96571273,
      "temperature_end": 60269651.48028502,
      "temperature_interval": 359.0,
      "offset_increase_rate": 147959736.4525975
    },
    "370117187": {
      "rate": 0.267578125,
      "temperature_start": 222564990.00029647,
      "temperature_end": 60388451.4912083,
      "temperature_interval": 359.0,
      "offset_increase_rate": 148251386.02871168
    },
    "371093750": {
      "rate": 0.2509765625,
      "temperature_start": 222466283.1693845,
      "temperature_end": 60361669.41434002,