{
  "P": 32,
  "N": 128,
  "values": [
    -137.9052699615238,
    -1219.6319396143235,
    -143.13866230405446,
    1339.478913716263,
    2913.355264248781,
    401.29826343538025,
    -247.6149097768514,
    -1197.5455950926432,
    1010.5280480473726,
    -629.8537700034643,
    -1222.9788056683321,
    -9.251783987868762,
    988.9491219579019,
    -1180.5524815762128,
    -456.9286725540516,
    23.138915354031777,
    1482.0999908658155,
    156.5570692029035,
    323.311869490161,
    -451.4018400699064,
    -1936.7076444297497,
    -127.71021993369686,
    351.2095917979688,
    797.3491716021168,
    -384.48013718310125,
    458.95078690499406,
    -851.030974594808,
    -808.9408253072207,
    -943.3025165982602,
    917.775668854316,
    1213.7141190221257,
    267.0070582403949,
    -220.14087959203545,
    -873.6803183179285,
    -273.14409890883155,
    267.4943695191567,
    221.4190470979254,
    1411.9070661322987,
    -515.9947622474787,
    -295.6376259034739,
    511.65622117981457,
    876.2048063530149,
    -484.95503104434783,
    1501.0163362787132,
    642.0327639090528,
    227.963603116056,
    293.9727959112824,
    -1789.7856085427643,
    1246.4148042527754,
    -734.3147961808792,
    -762.3340338333353,
    1758.5438362557938,
    -1438.370114869013,
    548.7491349600797,
    1482.5125226432745,
    1008.8454453108908,
    1351.6740552541862,
    -1418.7491015460707,
    1635.497397132313,
    -368.17508908981375,
    631.5086763825622,
    -614.5711784352343,
    -595.462428605189,
    1550.9363119573463,
    823.8846245425003,
    1026.7564750550112,
    1422.4480908096684,
    708.7895471519402,
    1081.3454301716195,
    2.4172315041761014,
    231.7734415371586,
    -69.38070758208879,
    -44.79362271778327,
    -479.12316831235086,
    842.2332590731685,
    -949.8025579935407,
    974.2156775031314,
    466.37766239181127,
    -365.78859254533563,
    -366.8882795668414,
    1639.091013912181,
    -1101.1523866874861,
    -438.80161057487635,
    -104.26893380246625,
    -397.3485840260592,
    879.6666455461387,
    -419.0802559313145,
    800.4847150252314,
    -878.5774666870439,
    106.02401152171456,
    -702.0795713898902,
    -1387.405503313136,
    -16.940551612260926,
    55.71274583083759,
    1338.1725703410189,
    1736.0829608618017,
    -1452.3894457803335,
    749.4196294503929,
    34.23181307802827,
    -214.7935798903061,
    2286.8530306543707,
    231.55413270105453,
    -1053.2351605935912,
    23.869477174431953,
    -350.41625548331155,
    -943.1690454156301,
    -660.172012915842,
    -727.4902981800633,
    841.8196132260532,
    -388.7795466139192,
    86.87407762219418,
    -1481.9573969273279,
    895.3421239740192,
    2833.2332816506046,
    -919.8599019413575,
    -1836.862755781883,
    655.9591627266507,
    45.641503886911295,
    -1041.0691422123564,
    -165.8080089126559,
    -1063.1158460919332,
    -316.2136920037765,
    -469.4122295054032,
    -614.8847251787489,
    -534.3337577157699,
    132.13676600641597,
    364.398817226751,
    -12.867901407350038
  ],
  "measurements": {
    "250000000": {
      "rate": 0.005859375,
      "temperature_start": 218933946.80029392,
      "temperature_end": 60508254.49261081,
      "temperature_interval": 409.0,
      "offset_increase_rate": 148681297.5676883
    },
    "312500000": {
      "rate": 0.099609375,
      "temperature_start": 227106488.4243604,
      "temperature_end": 62766955.053522676,
      "temperature_interval": 409.0,
      "offset_increase_rate": 154231392.06354338
    },
    "343750000": {
      "rate": 0.19140625,
      "temperature_start": 231148560.7389722,
      "temperature_end": 63884089.89654072,
      "temperature_interval": 409.0,
      "offset_increase_rate": 156976423.45489317
    },
    "359375000": {
      "rate": 0.24609375,
      "temperature_start": 232817270.41206408,
      "temperature_end": 64345282.46648888,
      "temperature_interval": 409.0,
      "offset_increase_rate": 158109668.99805862
    },
    "361328125": {
      "rate": 0.2353515625,
      "temperature_start": 233341056.29111785,
      "temperature_end": 64490044.70977103,
      "temperature_interval": 409.0,
      "offset_increase_rate": 158465379.77422428
    },
    "361389160": {
      "rate": 0.244140625,
      "temperature_start": 233368966.21240202,
      "temperature_end": 64497758.3633392,
      "temperature_interval": 409.0,
      "offset_increase_rate": 158484333.81662926
    },
    "361419677": {
      "rate": 0.240234375,
      "temperature_start": 233367561.4914054,
      "temperature_end": 64497370.13110387,
      "temperature_interval": 409.0,
      "offset_increase_rate": 158483379.8497203
    },
    "361434936": {
      "rate": 0.2392578125,
      "temperature_start": 233051503.1758912,
      "temperature_end": 64410018.958436795,
      "temperature_interval": 409.0,
      "offset_increase_rate": 158268739.94967514
    },
    "361438750": {
      "rate": 0.2216796875,
      "temperature_start": 233412783.5184304,
      "temperature_end": 64509868.44833559,
      "temperature_interval": 409.0,
      "offset_increase_rate": 158514090.80046588
    },
    "361439226": {
      "rate": 0.2255859375,
      "temperature_start": 232993039.93529755,
      "temperature_end": 64393861.077523395,
      "temperature_interval": 409.0,
      "offset_increase_rate": 158229036.69397402
    },
    "361439464": {
      "rate": 0.2255859375,
      "temperature_start": 233105916.61208797,
      "temperature_end": 64425057.567539364,
      "temperature_interval": 409.0,
      "offset_increase_rate": 158305692.92301294
    },
    "361439583": {
      "rate": 0.25,
      "temperature_start": 233396464.4185003,
      "temperature_end": 64505358.22839897,
      "temperature_interval": 409.0,
      "offset_increase_rate": 158503008.25713167
    },
    "361439643": {
      "rate": 0.255859375,
      "temperature_start": 233415080.10720268,
      "temperature_end": 64510503.17209557,
      "temperature_interval": 409.0,
      "offset_increase_rate": 158515650.44803828
    },
    "361439703": {
      "rate": 0.26171875,
      "temperature_start": 233253739.86782268,
      "temperature_end": 64465912.4797567,
      "temperature_interval": 409.0,
      "offset_increase_rate": 158406081.89326873
    },
    "361440657": {
      "rate": 0.255859375,
      "temperature_start": 233088323.2622515,
      "temperature_end": 64420195.17454439,
      "temperature_interval": 409.0,
      "offset_increase_rate": 158293745.0176265
    },
    "361442565": {
      "rate": 0.265625,
      "temperature_start": 233351039.32538724,
      "temperature_end": 64492803.78842013,
      "temperature_interval": 409.0,
      "offset_increase_rate": 158472159.40118727
    },
    "361450195": {
      "rate": 0.263671875,
      "temperature_start": 233240166.4038151,
      "temperature_end": 64462161.08977574,
      "temperature_interval": 409.0,
      "offset_increase_rate": 158396863.95210138
    },
    "361572265": {
      "rate": 0.279296875,
      "temperature_start": 233449028.83770442,
      "temperature_end": 64519885.81217912,
      "temperature_interval": 409.0,
      "offset_increase_rate": 158538705.53554547
    },
    "361816406": {
      "rate": 0.2646484375,
      "temperature_start": 233172587.57793736,
      "temperature_end": 64443483.87295175,
      "temperature_interval": 409.0,
      "offset_increase_rate": 158350970.1669372
    },
    "362304687": {
      "rate": 0.263671875,
      "temperature_start": 233222237.66812354,
      "temperature_end": 64457206.00392538,
      "temperature_interval": 409.0,
      "offset_increase_rate": 158384688.28119552
    },
    "363281250": {
      "rate": 0.263671875,
      "temperature_start": 233601100.62987655,
      "temperature_end": 64561914.92112444,
      "temperature_interval": 409.0,
      "offset_increase_rate": 158641979.75004733
    },
    "367187500": {
      "rate": 0.2763671875,