{
  "P": 26,
  "N": 133,
  "values": [
    -156.47872447925494,
    1357.2660829690842,
    538.3789717591203,
    218.9982700597247,
    785.8743997103129,
    629.9976029748253,
    434.7129849330285,
    -360.10000907741517,
    875.5631726745785,
    109.681339157377,
    -222.3900159904797,
    700.3767876129776,
    756.8174706584671,
    1769.4873974503112,
    1339.994424914754,
    278.86644482885356,
    234.03988025029992,
    -1463.2145979059867,
    -1700.4242518586493,
    735.9809122887981,
    37.36312867220151,
    -1109.7383695668507,
    -1317.352911200108,
    -691.5441622630535,
    -679.445995700506,
    1105.1080176228356,
    -699.3598550405209,
    -544.6812117371018,
    -1735.3379364981222,
    304.5635085885803,
    242.81418158498587,
    1967.9383299479587,
    726.6432074187221,
    -664.7925166605116,
    -242.4463235233226,
    241.2499778562606,
    -2063.776267943356,
    1143.0531090553275,
    -399.8254934153253,
    1213.1130103743355,
    -354.4626409895578,
    -42.15567840405464,
    7.124967216731929,
    -827.4302511983088,
    -59.52244443932173,
    -5.187494020086048,
    317.30006378942966,
    529.1151694478061,
    468.7279959229408,
    -694.0656285569455,
    -750.0263635788284,
    -1486.5219535825456,
    -1819.5727128005217,
    -817.7436344749557,
    912.4000906678019,
    1573.3198430741622,
    1309.6988069689992,
    -575.2213853909096,
    1255.9980165007805,
    -191.4531399465213,
    341.1652583459851,
    -1227.5963138526147,
    -1707.7824358790488,
    806.7795535742731,
    915.66117949655,
    -748.7272139262069,
    520.1218166524882,
    -273.3545735374102,
    115.07630007000161,
    -365.63866162773195,
    -479.40237489181044,
    1351.6174125696361,
    470.8424537466542,
    398.1728511131309,
    -1108.845429988168,
    420.4780478669685,
    -327.9845099774301,
    808.4638285428459,
    -1204.5842397127296,
    -380.05979439964506,
    -11.848475128887477,
    -659.6796278305764,
    1502.3349087321612,
    -803.247546961047,
    -221.41285504563993,
    19.686745403256307,
    171.0947925452015,
    -470.2304758302088,
    -1732.706665342105,
    -99.3259732921091,
    704.6911553912702,
    192.4789751567073,
    -1264.559946821332,
    338.4321617386931,
    -651.688730598352,
    -536.1609073994066,
    2423.2531294872547,
    -138.98288506864816,
    -1389.559696486154,
    -255.78531898164897,
    2024.7795821883724,
    238.28238393218837,
    532.0583469313995,
    12.76032614812026,
    741.7585004765871,
    -333.12253032431687,
    473.05271376379756,
    1330.6762516460747,
    -164.04935346809435,
    102.57905605657312,
    609.8949519527148,
    1030.5219392939048,
    1304.8437435244002,
    809.336092719892,
    511.65772900158703,
    681.1206776569372,
    902.0576521317236,
    -622.5376374872451,
    -1513.5035661137945,
    710.3774228887194,
    1753.6118852458203,
    1165.292026689599,
    -278.15676584565887,
    1460.981842454999,
    -1761.7432810047237,
    -1257.8284991350379,
    262.21564250549034,
    -1625.7271879963546,
    -491.47060323562226,
    -1086.5319847153594,
    272.3510443573153,
    -1414.1110713984974,
    -1047.5272455275697
  ],
  "measurements": {
    "250000000": {
      "rate": 0.0166015625,
      "temperature_start": 209955769.19610342,
      "temperature_end": 56646422.08968011,
      "temperature_interval": 345.0,
      "offset_increase_rate": 139031279.27071813
    },
    "312500000": {
      "rate": 0.1875,
      "temperature_start": 219229616.60557085,
      "temperature_end": 59148521.826036066,
      "temperature_interval": 345.0,
      "offset_increase_rate": 145172357.81329158
    },
    "320312500": {
      "rate": 0.220703125,
      "temperature_start": 220384203.58822083,
      "temperature_end": 59460031.3492507,
      "temperature_interval": 345.0,
      "offset_increase_rate": 145936917.44335926
    },
    "322265625": {
      "rate": 0.224609375,
      "temperature_start": 220692099.74160466,
      "temperature_end": 59543102.252856486,
      "temperature_interval": 345.0,
      "offset_increase_rate": 146140804.17746228
    },
    "322753906": {
      "rate": 0.228515625,
      "temperature_start": 220875513.577352,
      "temperature_end": 59592587.616352856,
      "temperature_interval": 345.0,
      "offset_increase_rate": 146262259.5693171
    },
    "322998046": {
      "rate": 0.2412109375,
      "temperature_start": 220863412.96243453,
      "temperature_end": 59589322.84995571,
      "temperature_interval": 345.0,
      "offset_increase_rate": 146254246.62459844
    },
    "323028563": {
      "rate": 0.24609375,
      "temperature_start": 220585403.24636877,
      "temperature_end": 59514315.35775108,
      "temperature_interval": 345.0,
      "offset_increase_rate": 146070150.48557687
    },
    "323043822": {
      "rate": 0.2451171875,
      "temperature_start": 220934516.58943427,
      "temperature_end": 59608506.7289344,
      "temperature_interval": 345.0,
      "offset_increase_rate": 146301330.96174437
    },
    "323051451": {
      "rate": 0.2490234375,
      "temperature_start": 220610134.06670934,
      "temperature_end": 59520987.77496067,
      "temperature_interval": 345.0,
      "offset_increase_rate": 146086527.0662373
    },
    "323055266": {
      "rate": 0.22265625,
      "temperature_start": 220753077.542034,
      "temperature_end": 59559554.16667837,
      "temperature_interval": 345.0,
      "offset_increase_rate": 146181183.2612725
    },
    "323057173": {
      "rate": 0.2294921875,
      "temperature_start": 220637621.12104416,
      "temperature_end": 59528403.82876959,
      "temperature_interval": 345.0,
      "offset_increase_rate": 146104728.80626178
    },
    "323058127": {
      "rate": 0.24609375,
      "temperature_start": 220597345.6611934,
      "temperature_end": 59517537.44149527,
      "temperature_interval": 345.0,
      "offset_increase_rate": 146078058.6712724
    },
    "323058186": {
      "rate": 0.2353515625,
      "temperature_start": 220587599.9942512,
      "temperature_end": 59514908.04404996,
      "temperature_interval": 345.0,
      "offset_increase_rate": 146071605.15705124
    },
    "323058246": {
      "rate": 0.251953125,
      "temperature_start": 220716982.61183858,
      "temperature_end": 59549815.69338479,
      "temperature_interval": 345.0,
      "offset_increase_rate": 146157281.4445257
    },
    "323058365": {
      "rate": 0.2607421875,
      "temperature_start": 220510064.5347175,
      "temperature_end": 59493988.845761284,
      "temperature_interval": 345.0,
      "offset_increase_rate": 146020261.70424166
    },
    "323058604": {
      "rate": 0.25390625,
      "temperature_start": 220832370.15294033,
      "temperature_end": 59580947.447383106,
      "temperature_interval": 345.0,
      "offset_increase_rate": 146233690.287744
    },
    "323059081": {
      "rate": 0.2568359375,
      "temperature_start": 220659457.2167284,
      "temperature_end": 59534295.24436467,
      "temperature_interval": 345.0,
      "offset_increase_rate": 146119188.51998568
    },
    "323120116": {
      "rate": 0.265625,
      "temperature_start": 220779819.32596165,
      "temperature_end": 59566769.14526933,
      "temperature_interval": 345.0,
      "offset_increase_rate": 146198891.48831326
    },
    "323242187": {
      "rate": 0.2587890625,
      "temperature_start": 220731183.81130457,
      "temperature_end": 59553647.20105048,
      "temperature_interval": 345.0,
      "offset_increase_rate": 146166685.3820145
    },
    "324218750": {
      "rate": 0.251953125,
      "temperature_start": 220858034.41026586,
      "temperature_end": 59587871.70747203,
      "temperature_interval": 345.0,
      "offset_increase_rate": 146250684.9840134
    },
    "328125000": {
      "rate": 0.25390625,
      "temperature_start": 221149569.0385986,
      "temperature_end": 59666528.24391074,
      "temperature_interval": 345.0,