{
  "P": 26,
  "N": 151,
  "values": [
    -1697.7367253682185,
    1032.185177315229,
    -1151.0074317431804,
    605.4969719736226,
    76.00932903791276,
    -134.12329195997884,
    779.4858860190303,
    1361.8896827987332,
    -634.9802136361446,
    140.21803416588634,
    -701.307833479858,
    -1791.1087287065184,
    -587.7049641226228,
    -618.9606424827356,
    1065.6361070946325,
    -1378.3169317471004,
    -381.6305635098831,
    -14.102117143603245,
    76.20370644027989,
    -776.4102798562377,
    1238.5444722622422,
    715.9098954915082,
    71.23524178413784,
    286.0991642990055,
    -1605.5935495054166,
    837.8415662115045,
    94.9941254510496,
    -203.2344195581895,
    -496.88765606178146,
    -278.75106530508236,
    -315.8027829591137,
    695.951868102592,
    -801.4066338319668,
    462.0610516722632,
    -101.2240639058255,
    849.2211056501469,
    -1091.5285144095258,
    -302.54271705486553,
    467.69856386189167,
    233.085385733989,
    843.2518577507403,
    433.5118458874601,
    -1151.9337963249711,
    1079.535278481088,
    1375.664861728246,
    -1446.089376694997,
    -1472.3669458665947,
    -85.44275734974438,
    -1132.3557861695206,
    570.9205268238233,
    993.9688489787593,
    407.10425483155115,
    532.5336126620984,
    1885.823359112536,
    1806.180617672799,
    -697.1015741967251,
    -58.25641677029884,
    -298.94903708108944,
    -426.855693963051,
    1215.3993410227629,
    832.0342857665044,
    408.06898675118646,
    448.26870049949383,
    -678.9937892320975,
    -110.28220526866401,
    510.2631946273127,
    199.73186608277456,
    -1059.803697488038,
    1160.8304373665994,
    666.8542244909005,
    -347.91452047245116,
    -1328.44342489732,
    533.1772344535764,
    -187.11394068756186,
    398.0253389721786,
    309.9159454082897,
    683.0325454229521,
    -128.57780365592552,
    -535.7855786730028,
    -1223.5719719802894,
    -593.8306000985938,
    -1318.4858661578805,
    1272.8976527127977,
    -875.4148992967877,
    223.58166849170024,
    300.2798568541935,
    -890.1348379594884,
    -198.92350254990646,
    214.96782860413288,
    678.0391771365208,
    453.94075433470675,
    555.0952616575146,
    602.4905611336865,
    -601.4072982966138,
    376.36646703650683,
    -807.9312673836885,
    -963.7061150438514,
    442.2440542912289,
    -2381.3581156588016,
    -1428.0675321159451,
    -275.5564957954857,
    -1022.5863064118108,
    -806.0332963049779,
    -408.1794008621589,
    -1360.6569869171385,
    440.63829632469646,
    -139.6753444842659,
    -78.42285173471794,
    628.954413087091,
    2053.8467971818222,
    -1838.9542339210966,
    736.1316681523627,
    -1756.069224284791,
    -509.2463016239602,
    -21.197317098539887,
    -785.3202661483276,
    -335.2086482620777,
    -1325.5861285900053,
    -969.2497763650076,
    -471.0972527765255,
    642.6979433864453,
    77.96342435268703,
    626.8145444395645,
    997.0855301011543,
    576.068175802664,
    1223.0261976089078,
    -1437.8318485760708,
    1291.2359131304438,
    -452.3387576528137,
    -280.54312406891813,
    -1120.8704242934566,
    -1033.9893642504253,
    -443.83585150745745,
    -1419.1554910102466,
    -1428.2384422960683,
    -801.9143172819121,
    -1370.3750489428453,
    552.6092099821568,
    -805.8208328049393,
    -1860.4448032092068,
    702.6250186272592,
    73.8852365176967,
    -543.8131572636541,
    958.8504845473046,
    1121.174668266478,
    458.4828973100727,
    -498.0009668316924,
    -3100.841919243973,
    -791.4905291711231,
    1120.3892754258363,
    763.1201286484476
  ],
  "measurements": {
    "500000000": {
      "rate": 0.244140625,
      "temperature_start": 236535148.64787382,
      "temperature_end": 64985522.887557045,
      "temperature_interval": 392.0,
      "offset_increase_rate": 159632443.46028876
    },
    "501953125": {
      "rate": 0.23828125,
      "temperature_start": 237326995.81372482,
      "temperature_end": 65203074.496330686,
      "temperature_interval": 392.0,
      "offset_increase_rate": 160166843.94433725
    },
    "502929687": {
      "rate": 0.2265625,
      "temperature_start": 237185763.53903615,
      "temperature_end": 65164272.42707498,
      "temperature_interval": 392.0,
      "offset_increase_rate": 160071529.34423286
    },
    "502944945": {
      "rate": 0.2373046875,
      "temperature_start": 236921080.29565483,
      "temperature_end": 65091553.51375899,
      "temperature_interval": 392.0,
      "offset_increase_rate": 159892900.36192098
    },
    "502952574": {
      "rate": 0.234375,
      "temperature_start": 236853841.6646307,
      "temperature_end": 65073080.41316348,
      "temperature_interval": 392.0,
      "offset_increase_rate": 159847522.46765596
    },
    "502956389": {
      "rate": 0.240234375,
      "temperature_start": 236535761.7547139,
      "temperature_end": 64985691.3321574,
      "temperature_interval": 392.0,
      "offset_increase_rate": 159632857.23280227
    },
    "502957342": {
      "rate": 0.228515625,
      "temperature_start": 237002801.6260442,
      "temperature_end": 65114005.58237027,
      "temperature_interval": 392.0,
      "offset_increase_rate": 159948052.31598553
    },
    "502957461": {
      "rate": 0.2451171875,
      "temperature_start": 236971171.8929528,
      "temperature_end": 65105315.648736775,
      "temperature_interval": 392.0,
      "offset_increase_rate": 159926706.0948922
    },
    "502957520": {
      "rate": 0.2353515625,
      "temperature_start": 237236734.9908767,
      "temperature_end": 65178276.29275471,
      "temperature_interval": 392.0,
      "offset_increase_rate": 160105928.8719586
    },
    "502957580": {
      "rate": 0.2626953125,
      "temperature_start": 236988874.82317698,
      "temperature_end": 65110179.3410203,
      "temperature_interval": 392.0,
      "offset_increase_rate": 159938653.41868
    },
    "502957819": {
      "rate": 0.2783203125,
      "temperature_start": 237182135.04844862,
      "temperature_end": 65163275.53777768,
      "temperature_interval": 392.0,
      "offset_increase_rate": 160069080.55460528
    },
    "502958296": {
      "rate": 0.2626953125,
      "temperature_start": 236974651.8970937,
      "temperature_end": 65106271.742958024,
      "temperature_interval": 392.0,
      "offset_increase_rate": 159929054.6742363
    },
    "502960204": {
      "rate": 0.2626953125,
      "temperature_start": 236700971.5954338,
      "temperature_end": 65031080.98332226,
      "temperature_interval": 392.0,
      "offset_increase_rate": 159744353.77235913
    },
    "502990722": {
      "rate": 0.26953125,
      "temperature_start": 237238840.89186382,
      "temperature_end": 65178854.86671117,
      "temperature_interval": 392.0,
      "offset_increase_rate": 160107350.09887636
    },
    "503051757": {
      "rate": 0.2578125,
      "temperature_start": 237097410.7932461,
      "temperature_end": 65139998.4474295,
      "temperature_interval": 392.0,
      "offset_increase_rate": 160011901.9916913
    },
    "503173827": {
      "rate": 0.259765625,
      "temperature_start": 236830044.52633908,
      "temperature_end": 65066542.40186179,
      "temperature_interval": 392.0,
      "offset_increase_rate": 159831462.29497308
    },
    "503417968": {
      "rate": 0.255859375,
      "temperature_start": 236929169.00154012,
      "temperature_end": 65093775.79989466,
      "temperature_interval": 392.0,
      "offset_increase_rate": 159898359.25415024
    },
    "503906250": {
      "rate": 0.25390625,
      "temperature_start": 237075553.98078787,
      "temperature_end": 65133993.52006724,
      "temperature_interval": 392.0,
      "offset_increase_rate": 159997151.3028448
    },
    "507812500": {
      "rate": 0.259765625,
      "temperature_start": 237551495.3197155,
      "temperature_end": 65264753.35407424,
      "temperature_interval": 392.0,