{
  "P": 32,
  "N": 128,
  "values": [
    -861.6157073608587,
    1264.7034801320008,
    -960.4422332639826,
    -593.6641199312028,
    612.2736502566287,
    824.6382793980883,
    14.459021569391492,
    471.0337489956933,
    472.9395314641558,
    1988.234801339359,
    740.4176954277402,
    1614.3342437588894,
    1040.0167035482311,
    794.2603572859682,
    -148.38621394674738,
    834.3949706697325,
    1019.804279644776,
    537.6037031857607,
    661.019678775683,
    561.1448313516502,
    -568.3647783610589,
    -985.6260608331164,
    807.4405506201655,
    -1378.8566424781147,
    1466.7594555054654,
    -148.33208840853294,
    -136.75399894837764,
    -906.3172853820289,
    2279.3144861096107,
    527.2467080946647,
    -525.6318322651953,
    47.55981697279291,
    503.4275293730005,
    1982.6766980613813,
    1567.8894951474251,
    866.5230556442194,
    -861.7593916536568,
    -909.0577748875904,
    1710.125813956052,
    -196.75319497438036,
    -857.2214349736697,
    216.38844352490213,
    826.8172357756247,
    -1051.7889532660456,
    -965.2991282709797,
    2868.4529453122113,
    -341.2601913571963,
    2721.586923706231,
    1330.3606835868022,
    133.77588561776025,
    -648.1359594313487,
    130.86111619474167,
    -487.90853145295165,
    934.8879060936185,
    -797.7273159407029,
    871.8183950903644,
    1941.0448281278386,
    -397.45906371019936,
    -256.53173088916486,
    196.9956976422398,
    -294.8126784804523,
    424.97882103892937,
    -131.18761216342313,
    -961.8404092025369,
    563.929628057325,
    216.56865679109828,
    742.5379216310956,
    1724.7550771092588,
    -1220.298678585471,
    211.39051838026197,
    -453.707906133304,
    -467.4677400964134,
    -1116.217250629991,
    581.2275527726282,
    599.0282609853392,
    807.2981568399224,
    -1134.2990837680857,
    -1400.9098935145219,
    1652.0418101972061,
    842.9823752314481,
    963.5565981107168,
    -347.7477171893702,
    650.4945920329682,
    916.8157373877638,
    243.97641614632934,
    -445.1875822999035,
    670.939463029302,
    -480.98747137872675,
    736.625043512868,
    559.55074377853,
    -1137.9245921518786,
    -615.004749430721,
    467.38294929373836,
    -313.75066795031876,
    -1447.4765934165061,
    972.0592245298587,
    36.78486741971457,
    26.394955487181836,
    1222.383167264652,
    -1020.1125783159767,
    -1518.5105539366807,
    264.34240900041743,
    -238.2099058230876,
    -758.094053563994,
    188.82192472691327,
    198.2860999532381,
    167.5611521198612,
    -780.1373181363246,
    790.1835060824036,
    -1403.8135352398647,
    -381.68429068091785,
    -313.34153982414233,
    -765.6812688127914,
    323.58636760521034,
    1183.433256006918,
    1185.750275044193,
    163.7035973460936,
    -1026.966713172624,
    993.2364861978307,
    28.27603230845963,
    1889.1058411307442,
    1054.4669353694371,
    -911.3446450441874,
    -220.38700413205478,
    2256.355446896808,
    1010.7416848548296,
    567.5221254184704,
    78.10934148710605
  ],
  "measurements": {
    "250000000": {
      "rate": 0.0830078125,
      "temperature_start": 230932724.6448441,
      "temperature_end": 63824437.81652726,
      "temperature_interval": 409.0,
      "offset_increase_rate": 156829845.95512253
    },
    "281250000": {
      "rate": 0.1865234375,
      "temperature_start": 235907676.91876215,
      "temperature_end": 65199398.99855634,
      "temperature_interval": 409.0,
      "offset_increase_rate": 160208409.9934266
    },
    "296875000": {
      "rate": 0.2392578125,
      "temperature_start": 238034724.62566894,
      "temperature_end": 65787265.54848358,
      "temperature_interval": 409.0,
      "offset_increase_rate": 161652919.7082209
    },
    "297851562": {
      "rate": 0.2314453125,
      "temperature_start": 238148403.143169,
      "temperature_end": 65818683.64863554,
      "temperature_interval": 409.0,
      "offset_increase_rate": 161730120.47920457
    },
    "298339843": {
      "rate": 0.2451171875,
      "temperature_start": 238215029.40126,
      "temperature_end": 65837097.5978626,
      "temperature_interval": 409.0,
      "offset_increase_rate": 161775367.36142558
    },
    "298400878": {
      "rate": 0.25,
      "temperature_start": 238495385.25970954,
      "temperature_end": 65914581.44118376,
      "temperature_interval": 409.0,
      "offset_increase_rate": 161965761.19218677
    },
    "298402785": {
      "rate": 0.2490234375,
      "temperature_start": 237885923.7889826,
      "temperature_end": 65746140.45561187,
      "temperature_interval": 409.0,
      "offset_increase_rate": 161551866.84820983
    },
    "298403023": {
      "rate": 0.244140625,
      "temperature_start": 238315775.61333144,
      "temperature_end": 65864941.509363204,
      "temperature_interval": 409.0,
      "offset_increase_rate": 161843785.61156327
    },
    "298403082": {
      "rate": 0.2705078125,
      "temperature_start": 238533875.6116819,
      "temperature_end": 65925219.27988669,
      "temperature_interval": 409.0,
      "offset_increase_rate": 161991900.56234258
    },
    "298403142": {
      "rate": 0.271484375,
      "temperature_start": 238536452.67755875,
      "temperature_end": 65925931.52099959,
      "temperature_interval": 409.0,
      "offset_increase_rate": 161993650.68608582
    },
    "298403261": {
      "rate": 0.2734375,
      "temperature_start": 238577427.39581668,
      "temperature_end": 65937255.980802864,
      "temperature_interval": 409.0,
      "offset_increase_rate": 162021477.22631449
    },
    "298403738": {
      "rate": 0.2578125,
      "temperature_start": 238552834.65587083,
      "temperature_end": 65930459.11905958,
      "temperature_interval": 409.0,
      "offset_increase_rate": 162004775.93106383
    },
    "298404692": {
      "rate": 0.2626953125,
      "temperature_start": 238228535.92726034,
      "temperature_end": 65840830.4877341,
      "temperature_interval": 409.0,
      "offset_increase_rate": 161784539.84399718
    },
    "298408507": {
      "rate": 0.2626953125,
      "temperature_start": 238272127.25520653,
      "temperature_end": 65852878.11764069,
      "temperature_interval": 409.0,
      "offset_increase_rate": 161814143.36275917
    },
    "298416136": {
      "rate": 0.2587890625,
      "temperature_start": 238299236.3849672,
      "temperature_end": 65860370.45104355,
      "temperature_interval": 409.0,
      "offset_increase_rate": 161832553.57573733
    },
    "298431395": {
      "rate": 0.2529296875,
      "temperature_start": 238281004.75482237,
      "temperature_end": 65855331.65220611,
      "temperature_interval": 409.0,
      "offset_increase_rate": 161820172.20470595
    },
    "298461913": {
      "rate": 0.2822265625,
      "temperature_start": 238391271.5060879,
      "temperature_end": 65885806.81946617,
      "temperature_interval": 409.0,
      "offset_increase_rate": 161895055.99452627
    },
    "298583984": {
      "rate": 0.2744140625,
      "temperature_start": 238540254.57662696,
      "temperature_end": 65926982.277539335,
      "temperature_interval": 409.0,
      "offset_increase_rate": 161996232.6122555
    },
    "298828125": {
      "rate": 0.2587890625,
      "temperature_start": 238473542.53275397,
      "temperature_end": 65908544.61911595,
      "temperature_interval": 409.0,
      "offset_increase_rate": 161950927.47163484
    },
    "300781250": {
      "rate": 0.255859375,
      "temperature_start": 238788653.15411842,
      "temperature_end": 65995633.87114608,
      "temperature_interval": 409.0,
      "offset_increase_rate": 162164923.7784961
    },
    "304687500": {
      "rate": 0.2861328125,
      "temperature_start": 239484490.34525126,
      "temperature_end": 66187947.09831728,
      "temperature_interval": 409.0,
      "offset_increase_rate": 162637477.15811366
    },
    "312500000": {
      "rate": 0.30078125,