{
  "P": 30,
  "N": 133,
  "values": [
    -175.42585063882458,
    -645.7986117379323,
    -54.63856341477494,
    322.70882514034355,
    70.50618444590299,
    2874.4916425451324,
    420.1383836142426,
    1898.5643139540264,
    -946.9966039592392,
    423.32823237054487,
    -336.00440337774705,
    -1854.3464742327617,
    744.7842143168418,
    -732.621193362739,
    2057.0783721487296,
    -999.5332669148529,
    392.42617864154823,
    -202.72347174588714,
    -1628.57875418787,
    2158.4255904998695,
    -191.8926331108336,
    20.19549715723438,
    -2062.8179917516622,
    346.51387988129187,
    23.206586523176178,
    367.94803545764665,
    -2258.5876061153144,
    549.0653630679955,
    158.67060776069124,
    365.62330147251885,
    503.66393190506176,
    -109.15624923732429,
    -728.4818354155891,
    374.0783698604074,
    286.8945445917629,
    -92.52080525224162,
    -165.76227355819574,
    709.1214677366909,
    1002.6910652778589,
    496.22412451355524,
    -2114.742101441235,
    389.4131280125025,
    49.52554220914519,
    -900.4189717769317,
    579.3907223235656,
    -686.3859712113546,
    49.850782151000864,
    -150.63422047780733,
    -173.0126669370225,
    633.2005017021215,
    798.3797926761974,
    562.886461608286,
    979.8054777907611,
    174.30646030957448,
    1169.530771407108,
    377.869988472487,
    58.174348495281144,
    351.3045894339387,
    -467.18570202544703,
    648.2891411009083,
    1538.5820765684844,
    -40.070084327359076,
    1062.698999221362,
    -741.3937904080142,
    1509.3877046040902,
    1058.188812519167,
    1388.8242938838264,
    -1871.7210236359847,
    -4.994846514379203,
    -853.8229396463328,
    -234.00112810283125,
    454.5856527479653,
    1043.2435000668552,
    -1433.6045064230495,
    -546.7266891918167,
    -704.891673035386,
    -102.31094465175819,
    -1822.7158843729205,
    -593.641427549643,
    -609.171729987857,
    -243.43196546419293,
    -929.7630820362909,
    599.9570907243524,
    -399.92417319561235,
    543.5045052429793,
    -725.9768536841141,
    1303.2893272061551,
    290.34133542179507,
    -149.00254842835858,
    438.0319002703822,
    975.7645390609936,
    887.2126240143747,
    254.07258157226525,
    816.7793287433382,
    142.28166814323117,
    -117.4927140336752,
    -651.3107733916327,
    -49.368515442133344,
    -615.3367157272228,
    -410.2238338920671,
    1114.7557288617295,
    -2057.636903945961,
    -1222.1587323617348,
    -57.869435384016185,
    -2429.7031846214436,
    -1012.2903333546886,
    -1049.8875955720753,
    -713.4150811115124,
    1618.1457197777006,
    -619.8641542943453,
    -1525.203388840889,
    329.8765534791185,
    196.69523403158968,
    -225.2141516908981,
    54.01517687290936,
    -1822.771114697631,
    -524.3347837343551,
    -1030.4319603242784,
    -1121.6910104423798,
    -768.1583261905597,
    -394.3589095849088,
    -437.3408815356387,
    222.0742065038261,
    72.4807461560802,
    -75.80173804271239,
    -540.0058740634087,
    33.97928834703318,
    -154.78741435211478,
    801.812079948548,
    -644.8574805591495,
    1006.7195566926379,
    613.3088190387396,
    -143.3097403176599
  ],
  "measurements": {
    "250000000": {
      "rate": 0.0,
      "temperature_start": 203796617.02010784,
      "temperature_end": 56118388.70912544,
      "temperature_interval": 399.0,
      "offset_increase_rate": 137867268.47308087
    },
    "375000000": {
      "rate": 0.05078125,
      "temperature_start": 221464746.3004045,
      "temperature_end": 60983567.3426694,
      "temperature_interval": 399.0,
      "offset_increase_rate": 149819658.844033
    },
    "437500000": {
      "rate": 0.2041015625,
      "temperature_start": 229384158.1820175,
      "temperature_end": 63164293.60210565,
      "temperature_interval": 399.0,
      "offset_increase_rate": 155177096.5679552
    },
    "453125000": {
      "rate": 0.240234375,
      "temperature_start": 231113880.7410292,
      "temperature_end": 63640598.08814129,
      "temperature_interval": 399.0,
      "offset_increase_rate": 156347244.1784216
    },
    "453613281": {
      "rate": 0.2412109375,
      "temperature_start": 231569875.4260563,
      "temperature_end": 63766162.91526067,
      "temperature_interval": 399.0,
      "offset_increase_rate": 156655722.02551323
    },
    "453613340": {
      "rate": 0.2763671875,
      "temperature_start": 231417843.87867293,
      "temperature_end": 63724298.79800073,
      "temperature_interval": 399.0,
      "offset_increase_rate": 156552873.53633833
    },
    "453613400": {
      "rate": 0.2626953125,
      "temperature_start": 231292694.32802114,
      "temperature_end": 63689837.032967806,
      "temperature_interval": 399.0,
      "offset_increase_rate": 156468210.5671915
    },
    "453613519": {
      "rate": 0.287109375,
      "temperature_start": 231557843.4744994,
      "temperature_end": 63762849.740860276,
      "temperature_interval": 399.0,
      "offset_increase_rate": 156647582.47776312
    },
    "453613757": {
      "rate": 0.2880859375,
      "temperature_start": 231295444.33559602,
      "temperature_end": 63690594.28790313,
      "temperature_interval": 399.0,
      "offset_increase_rate": 156470070.9318932
    },
    "453614234": {
      "rate": 0.2734375,
      "temperature_start": 231350185.93075925,
      "temperature_end": 63705668.18932921,
      "temperature_interval": 399.0,
      "offset_increase_rate": 156507103.31401694
    },
    "453615188": {
      "rate": 0.2685546875,
      "temperature_start": 231263423.6335268,
      "temperature_end": 63681776.91776356,
      "temperature_interval": 399.0,
      "offset_increase_rate": 156448409.10652328
    },
    "453617095": {
      "rate": 0.30078125,
      "temperature_start": 231276860.52571195,
      "temperature_end": 63685476.96317998,
      "temperature_interval": 399.0,
      "offset_increase_rate": 156457499.08872914
    },
    "453620910": {
      "rate": 0.271484375,
      "temperature_start": 231342675.75389338,
      "temperature_end": 63703600.15193586,
      "temperature_interval": 399.0,
      "offset_increase_rate": 156502022.7214861
    },
    "453628539": {
      "rate": 0.271484375,
      "temperature_start": 231317337.61659843,
      "temperature_end": 63696622.92405705,
      "temperature_interval": 399.0,
      "offset_increase_rate": 156484881.6137085
    },
    "453643798": {
      "rate": 0.28515625,
      "temperature_start": 231347328.57501382,
      "temperature_end": 63704881.37450005,
      "temperature_interval": 399.0,
      "offset_increase_rate": 156505170.3288799
    },
    "453674316": {
      "rate": 0.2646484375,
      "temperature_start": 231263414.48577738,
      "temperature_end": 63681774.398796536,
      "temperature_interval": 399.0,
      "offset_increase_rate": 156448402.91812205
    },
    "453735351": {
      "rate": 0.267578125,
      "temperature_start": 231307191.14946035,
      "temperature_end": 63693828.9454562,
      "temperature_interval": 399.0,
      "offset_increase_rate": 156478017.58559346
    },
    "453857421": {
      "rate": 0.2783203125,
      "temperature_start": 231354332.74525008,
      "temperature_end": 63706810.07554352,
      "temperature_interval": 399.0,
      "offset_increase_rate": 156509908.61076364
    },
    "454101562": {
      "rate": 0.271484375,
      "temperature_start": 231583656.0966732,
      "temperature_end": 63769957.625112385,
      "temperature_interval": 399.0,
      "offset_increase_rate": 156665044.57190022
    },
    "455078125": {
      "rate": 0.306640625,
      "temperature_start": 231693723.31000206,
      "temperature_end": 63800266.24726733,
      "temperature_interval": 399.0,
      "offset_increase_rate": 156739504.42443347
    },
    "457031250": {
      "rate": 0.2783203125,
      "temperature_start": 231537946.03238907,
      "temperature_end": 63757370.68822931,
      "temperature_interval": 399.0,