{
  "P": 32,
  "N": 128,
  "values": [
    -1761.485747970938,
    980.4200865228028,
    -277.63094712943115,
    -357.2786808141506,
    -1218.1381049693177,
    921.4364932749245,
    -594.2677304538764,
    -998.8022762773403,
    277.82254201045765,
    901.7551390000424,
    210.8751990504376,
    -302.1014774253577,
    3208.867403297002,
    -45.091086661486315,
    -340.2018934089903,
    -1326.5796851977304,
    -574.5359928407215,
    1328.004019567491,
    -1487.8035728417874,
    998.2634114673542,
    1354.3108266775748,
    1282.9305544181009,
    240.58073727522486,
    1483.4707027893842,
    1196.5848498273047,
    -116.65586279128752,
    -141.369357868314,
    -685.8097971684226,
    -589.2320403056149,
    -275.99988952214846,
    -19.735131403088143,
    1697.5281859782322,
    -92.12688071150322,
    -814.7018427856767,
    -2146.2280322884967,
    1992.387096641299,
    758.5085467145122,
    816.9695734791034,
    516.0741058774101,
    580.1145233579946,
    -524.1555813250592,
    251.58218596606335,
    -2016.4613157308363,
    -511.5347533168276,
    -0.6323652861199273,
    -596.8249809066943,
    -532.2688830256025,
    -1410.03831940467,
    -753.9816811474569,
    230.902215958638,
    575.8421233402934,
    -410.4767294501098,
    -885.6099787824159,
    -1438.409473044792,
    -2069.0229362470345,
    -410.47977190734167,
    -1132.4547273708276,
    719.0975723179988,
    174.93703835588843,
    224.11331227221692,
    93.36054686216383,
    -561.1574210755083,
    1879.21274661701,
    -1314.7403517205846,
    1209.3782799118333,
    468.4736192107271,
    -281.6612939547222,
    851.0810174815891,
    2176.0016990785302,
    -862.3795851055756,
    -1024.4313763100981,
    829.9272812064105,
    1441.9112712920362,
    -158.04269407180033,
    238.77698091021747,
    -939.5537680846375,
    327.9864475856074,
    -536.3237396587242,
    -1448.8886377122878,
    408.5841934975614,
    -1064.766263382496,
    1037.7892159405349,
    -2500.5508275147254,
    -2248.2273068260565,
    882.9956738642077,
    3.86860506049746,
    -1057.9625129250653,
    999.7035925945917,
    -308.36986645097585,
    -1879.9110183339587,
    -166.49983785913818,
    1650.6439696752182,
    -1209.8535975164527,
    1238.4788037526841,
    -1587.91824056758,
    -1284.5716652387027,
    -1990.6795400775352,
    1489.7993520958014,
    36.60656262420037,
    621.5913400950695,
    564.0548525985282,
    -416.65889878638825,
    -740.2541157464904,
    275.0987073903878,
    2346.0264167511855,
    1937.7688314088757,
    -1164.317782543346,
    59.66129678066395,
    -487.9444467360841,
    -21.99337888526398,
    -909.4237262355324,
    607.2595970534442,
    600.4820461114937,
    72.32868917089846,
    1035.3644928858423,
    -1463.1224540562064,
    -122.96647553669783,
    425.3324365817977,
    -1495.718187235253,
    -1528.3065941816647,
    -2117.9865859108477,
    -1065.0698394578276,
    180.61598746751943,
    1615.2260821649172,
    -1125.8234177048562,
    568.4760422881524,
    165.18650066490798,
    347.6941766460738
  ],
  "measurements": {
    "250000000": {
      "rate": 0.0,
      "temperature_start": 270263694.65613735,
      "temperature_end": 74694603.80798683,
      "temperature_interval": 409.0,
      "offset_increase_rate": 183540092.3163646
    },
    "375000000": {
      "rate": 0.05859375,
      "temperature_start": 289775904.8952632,
      "temperature_end": 80087325.22062053,
      "temperature_interval": 409.0,
      "offset_increase_rate": 196791124.32472223
    },
    "437500000": {
      "rate": 0.1513671875,
      "temperature_start": 297823095.61805296,
      "temperature_end": 82311381.7057909,
      "temperature_interval": 409.0,
      "offset_increase_rate": 202256091.16026935
    },
    "453125000": {
      "rate": 0.1796875,
      "temperature_start": 299586349.14482033,
      "temperature_end": 82798703.99953258,
      "temperature_interval": 409.0,
      "offset_increase_rate": 203453542.83979222
    },
    "460937500": {
      "rate": 0.2177734375,
      "temperature_start": 300957314.19135714,
      "temperature_end": 83177606.87480022,
      "temperature_interval": 409.0,
      "offset_increase_rate": 204384585.58130443
    },
    "464843750": {
      "rate": 0.232421875,
      "temperature_start": 301291861.5997895,
      "temperature_end": 83270068.00303143,
      "temperature_interval": 409.0,
      "offset_increase_rate": 204611781.69917738
    },
    "466796875": {
      "rate": 0.2451171875,
      "temperature_start": 301593788.1262113,
      "temperature_end": 83353513.47764057,
      "temperature_interval": 409.0,
      "offset_increase_rate": 204816824.4911911
    },
    "467773437": {
      "rate": 0.2177734375,
      "temperature_start": 301687671.27150494,
      "temperature_end": 83379460.5969933,
      "temperature_interval": 409.0,
      "offset_increase_rate": 204880581.93066534
    },
    "468261718": {
      "rate": 0.2373046875,
      "temperature_start": 301302891.0257017,
      "temperature_end": 83273116.28001066,
      "temperature_interval": 409.0,
      "offset_increase_rate": 204619271.9462588
    },
    "468505859": {
      "rate": 0.232421875,
      "temperature_start": 301992531.68354344,
      "temperature_end": 83463716.92939833,
      "temperature_interval": 409.0,
      "offset_increase_rate": 205087617.1680114
    },
    "468627929": {
      "rate": 0.2197265625,
      "temperature_start": 301804919.80894744,
      "temperature_end": 83411865.36768393,
      "temperature_interval": 409.0,
      "offset_increase_rate": 204960207.1552577
    },
    "468658446": {
      "rate": 0.236328125,
      "temperature_start": 301641831.5389875,
      "temperature_end": 83366791.56032003,
      "temperature_interval": 409.0,
      "offset_increase_rate": 204849451.48693812
    },
    "468666075": {
      "rate": 0.234375,
      "temperature_start": 301787949.4968413,
      "temperature_end": 83407175.16783717,
      "temperature_interval": 409.0,
      "offset_increase_rate": 204948682.36405498
    },
    "468667982": {
      "rate": 0.2373046875,
      "temperature_start": 301908970.1463559,
      "temperature_end": 83440622.46263412,
      "temperature_interval": 409.0,
      "offset_increase_rate": 205030869.28602523
    },
    "468668936": {
      "rate": 0.216796875,
      "temperature_start": 301410277.8699783,
      "temperature_end": 83302795.50791302,
      "temperature_interval": 409.0,
      "offset_increase_rate": 204692199.94843525
    },
    "468669413": {
      "rate": 0.2265625,
      "temperature_start": 301809350.76589596,
      "temperature_end": 83413089.98120141,
      "temperature_interval": 409.0,
      "offset_increase_rate": 204963216.28398442
    },
    "468669651": {
      "rate": 0.240234375,
      "temperature_start": 301775545.91862094,
      "temperature_end": 83403747.10709763,
      "temperature_interval": 409.0,
      "offset_increase_rate": 204940258.90971527
    },
    "468669770": {
      "rate": 0.2275390625,
      "temperature_start": 301950870.1811558,
      "temperature_end": 83452202.65842365,
      "temperature_interval": 409.0,
      "offset_increase_rate": 205059324.2224717
    },
    "468669830": {
      "rate": 0.2353515625,
      "temperature_start": 301444431.35344625,
      "temperature_end": 83312234.73695762,
      "temperature_interval": 409.0,
      "offset_increase_rate": 204715394.0867253
    },
    "468669890": {
      "rate": 0.2578125,
      "temperature_start": 301823558.6145383,
      "temperature_end": 83417016.70035121,
      "temperature_interval": 409.0,
      "offset_increase_rate": 204972865.0451869
    },
    "468673705": {
      "rate": 0.251953125,
      "temperature_start": 301388831.94404924,
      "temperature_end": 83296868.35242659,
      "temperature_interval": 409.0,
      "offset_increase_rate": 204677635.7013586
    },
    "468688964": {
      "rate": 0.275390625,