{
  "P": 22,
  "N": 130,
  "values": [
    806.6243938009305,
    -2216.2456528430025,
    1213.8357933864795,
    -1056.5633266842885,
    861.949454126851,
    -557.9148825269434,
    973.9319370604018,
    -1314.1973711942726,
    -842.664709472193,
    -1055.9592457195656,
    -992.2040548656332,
    -1247.7653834134278,
    -432.6522157529063,
    -1967.2299843004553,
    -566.2938197241315,
    794.6760000205419,
    434.0308142837757,
    -619.5537166077496,
    2465.3717221417214,
    -1384.0201093093888,
    -1694.7277609644048,
    154.6498853081998,
    734.5049355973622,
    -595.494576405849,
    762.381312947337,
    -272.86232806845237,
    1965.7510416368084,
    -608.9824633047019,
    -706.7477062432934,
    331.5205213514562,
    -898.3075585421823,
    2043.8399239589576,
    122.29887961860616,
    -748.9748128557902,
    174.18254978904147,
    -358.9046884826196,
    -857.5270392059984,
    465.3374886169917,
    -1145.6736386156342,
    -29.573040464537897,
    877.937771558975,
    -618.4927994777393,
    -2177.385777810737,
    -161.2455231144248,
    -1164.2178033358625,
    1263.8979117176364,
    297.1510243472901,
    1305.877107575526,
    680.3031701788852,
    -1164.936843929576,
    -271.10199937743465,
    1661.9563682970647,
    1393.696673653421,
    104.19149263784985,
    194.68607613728153,
    293.2706257830785,
    1967.0705087650815,
    -1135.301262595386,
    130.22030504486952,
    -1674.436297210126,
    -561.6953273218645,
    -66.64822800449534,
    180.2804666992377,
    144.78267712955773,
    -351.19819032406855,
    733.6669914300378,
    220.59255140673685,
    597.1078905254891,
    1058.240821123956,
    667.7569296797991,
    -384.3146149486907,
    -738.1117228768961,
    661.2631076302575,
    50.176695012505476,
    -1861.6501566791662,
    1024.7388719721528,
    -84.06226131885035,
    181.2490049431559,
    -337.98534490760517,
    -764.3855814837642,
    -895.1429909655378,
    651.5650323559121,
    -57.34687596640789,
    1387.7763628988866,
    -1269.3662954831514,
    41.70518926432577,
    -832.8270057216697,
    -471.7230860253893,
    1077.3450641022591,
    -842.6333097914014,
    -648.5602965986145,
    -149.98122567665607,
    679.3394967030911,
    -494.72208051653047,
    589.374903753027,
    737.9038658326281,
    917.9698650448487,
    684.9826627589998,
    -70.3247264401905,
    -94.75322089098763,
    -993.1441734558516,
    409.41532625370996,
    648.6744179516198,
    1606.9505503830178,
    1190.681446852179,
    -854.980531349165,
    -371.17264380430925,
    879.6100518547663,
    3.19087327311913,
    -598.0031800852253,
    1614.237672966184,
    -268.9128960831059,
    -332.2069405601368,
    1327.0154424946759,
    911.9326206306268,
    -1147.7707282522413,
    79.49311237319071,
    114.36583220552386,
    1183.7551759635985,
    118.9791077511826,
    474.6332263483172,
    440.79075494495044,
    -1526.1810656946404,
    -107.93179093618318,
    251.4437037690297,
    1450.1522122342699,
    -1090.9856512560389,
    108.43557119657868,
    -1957.7729744065678,
    279.687685385144
  ],
  "measurements": {
    "250000000": {
      "rate": 0.0009765625,
      "temperature_start": 217660045.34240085,
      "temperature_end": 57096146.754998714,
      "temperature_interval": 286.0,
      "offset_increase_rate": 140003343.76652384
    },
    "375000000": {
      "rate": 0.1376953125,
      "temperature_start": 236473437.2710085,
      "temperature_end": 62031238.010839045,
      "temperature_interval": 286.0,
      "offset_increase_rate": 152104497.99283928
    },
    "406250000": {
      "rate": 0.25,
      "temperature_start": 240829259.30543068,
      "temperature_end": 63173848.51486975,
      "temperature_interval": 286.0,
      "offset_increase_rate": 154906250.8304429
    },
    "406372070": {
      "rate": 0.25,
      "temperature_start": 240740730.78879404,
      "temperature_end": 63150625.89185716,
      "temperature_interval": 286.0,
      "offset_increase_rate": 154849307.49787894
    },
    "406433105": {
      "rate": 0.2431640625,
      "temperature_start": 240840628.35610384,
      "temperature_end": 63176830.82145099,
      "temperature_interval": 286.0,
      "offset_increase_rate": 154913563.6337973
    },
    "406448363": {
      "rate": 0.240234375,
      "temperature_start": 240773879.71217602,
      "temperature_end": 63159321.45098567,
      "temperature_interval": 286.0,
      "offset_increase_rate": 154870629.5559004
    },
    "406448422": {
      "rate": 0.267578125,
      "temperature_start": 240813253.92236525,
      "temperature_end": 63169650.01486973,
      "temperature_interval": 286.0,
      "offset_increase_rate": 154895955.84431487
    },
    "406448482": {
      "rate": 0.2958984375,
      "temperature_start": 240564534.01762494,
      "temperature_end": 63104406.30806262,
      "temperature_interval": 286.0,
      "offset_increase_rate": 154735974.1707369
    },
    "406448601": {
      "rate": 0.255859375,
      "temperature_start": 240811577.77069584,
      "temperature_end": 63169210.330123946,
      "temperature_interval": 286.0,
      "offset_increase_rate": 154894877.70965767
    },
    "406448839": {
      "rate": 0.2685546875,
      "temperature_start": 240899449.05385005,
      "temperature_end": 63192260.548966974,
      "temperature_interval": 286.0,
      "offset_increase_rate": 154951398.2963519
    },
    "406449316": {
      "rate": 0.26171875,
      "temperature_start": 240734562.5540695,
      "temperature_end": 63149007.85288956,
      "temperature_interval": 286.0,
      "offset_increase_rate": 154845339.96453947
    },
    "406450270": {
      "rate": 0.279296875,
      "temperature_start": 240808366.53674197,
      "temperature_end": 63168367.96567068,
      "temperature_interval": 286.0,
      "offset_increase_rate": 154892812.17902502
    },
    "406452177": {
      "rate": 0.2763671875,
      "temperature_start": 240925689.85959512,
      "temperature_end": 63199143.98452553,
      "temperature_interval": 286.0,
      "offset_increase_rate": 154968276.913379
    },
    "406455992": {
      "rate": 0.2548828125,
      "temperature_start": 240666187.58280373,
      "temperature_end": 63131071.86749722,
      "temperature_interval": 286.0,
      "offset_increase_rate": 154801359.8000031
    },
    "406463622": {
      "rate": 0.2607421875,
      "temperature_start": 240612040.50873372,
      "temperature_end": 63116868.11557485,
      "temperature_interval": 286.0,
      "offset_increase_rate": 154766531.30673027
    },
    "406494140": {
      "rate": 0.271484375,
      "temperature_start": 240715499.40763265,
      "temperature_end": 63144007.2465318,
      "temperature_interval": 286.0,
      "offset_increase_rate": 154833078.16316164
    },
    "406738281": {
      "rate": 0.263671875,
      "temperature_start": 241028050.2726853,
      "temperature_end": 63225994.96288725,
      "temperature_interval": 286.0,
      "offset_increase_rate": 155034117.2015192
    },
    "407226562": {
      "rate": 0.26953125,
      "temperature_start": 240992079.4017164,
      "temperature_end": 63216559.15612487,
      "temperature_interval": 286.0,
      "offset_increase_rate": 155010980.0097304
    },
    "408203125": {
      "rate": 0.2666015625,
      "temperature_start": 240874777.04270497,
      "temperature_end": 63185788.636462934,
      "temperature_interval": 286.0,
      "offset_increase_rate": 154935528.75974345
    },
    "410156250": {
      "rate": 0.2568359375,
      "temperature_start": 241509941.9571501,
      "temperature_end": 63352403.823516384,
      "temperature_interval": 286.0,
      "offset_increase_rate": 155344079.68017358
    },
    "414062500": {
      "rate": 0.2841796875,
      "temperature_start": 241471102.57369107,
      "temperature_end": 63342215.55430803,
      "temperature_interval": 286.0,
      "offset_increase_rate": 155319097.40312982
    },