{
  "P": 32,
  "N": 128,
  "values": [
    -1456.4013009048829,
    -826.0246426192892,
    397.71272572218453,
    -1492.8831249242799,
    -36.41034993205503,
    -633.797620828493,
    -1246.5031955018028,
    -780.0935796542071,
    89.08769386923066,
    -96.87503932024913,
    141.44631130611808,
    -30.176545892958554,
    660.272739368132,
    2445.2866847693745,
    724.9262718847123,
    68.40102612168506,
    -1481.65514557688,
    2011.1706272290944,
    -1663.6154329043775,
    -394.6023983894176,
    -777.3222044062834,
    665.7247501436937,
    -1603.9578669469618,
    1535.6320213885228,
    -396.72490562158094,
    -468.45859050166405,
    -378.4841339577854,
    73.55773379808964,
    526.7243472682377,
    -447.7337578621764,
    -2433.6972800204917,
    865.8764834194288,
    -2021.766835861992,
    -618.8010469422089,
    -632.0355269426229,
    -1864.463732184243,
    -721.4011860098382,
    997.6741514738427,
    -466.3369585707657,
    -40.650536705856865,
    -1979.9175883167454,
    -1181.2622787531757,
    606.1707457161907,
    -1566.8741592305034,
    -1481.878560017216,
    -27.376407568606144,
    -1210.377717401701,
    1703.796057266681,
    987.310932540451,
    478.0312438342129,
    -2810.4983276103007,
    453.87702428712834,
    424.6505865662671,
    1157.3746955934237,
    -1089.4477916905628,
    -1631.4297903713903,
    -757.0672449458878,
    -113.8534636818919,
    -229.88250014362353,
    -593.9304724004088,
    802.4768639849192,
    1417.2953043292832,
    75.89386670932926,
    389.746715561503,
    -71.69350092625848,
    -448.78527926524174,
    -677.8145147161963,
    709.8511764884644,
    494.73277182689003,
    746.511892650158,
    1669.2619902146216,
    885.0918859310098,
    383.0608405456526,
    -89.4171544457611,
    -693.7848974198112,
    1054.0059387875888,
    291.4813265656066,
    -381.8769285403371,
    865.8603632294778,
    -35.410623060432975,
    -537.5003183875127,
    540.2677119493732,
    561.2400827160991,
    -318.43777375664126,
    -895.3491622391643,
    837.6828789631293,
    215.39207950885213,
    392.8529314272725,
    65.54491487984775,
    -67.84546866930012,
    597.2227253707441,
    -221.5323879479759,
    -288.27488445083674,
    -114.12392563894761,
    1009.0812322417073,
    1009.5389533468799,
    -113.75739659475587,
    654.1030685263611,
    -1237.5457968208598,
    1225.468587440888,
    625.8043737032216,
    604.1483604688475,
    -1303.5998836643653,
    682.8413091807397,
    -789.8314162426956,
    1058.2747978463303,
    1502.6650872464188,
    -750.6038934581421,
    246.91433037732523,
    665.0864760289037,
    386.31972092876646,
    695.0906673128487,
    -512.717883014319,
    1328.5721885951937,
    -437.9885064687471,
    -971.9206978539534,
    51.72478022401066,
    -2031.0393827226512,
    659.8534286056666,
    -1392.1114820896305,
    1121.7282538135237,
    -555.5973975775674,
    822.7357235804832,
    -885.8494963655138,
    -2039.963877001386,
    -1333.1366413565129,
    75.03356248365797,
    -29.99711297095955
  ],
  "measurements": {
    "250000000": {
      "rate": 0.0078125,
      "temperature_start": 231267359.74214932,
      "temperature_end": 63916923.17992489,
      "temperature_interval": 409.0,
      "offset_increase_rate": 157057101.62381247
    },
    "375000000": {
      "rate": 0.224609375,
      "temperature_start": 248519715.5976435,
      "temperature_end": 68685073.36384112,
      "temperature_interval": 409.0,
      "offset_increase_rate": 168773432.92913628
    },
    "390625000": {
      "rate": 0.24609375,
      "temperature_start": 250780046.2418024,
      "temperature_end": 69309776.2198992,
      "temperature_interval": 409.0,
      "offset_increase_rate": 170308457.06777343
    },
    "391601562": {
      "rate": 0.234375,
      "temperature_start": 250886069.45626298,
      "temperature_end": 69339078.57221353,
      "temperature_interval": 409.0,
      "offset_increase_rate": 170380459.00867242
    },
    "391605376": {
      "rate": 0.240234375,
      "temperature_start": 250693178.16979024,
      "temperature_end": 69285767.90375905,
      "temperature_interval": 409.0,
      "offset_increase_rate": 170249463.66883856
    },
    "391605435": {
      "rate": 0.2578125,
      "temperature_start": 251010351.01239496,
      "temperature_end": 69373427.10581043,
      "temperature_interval": 409.0,
      "offset_increase_rate": 170464860.46079758
    },
    "391605495": {
      "rate": 0.2734375,
      "temperature_start": 250404640.75710776,
      "temperature_end": 69206022.86900134,
      "temperature_interval": 409.0,
      "offset_increase_rate": 170053513.6229849
    },
    "391605614": {
      "rate": 0.2607421875,
      "temperature_start": 250978832.2681251,
      "temperature_end": 69364716.05744427,
      "temperature_interval": 409.0,
      "offset_increase_rate": 170443455.61306044
    },
    "391605852": {
      "rate": 0.2744140625,
      "temperature_start": 250943758.2238803,
      "temperature_end": 69355022.40679637,
      "temperature_interval": 409.0,
      "offset_increase_rate": 170419636.30826336
    },
    "391606329": {
      "rate": 0.28515625,
      "temperature_start": 250428451.6973498,
      "temperature_end": 69212603.65947685,
      "temperature_interval": 409.0,
      "offset_increase_rate": 170069683.9864357
    },
    "391607283": {
      "rate": 0.251953125,
      "temperature_start": 250976819.7913798,
      "temperature_end": 69364159.85564533,
      "temperature_interval": 409.0,
      "offset_increase_rate": 170442088.9101887
    },
    "391609191": {
      "rate": 0.263671875,
      "temperature_start": 250732106.7058062,
      "temperature_end": 69296526.84634747,
      "temperature_interval": 409.0,
      "offset_increase_rate": 170275900.6162917
    },
    "391616820": {
      "rate": 0.2509765625,
      "temperature_start": 250510844.6122275,
      "temperature_end": 69235375.14619544,
      "temperature_interval": 409.0,
      "offset_increase_rate": 170125638.23964053
    },
    "391632079": {
      "rate": 0.2802734375,
      "temperature_start": 250978936.44428593,
      "temperature_end": 69364744.8493139,
      "temperature_interval": 409.0,
      "offset_increase_rate": 170443526.36063975
    },
    "391662597": {
      "rate": 0.27734375,
      "temperature_start": 251080319.20497203,
      "temperature_end": 69392764.6880571,
      "temperature_interval": 409.0,
      "offset_increase_rate": 170512376.9004035
    },
    "391723632": {
      "rate": 0.263671875,
      "temperature_start": 250833813.40961367,
      "temperature_end": 69324636.21544042,
      "temperature_interval": 409.0,
      "offset_increase_rate": 170344971.15064433
    },
    "391845702": {
      "rate": 0.291015625,
      "temperature_start": 250921081.2174312,
      "temperature_end": 69348755.00926661,
      "temperature_interval": 409.0,
      "offset_increase_rate": 170404236.0161064
    },
    "392089843": {
      "rate": 0.2646484375,
      "temperature_start": 250860554.5550887,
      "temperature_end": 69332026.84653932,
      "temperature_interval": 409.0,
      "offset_increase_rate": 170363131.46002433
    },
    "392578125": {
      "rate": 0.3037109375,
      "temperature_start": 250682862.6537209,
      "temperature_end": 69282916.93486787,
      "temperature_interval": 409.0,
      "offset_increase_rate": 170242458.24854314
    },
    "394531250": {
      "rate": 0.2744140625,
      "temperature_start": 251213857.54821128,
      "temperature_end": 69429671.58246672,
      "temperature_interval": 409.0,
      "offset_increase_rate": 170603064.77424866
    },
    "398437500": {
      "rate": 0.2900390625,
      "temperature_start": 251747938.77448916,
      "temperature_end": 69577279.22043997,
      "temperature_interval": 409.0,
      "offset_increase_rate": 170965767.27374715
    },
    "406250000": {
      "rate": 0.3349609375,