{
  "P": 24,
  "N": 128,
  "values": [
    1290.3985160352493,
    838.9169844779807,
    221.45804020921565,
    124.38986479988299,
    -1330.42656341643,
    1318.1837678368322,
    -764.3159932104711,
    -545.8027059625837,
    -1091.5927729739128,
    -37.440804831299666,
    -546.4126369029077,
    -192.54745273902597,
    45.717978873269615,
    -389.21175986545745,
    -1259.5032408293248,
    -331.192977359542,
    270.145481126634,
    1220.7855150618275,
    -1409.069085300672,
    539.8804782721413,
    -2091.1513133015355,
    541.9174844136143,
    -399.15765227793685,
    -1803.8578067611588,
    480.70562693570787,
    -1257.266777589945,
    1239.7048272709849,
    1010.5882343235162,
    314.6874421331406,
    204.14419435440212,
    -417.5200075036884,
    747.9474958790573,
    -512.2765929712535,
    214.69963720226548,
    517.7005668055798,
    1944.6108609539144,
    2785.9222699745496,
    710.4717162791235,
    252.75629950858757,
    846.6434145359765,
    -1749.7814354787856,
    486.308561618048,
    -867.0743498574791,
    148.0903287062246,
    -1271.4779287006274,
    -303.55101086096596,
    143.49807281902,
    1752.2646890383253,
    588.6230348888304,
    -826.84649796314,
    -815.9665887530058,
    -1786.5217297144281,
    427.9366761074892,
    -1578.0085558210596,
    1461.789169956531,
    1087.316678431664,
    171.14523002415132,
    1216.629443141109,
    -286.82967500247713,
    1870.3143159670378,
    -491.76065645730375,
    1452.344687830931,
    -1606.7743011056823,
    467.8709275363424,
    -4.793832464599056,
    1308.8964363716366,
    1489.1476833179104,
    -312.04449648422604,
    456.6239978927138,
    -1897.8190656470485,
    -554.3123579214747,
    476.2903820419417,
    1009.7173857572068,
    -999.0000996173304,
    57.00478996870386,
    1139.8016470569391,
    -1963.436323231019,
    -1141.2897124158965,
    -2042.5570199732563,
    -464.2978147067926,
    -244.93435714713365,
    -975.103465812526,
    -973.0733926358894,
    2303.108390747773,
    716.7546477077376,
    -1687.1849796837612,
    1233.2365473637522,
    483.19719098430863,
    201.7004346813,
    -1072.8093437313944,
    2612.2615430334877,
    401.110102316952,
    1091.7523045531345,
    -475.7367293202602,
    729.1404593310126,
    897.3414269867927,
    759.815245343856,
    -884.0210267746892,
    2303.566384472697,
    277.362508607885,
    2061.3746404053363,
    -504.22622796220264,
    -11.56472978661679,
    -647.6403368335968,
    748.5047190021321,
    1284.1967951997246,
    -170.4549076788624,
    1625.5362284263902,
    93.37065998735032,
    958.3271930276358,
    -1630.61313175147,
    906.3020357909329,
    279.3302372688977,
    -2122.4804249232884,
    1805.6131634636622,
    -1087.713170056425,
    -73.25580681142768,
    124.34794559351215,
    1770.5652738172341,
    -730.2212907499248,
    940.3196904499556,
    260.36122652186083,
    -697.344911093121,
    -1043.641656912794,
    1693.6171814524353,
    -524.8824399487839,
    -240.05160982932622,
    -768.1466247833193
  ],
  "measurements": {
    "250000000": {
      "rate": 0.0,
      "temperature_start": 277756546.9135163,
      "temperature_end": 73647208.51725934,
      "temperature_interval": 307.0,
      "offset_increase_rate": 180643245.3540734
    },
    "375000000": {
      "rate": 0.0576171875,
      "temperature_start": 298018248.10692644,
      "temperature_end": 79019602.9730779,
      "temperature_interval": 307.0,
      "offset_increase_rate": 193820754.581648
    },
    "437500000": {
      "rate": 0.2333984375,
      "temperature_start": 306951295.72748137,
      "temperature_end": 81388202.48267096,
      "temperature_interval": 307.0,
      "offset_increase_rate": 199630499.5940022
    },
    "439453125": {
      "rate": 0.2353515625,
      "temperature_start": 307244778.3498212,
      "temperature_end": 81466019.46349043,
      "temperature_interval": 307.0,
      "offset_increase_rate": 199821370.53455645
    },
    "440429687": {
      "rate": 0.2490234375,
      "temperature_start": 307436085.5992603,
      "temperature_end": 81516744.62207577,
      "temperature_interval": 307.0,
      "offset_increase_rate": 199945790.14872023
    },
    "440551757": {
      "rate": 0.240234375,
      "temperature_start": 307638977.0335759,
      "temperature_end": 81570541.3297878,
      "temperature_interval": 307.0,
      "offset_increase_rate": 200077743.71581554
    },
    "440612792": {
      "rate": 0.2333984375,
      "temperature_start": 307457675.6079026,
      "temperature_end": 81522469.2175391,
      "temperature_interval": 307.0,
      "offset_increase_rate": 199959831.54314172
    },
    "440613030": {
      "rate": 0.2412109375,
      "temperature_start": 307366978.152676,
      "temperature_end": 81498420.76765995,
      "temperature_interval": 307.0,
      "offset_increase_rate": 199900845.05717212
    },
    "440613089": {
      "rate": 0.2890625,
      "temperature_start": 307519501.36714077,
      "temperature_end": 81538862.33097944,
      "temperature_interval": 307.0,
      "offset_increase_rate": 200000040.87724876
    },
    "440613149": {
      "rate": 0.2783203125,
      "temperature_start": 307556469.3096694,
      "temperature_end": 81548664.38894033,
      "temperature_interval": 307.0,
      "offset_increase_rate": 200024083.54766154
    },
    "440613268": {
      "rate": 0.2724609375,
      "temperature_start": 307459778.5179754,
      "temperature_end": 81523026.80459994,
      "temperature_interval": 307.0,
      "offset_increase_rate": 199961199.2030744
    },
    "440613745": {
      "rate": 0.2626953125,
      "temperature_start": 307304977.6415714,
      "temperature_end": 81481981.31872442,
      "temperature_interval": 307.0,
      "offset_increase_rate": 199860522.07049906
    },
    "440614699": {
      "rate": 0.2587890625,
      "temperature_start": 307331911.32703614,
      "temperature_end": 81489122.7912535,
      "temperature_interval": 307.0,
      "offset_increase_rate": 199878038.80738884
    },
    "440616606": {
      "rate": 0.265625,
      "temperature_start": 307524894.5249177,
      "temperature_end": 81540292.32793102,
      "temperature_interval": 307.0,
      "offset_increase_rate": 200003548.4004174
    },
    "440620421": {
      "rate": 0.2724609375,
      "temperature_start": 307303646.4359515,
      "temperature_end": 81481628.3492662,
      "temperature_interval": 307.0,
      "offset_increase_rate": 199859656.30043495
    },
    "440628050": {
      "rate": 0.265625,
      "temperature_start": 307289518.081974,
      "temperature_end": 81477882.2131519,
      "temperature_interval": 307.0,
      "offset_increase_rate": 199850467.70797026
    },
    "440643309": {
      "rate": 0.2529296875,
      "temperature_start": 307343552.2546418,
      "temperature_end": 81492209.38572711,
      "temperature_interval": 307.0,
      "offset_increase_rate": 199885609.66382763
    },
    "440673827": {
      "rate": 0.263671875,
      "temperature_start": 307317693.3642968,
      "temperature_end": 81485352.89535657,
      "temperature_interval": 307.0,
      "offset_increase_rate": 199868791.9364866
    },
    "440917968": {
      "rate": 0.2880859375,
      "temperature_start": 307776678.40795624,
      "temperature_end": 81607052.87900165,
      "temperature_interval": 307.0,
      "offset_increase_rate": 200167299.92406407
    },
    "441406250": {
      "rate": 0.2744140625,
      "temperature_start": 307369388.64270484,
      "temperature_end": 81499059.90961269,
      "temperature_interval": 307.0,
      "offset_increase_rate": 199902412.75646323
    },
    "445312500": {
      "rate": 0.298828125,
      "temperature_start": 308189118.7290236,
      "temperature_end": 81716411.51937973,
      "temperature_interval": 307.0,
      "offset_increase_rate": 200435536.8349142
    },
    "453125000": {
      "rate": 0.298828125,
      "temperature_start": 309210612.4118595,