{
  "P": 32,
  "N": 128,
  "values": [
    -1593.2218381412563,
    176.46382462171232,
    -982.2398407849826,
    505.72393089931586,
    -494.0412742680502,
    -59.51412400289255,
    -1094.458222828145,
    -325.15962109890944,
    -975.8962476720577,
    -637.4822460849467,
    254.97406109003455,
    400.0447965238831,
    272.1609149772638,
    -1168.549255031529,
    1310.71546332824,
    1333.4923572045295,
    47.053311271211484,
    -307.8373769706467,
    -367.4285193523413,
    33.52328234103323,
    764.6528598400649,
    -308.46716828083396,
    1812.9725463093432,
    798.0470951838873,
    606.9043643901431,
    -1004.42777791549,
    -434.6711261867092,
    -1073.1951655103264,
    1626.2516684972459,
    -612.9941155157152,
    -1352.178238583415,
    -193.65420621234242,
    48.19236813027848,
    176.49814190591457,
    -1597.8109303907618,
    -978.6225780076675,
    -206.6738274376458,
    468.36206833311667,
    8.772720805605324,
    -689.5345639937709,
    1618.072861349378,
    -783.7737348469873,
    -259.51737764103257,
    -1364.637865367752,
    -698.2332087183743,
    1450.4977565218128,
    -125.89933802376066,
    329.0105362574688,
    1304.7611295285826,
    -1486.7571844999698,
    -279.5035425291468,
    -307.71150562075076,
    83.31790181986003,
    -1163.2719842966442,
    387.74345291766537,
    331.5836393066528,
    -2412.162754547108,
    -536.6275813827239,
    -931.0663571504595,
    670.4044442339033,
    785.9289899341771,
    -1251.7981243909207,
    2331.8817747325265,
    -1053.8906111278313,
    -154.13063092245366,
    -722.0080307401425,
    -1563.863301786061,
    1881.7991337539684,
    -2220.3827547499695,
    -182.95027358508668,
    265.8915126889986,
    -974.7019239650992,
    111.76540286471722,
    -311.56232266611016,
    239.91841882055442,
    -533.9110085527847,
    1186.107953574665,
    -342.65642799457686,
    474.29879332257406,
    1161.433461176132,
    -884.3585604235659,
    -16.130190913197584,
    678.3442453182929,
    -136.05384972895794,
    293.4031158806449,
    846.2347965709954,
    658.3583191965886,
    1191.1393428370357,
    1324.8164041737857,
    -94.8068067593282,
    -1090.3498989771733,
    -829.1211634304328,
    735.7681755209426,
    -235.9365809926728,
    865.1869196288282,
    -884.2783294414724,
    1122.7797157792888,
    448.31763178592047,
    -771.9132330748174,
    1825.7482993044641,
    229.48871604625086,
    -880.93371715635,
    181.5893814600269,
    -151.14407073001408,
    1870.1555085578666,
    980.9710835895845,
    -291.9288813753775,
    493.13152171728325,
    -231.5312508243959,
    -859.2869924097221,
    -647.8142887775432,
    -74.48241154636726,
    -73.66482891156605,
    -459.27234787688724,
    -1697.6118230833747,
    1613.98208679591,
    -781.6937105318248,
    -1084.4035530677543,
    830.072451617168,
    102.51567003177692,
    824.9705507155902,
    -1823.0449870284897,
    -584.941621566918,
    377.15232255103643,
    1245.8823923724785,
    179.67175925284374,
    261.7015449901418,
    -2427.238620055763
  ],
  "measurements": {
    "250000000": {
      "rate": 0.001953125,
      "temperature_start": 212903178.77825606,
      "temperature_end": 58841490.37678265,
      "temperature_interval": 409.0,
      "offset_increase_rate": 144585713.36089453
    },
    "312500000": {
      "rate": 0.0625,
      "temperature_start": 221827186.5812682,
      "temperature_end": 61307878.72418341,
      "temperature_interval": 409.0,
      "offset_increase_rate": 150646139.70887575
    },
    "343750000": {
      "rate": 0.18359375,
      "temperature_start": 226132295.28919834,
      "temperature_end": 62497710.71289462,
      "temperature_interval": 409.0,
      "offset_increase_rate": 153569803.02477473
    },
    "359375000": {
      "rate": 0.2294921875,
      "temperature_start": 228080912.5021038,
      "temperature_end": 63036263.221312694,
      "temperature_interval": 409.0,
      "offset_increase_rate": 154893137.93885177
    },
    "363281250": {
      "rate": 0.2294921875,
      "temperature_start": 228725254.5059752,
      "temperature_end": 63214344.37556189,
      "temperature_interval": 409.0,
      "offset_increase_rate": 155330720.1713612
    },
    "365234375": {
      "rate": 0.2490234375,
      "temperature_start": 228724281.23002994,
      "temperature_end": 63214075.38471125,
      "temperature_interval": 409.0,
      "offset_increase_rate": 155330059.20519972
    },
    "365722656": {
      "rate": 0.2451171875,
      "temperature_start": 229031140.6823573,
      "temperature_end": 63298884.20539096,
      "temperature_interval": 409.0,
      "offset_increase_rate": 155538452.0205202
    },
    "365966796": {
      "rate": 0.2421875,
      "temperature_start": 228842063.87837362,
      "temperature_end": 63246627.7712413,
      "temperature_interval": 409.0,
      "offset_increase_rate": 155410047.15244424
    },
    "365970610": {
      "rate": 0.2490234375,
      "temperature_start": 228999592.6773246,
      "temperature_end": 63290165.07003003,
      "temperature_interval": 409.0,
      "offset_increase_rate": 155517027.30136412
    },
    "365972517": {
      "rate": 0.25,
      "temperature_start": 229112478.87155318,
      "temperature_end": 63321364.190444715,
      "temperature_interval": 409.0,
      "offset_increase_rate": 155593689.99383682
    },
    "365972994": {
      "rate": 0.2421875,
      "temperature_start": 229023366.69465294,
      "temperature_end": 63296735.65587036,
      "temperature_interval": 409.0,
      "offset_increase_rate": 155533172.58991545
    },
    "365973232": {
      "rate": 0.2490234375,
      "temperature_start": 228938061.9056387,
      "temperature_end": 63273159.39481743,
      "temperature_interval": 409.0,
      "offset_increase_rate": 155475240.8397016
    },
    "365973291": {
      "rate": 0.271484375,
      "temperature_start": 229102198.76367372,
      "temperature_end": 63318523.00755429,
      "temperature_interval": 409.0,
      "offset_increase_rate": 155586708.61976945
    },
    "365973351": {
      "rate": 0.2744140625,
      "temperature_start": 228992661.6256991,
      "temperature_end": 63288249.48845035,
      "temperature_interval": 409.0,
      "offset_increase_rate": 155512320.32118016
    },
    "365973471": {
      "rate": 0.2646484375,
      "temperature_start": 228941335.17661387,
      "temperature_end": 63274064.0508385,
      "temperature_interval": 409.0,
      "offset_increase_rate": 155477463.76667562
    },
    "365974425": {
      "rate": 0.2568359375,
      "temperature_start": 229102297.93584657,
      "temperature_end": 63318550.41643794,
      "temperature_interval": 409.0,
      "offset_increase_rate": 155586775.96906617
    },
    "365982054": {
      "rate": 0.2568359375,
      "temperature_start": 228905739.44827348,
      "temperature_end": 63264226.218831405,
      "temperature_interval": 409.0,
      "offset_increase_rate": 155453290.1784548
    },
    "365997313": {
      "rate": 0.2529296875,
      "temperature_start": 228941357.86584356,
      "temperature_end": 63274070.32161424,
      "temperature_interval": 409.0,
      "offset_increase_rate": 155477479.17526877
    },
    "366027831": {
      "rate": 0.2705078125,
      "temperature_start": 229320310.50275588,
      "temperature_end": 63378804.022943124,
      "temperature_interval": 409.0,
      "offset_increase_rate": 155734831.54385424
    },
    "366088866": {
      "rate": 0.2802734375,
      "temperature_start": 228993739.52937514,
      "temperature_end": 63288547.395974055,
      "temperature_interval": 409.0,
      "offset_increase_rate": 155513052.3415888
    },
    "366210937": {
      "rate": 0.2568359375,
      "temperature_start": 228973207.9458722,
      "temperature_end": 63282872.94348329,
      "temperature_interval": 409.0,
      "offset_increase_rate": 155499109.0380447
    },
    "367187500": {
      "rate": 0.2763671875,