{
  "P": 23,
  "N": 133,
  "values": [
    -1923.2437940079406,
    1346.3787596382801,
    -675.466833805371,
    -273.3508797171675,
    61.00630771206382,
    -434.4543268060284,
    59.334642399641154,
    -319.37060132675765,
    -1151.0028213299036,
    -2281.8622425305875,
    264.75244157345344,
    1861.8185093924792,
    -477.67370532784173,
    -424.9551230430902,
    -1130.0880297990625,
    528.3404027716558,
    407.851075917754,
    -697.4070220605798,
    835.0031466495054,
    -672.9072710589513,
    -39.96596445180764,
    -152.6751410206928,
    1671.6311750458315,
    353.10340696202934,
    1086.93164871025,
    129.30070172487262,
    -925.1151524170176,
    -993.0365588482181,
    -1192.7299999067423,
    -217.02424748985655,
    1142.909305112356,
    1365.502550571623,
    -570.3186869912927,
    -1098.929548136776,
    -919.5210731158024,
    811.0123047896881,
    -1029.8004253033173,
    516.9585484141481,
    2323.957348597361,
    286.8495401874218,
    101.40280817007655,
    831.7244343858026,
    1739.135804705426,
    758.227841817219,
    380.11359529112997,
    1736.116040140696,
    1345.1464734078677,
    898.8592144073317,
    -1442.945924568183,
    924.5918034495884,
    -705.9482169929563,
    -1070.4065955370131,
    1342.6849563611574,
    74.67642567883853,
    1212.1477293426794,
    1297.1599407510332,
    -946.7311613160194,
    16.402533016277122,
    889.7638692409262,
    -9.746870795456323,
    387.4850327491834,
    201.82924752723343,
    1315.237995772581,
    -2777.3604966242515,
    1760.626660352446,
    10.672304131787685,
    -522.1456032842492,
    1410.2291250677415,
    72.54112168517796,
    -15.140778960519109,
    1745.5360165717505,
    -365.85469562982985,
    -1122.5384228134799,
    -2511.230074565239,
    -663.8981020455091,
    118.52321004748383,
    686.6385145639854,
    1653.9299084658412,
    -470.6464614488831,
    140.83129663133914,
    -317.51804976409943,
    -1358.5334382207807,
    -1641.069827561823,
    -2314.737198661028,
    100.80942233251488,
    -762.2029652307824,
    -59.52284689756384,
    -944.3431616039638,
    -624.5841263637627,
    323.4818230385687,
    -1118.6263046572265,
    39.63205040518964,
    3102.9371608705046,
    -1673.4246774229614,
    -988.7683977534639,
    -1188.3428905142002,
    -1232.1428701388202,
    -1114.0035582167648,
    -1474.7762033040926,
    -1056.531760211504,
    -510.03284300580475,
    914.7873402775921,
    -2836.1772938568506,
    1510.9623719570957,
    -306.87939008889055,
    -1072.1191186955932,
    -388.61814710777384,
    499.09389091064685,
    -753.7264797700878,
    -1049.4730966167647,
    906.7491035651323,
    -138.37517825284056,
    -1370.5175914192748,
    1435.2686024455343,
    1389.998502800026,
    2081.2658075159993,
    261.07550792835946,
    1715.1314455095696,
    -916.4663916632746,
    -568.9775304312071,
    -1497.6223166128586,
    603.2725047663298,
    -900.7885847326828,
    -1168.1304182486756,
    1302.8987737812781,
    1076.9520030488081,
    -229.99175443573765,
    -834.6626412801955,
    228.8637578890561,
    -940.7366113368078,
    -292.90902530471357,
    232.56357241712706,
    994.2619602369906
  ],
  "measurements": {
    "500000000": {
      "rate": 0.126953125,
      "temperature_start": 319316684.73288655,
      "temperature_end": 84613401.97579104,
      "temperature_interval": 305.0,
      "offset_increase_rate": 207537208.11616623
    },
    "562500000": {
      "rate": 0.2158203125,
      "temperature_start": 327470670.5311733,
      "temperature_end": 86774067.26840633,
      "temperature_interval": 305.0,
      "offset_increase_rate": 212836822.9766014
    },
    "578125000": {
      "rate": 0.25,
      "temperature_start": 329340112.0190025,
      "temperature_end": 87269436.94886082,
      "temperature_interval": 305.0,
      "offset_increase_rate": 214051850.83349264
    },
    "578369140": {
      "rate": 0.2373046875,
      "temperature_start": 329708733.2242228,
      "temperature_end": 87367115.19652332,
      "temperature_interval": 305.0,
      "offset_increase_rate": 214291433.10226083
    },
    "578371047": {
      "rate": 0.2470703125,
      "temperature_start": 329409986.87288666,
      "temperature_end": 87287952.57733369,
      "temperature_interval": 305.0,
      "offset_increase_rate": 214097265.41026232
    },
    "578371106": {
      "rate": 0.2412109375,
      "temperature_start": 329690465.24667156,
      "temperature_end": 87362274.49823937,
      "temperature_interval": 305.0,
      "offset_increase_rate": 214279559.98306543
    },
    "578371166": {
      "rate": 0.26171875,
      "temperature_start": 329481369.5941649,
      "temperature_end": 87306867.76460207,
      "temperature_interval": 305.0,
      "offset_increase_rate": 214143660.01283124
    },
    "578371285": {
      "rate": 0.2529296875,
      "temperature_start": 329882490.4722838,
      "temperature_end": 87413157.86381674,
      "temperature_interval": 305.0,
      "offset_increase_rate": 214404365.17213586
    },
    "578371523": {
      "rate": 0.27734375,
      "temperature_start": 329511701.65045214,
      "temperature_end": 87314905.23522006,
      "temperature_interval": 305.0,
      "offset_increase_rate": 214163374.07908347
    },
    "578372000": {
      "rate": 0.2705078125,
      "temperature_start": 329549574.8359897,
      "temperature_end": 87324940.97473893,
      "temperature_interval": 305.0,
      "offset_increase_rate": 214187989.43920952
    },
    "578372954": {
      "rate": 0.2880859375,
      "temperature_start": 329491095.1303961,
      "temperature_end": 87309444.86359473,
      "temperature_interval": 305.0,
      "offset_increase_rate": 214149981.04374936
    },
    "578376769": {
      "rate": 0.2587890625,
      "temperature_start": 329653444.65248656,
      "temperature_end": 87352464.68069167,
      "temperature_interval": 305.0,
      "offset_increase_rate": 214255498.75755697
    },
    "578384398": {
      "rate": 0.28515625,
      "temperature_start": 329257843.1411971,
      "temperature_end": 87247637.118283,
      "temperature_interval": 305.0,
      "offset_increase_rate": 213998380.86455297
    },
    "578399657": {
      "rate": 0.2802734375,
      "temperature_start": 329841392.75932354,
      "temperature_end": 87402267.68026775,
      "temperature_interval": 305.0,
      "offset_increase_rate": 214377654.0573851
    },
    "578430175": {
      "rate": 0.2548828125,
      "temperature_start": 329764870.4967216,
      "temperature_end": 87381990.60338698,
      "temperature_interval": 305.0,
      "offset_increase_rate": 214327919.0529257
    },
    "578491210": {
      "rate": 0.291015625,
      "temperature_start": 329945442.8892455,
      "temperature_end": 87429839.16616139,
      "temperature_interval": 305.0,
      "offset_increase_rate": 214445280.56893486
    },
    "578613281": {
      "rate": 0.271484375,
      "temperature_start": 329468067.4197219,
      "temperature_end": 87303342.91830648,
      "temperature_interval": 305.0,
      "offset_increase_rate": 214135014.37582648
    },
    "579101562": {
      "rate": 0.2529296875,
      "temperature_start": 329696153.0474423,
      "temperature_end": 87363781.66712838,
      "temperature_interval": 305.0,
      "offset_increase_rate": 214283256.72159716
    },
    "580078125": {
      "rate": 0.2646484375,
      "temperature_start": 329735048.79446775,
      "temperature_end": 87374088.36776622,
      "temperature_interval": 305.0,
      "offset_increase_rate": 214308536.6870083
    },
    "582031250": {
      "rate": 0.279296875,
      "temperature_start": 330379225.95911264,
      "temperature_end": 87544784.18161422,
      "temperature_interval": 305.0,
      "offset_increase_rate": 214727214.24654275
    },
    "585937500": {
      "rate": 0.287109375,
      "temperature_start": 329976161.8036856,
      "temperature_end": 87437979.14750299,