{
  "P": 32,
  "N": 128,
  "values": [
    -407.8440594806363,
    717.4803414380265,
    -174.16254190081864,
    -2012.6192020747196,
    1649.7134340773189,
    77.97898717896935,
    -939.4169411246488,
    521.1421703033753,
    618.432720726645,
    -203.52786574586833,
    -292.4098703342735,
    -940.2885769041144,
    -771.515027387769,
    2021.5118871678692,
    -478.626330977233,
    299.80332998977434,
    373.4223420092932,
    -89.59712857592065,
    -153.18455093953992,
    -611.851921866992,
    -484.4489833387738,
    -947.1310893257838,
    471.2283608477929,
    1390.1341384732598,
    -241.40257914943737,
    -1600.8248605360618,
    265.8312297356833,
    1116.7224256401485,
    654.1950889737503,
    712.8024480102985,
    -1770.196704790756,
    -241.26551690425583,
    415.27452236700327,
    2625.59468662343,
    -993.8026287100109,
    593.3068174329156,
    -414.6540606799707,
    -804.9521499282635,
    181.4333328536103,
    288.58264874147574,
    1048.4199349126666,
    162.1344931391038,
    -695.2373866839292,
    1986.0828203560648,
    -431.9971548694958,
    -683.435923080909,
    32.17440818839942,
    615.2096511518407,
    -689.300832706762,
    730.0060413695812,
    248.20922915676172,
    -1208.2774914227734,
    825.5081819974796,
    -595.5989568248729,
    934.1074921153553,
    2349.8409613566023,
    647.8090810306668,
    943.0568600597483,
    1545.7699164441856,
    -2154.2745488306427,
    -160.1032370758843,
    -840.1455219497082,
    149.1770904444168,
    -1638.5492443099902,
    638.2518015640129,
    -37.07280133512118,
    626.0281620353329,
    940.8990679700843,
    1107.5383387827865,
    1115.0049697318118,
    1111.1415471113442,
    120.71889863189782,
    312.5512331223314,
    1341.46642241674,
    819.4534205256516,
    2318.7637908415945,
    1239.9070460332596,
    -303.3356785525218,
    817.4155881025486,
    -679.3479430971714,
    -473.23064978872605,
    -647.9897456987903,
    724.0313433676203,
    889.5953371741397,
    -139.048685698719,
    2329.4531718456374,
    -1824.0676002324522,
    -1120.1712344234618,
    847.5609058736478,
    1285.3586440724703,
    -1991.8649765403798,
    167.85063818954092,
    635.8565759734804,
    654.7825182057175,
    -528.8247466886581,
    46.66022346792792,
    1003.617088342017,
    325.5098723648545,
    575.4726381470055,
    45.62569098516039,
    19.667005147638054,
    -231.28991406467438,
    -2068.743620477553,
    -950.5053722258943,
    -525.883096560469,
    1998.3455478137812,
    -208.5692861901218,
    -230.20736306128177,
    174.65799450827456,
    329.5332606456923,
    512.6531550625276,
    -1146.8352976246554,
    375.79019893617436,
    -900.4698390442712,
    -479.0440400488244,
    -1243.5205362637353,
    -23.45141968579619,
    394.7617645529399,
    1079.6091680114837,
    268.3280049071336,
    659.5789271002039,
    -1409.476868320519,
    -711.0242802624333,
    872.8646908650591,
    63.43693999364018,
    595.4890696360048,
    1684.008126538861,
    1295.5767822881833
  ],
  "measurements": {
    "250000000": {
      "rate": 0.001953125,
      "temperature_start": 227555122.0790882,
      "temperature_end": 62890946.96866858,
      "temperature_interval": 409.0,
      "offset_increase_rate": 154536065.84708554
    },
    "375000000": {
      "rate": 0.12109375,
      "temperature_start": 244941564.03138393,
      "temperature_end": 67696155.43334831,
      "temperature_interval": 409.0,
      "offset_increase_rate": 166343457.01384062
    },
    "406250000": {
      "rate": 0.236328125,
      "temperature_start": 249145162.94421977,
      "temperature_end": 68857932.4739584,
      "temperature_interval": 409.0,
      "offset_increase_rate": 169198183.5190211
    },
    "408203125": {
      "rate": 0.2490234375,
      "temperature_start": 249275605.72507018,
      "temperature_end": 68893983.82686998,
      "temperature_interval": 409.0,
      "offset_increase_rate": 169286769.15043464
    },
    "408325195": {
      "rate": 0.2373046875,
      "temperature_start": 249006850.28187352,
      "temperature_end": 68819706.06871101,
      "temperature_interval": 409.0,
      "offset_increase_rate": 169104253.3341035
    },
    "408386230": {
      "rate": 0.2294921875,
      "temperature_start": 249270929.12272465,
      "temperature_end": 68892691.32267398,
      "temperature_interval": 409.0,
      "offset_increase_rate": 169283593.20026746
    },
    "408393859": {
      "rate": 0.2412109375,
      "temperature_start": 249089245.93738008,
      "temperature_end": 68842478.31287572,
      "temperature_interval": 409.0,
      "offset_increase_rate": 169160209.44851014
    },
    "408395766": {
      "rate": 0.2421875,
      "temperature_start": 249419748.51382583,
      "temperature_end": 68933821.54355472,
      "temperature_interval": 409.0,
      "offset_increase_rate": 169384658.6608575
    },
    "408396242": {
      "rate": 0.23828125,
      "temperature_start": 249671815.9009873,
      "temperature_end": 69003487.11088479,
      "temperature_interval": 409.0,
      "offset_increase_rate": 169555841.3702792
    },
    "408396361": {
      "rate": 0.2392578125,
      "temperature_start": 249326026.51000196,
      "temperature_end": 68907918.959959,
      "temperature_interval": 409.0,
      "offset_increase_rate": 169321010.6549505
    },
    "408396420": {
      "rate": 0.267578125,
      "temperature_start": 249179877.00334644,
      "temperature_end": 68867526.63308632,
      "temperature_interval": 409.0,
      "offset_increase_rate": 169221758.3525735
    },
    "408396480": {
      "rate": 0.259765625,
      "temperature_start": 249422410.45419115,
      "temperature_end": 68934557.2420036,
      "temperature_interval": 409.0,
      "offset_increase_rate": 169386466.4241274
    },
    "408396719": {
      "rate": 0.2705078125,
      "temperature_start": 249308607.78424504,
      "temperature_end": 68903104.82900107,
      "temperature_interval": 409.0,
      "offset_increase_rate": 169309181.3393722
    },
    "408397673": {
      "rate": 0.2509765625,
      "temperature_start": 249057524.81574553,
      "temperature_end": 68833711.33210957,
      "temperature_interval": 409.0,
      "offset_increase_rate": 169138667.16329646
    },
    "408401488": {
      "rate": 0.25390625,
      "temperature_start": 249261391.3952536,
      "temperature_end": 68890055.31647426,
      "temperature_interval": 409.0,
      "offset_increase_rate": 169277115.98777044
    },
    "408416747": {
      "rate": 0.265625,
      "temperature_start": 248991282.49807864,
      "temperature_end": 68815403.4950923,
      "temperature_interval": 409.0,
      "offset_increase_rate": 169093681.02072448
    },
    "408447265": {
      "rate": 0.259765625,
      "temperature_start": 249098788.92227936,
      "temperature_end": 68845115.77210644,
      "temperature_interval": 409.0,
      "offset_increase_rate": 169166690.23140487
    },
    "408691406": {
      "rate": 0.2548828125,
      "temperature_start": 249485672.16745484,
      "temperature_end": 68952041.30923823,
      "temperature_interval": 409.0,
      "offset_increase_rate": 169429428.3939446
    },
    "409179687": {
      "rate": 0.2626953125,
      "temperature_start": 249377725.59773308,
      "temperature_end": 68922207.38623181,
      "temperature_interval": 409.0,
      "offset_increase_rate": 169356120.27389848
    },
    "410156250": {
      "rate": 0.2646484375,
      "temperature_start": 249738157.676979,
      "temperature_end": 69021822.43587145,
      "temperature_interval": 409.0,
      "offset_increase_rate": 169600895.0564779
    },
    "414062500": {
      "rate": 0.2763671875,
      "temperature_start": 250161638.17996705,
      "temperature_end": 69138862.60447916,
      "temperature_interval": 409.0,
      "offset_increase_rate": 169888486.9607901
    },
    "421875000": {
      "rate": 0.330078125,
      "temperature_start": 251179995.77116314,