{
  "P": 24,
  "N": 146,
  "values": [
    -181.31889272573227,
    -659.7921896810484,
    422.1001034033176,
    955.8694354756703,
    -424.23150715664184,
    787.2847139399096,
    -868.93461375055,
    -842.7522135080359,
    -114.36561277795755,
    960.8254855404838,
    2808.859055181448,
    67.24893518100986,
    -986.9973444299859,
    241.25260682035574,
    1596.4142393297902,
    -1016.5927413908122,
    -1538.0101908635831,
    -1029.3510432696844,
    -426.25188851580026,
    -42.431087248317084,
    1569.3926493405884,
    -1.1363482664136078,
    -89.44296811283392,
    1268.3442750065265,
    660.147964613905,
    -906.0901788298947,
    41.37474131007918,
    109.9078878974684,
    -467.23447309033037,
    1556.7893488564127,
    509.4042212697772,
    -1375.7271284226842,
    175.14958602576093,
    -152.0097851045172,
    930.1173447667048,
    2341.182481267842,
    -377.03797335631845,
    -70.86654730633063,
    -639.546370216316,
    -1834.6156222116358,
    -154.09179417649588,
    232.12333564747786,
    554.5571684251432,
    -1052.2796897139224,
    -630.4951690857133,
    563.5926148065412,
    531.0072061692431,
    1101.2127554536028,
    -150.15400861351114,
    -995.2474687260166,
    -186.8807824855145,
    -1235.7544803731118,
    -1131.8929573575203,
    300.8604349671054,
    190.15147072757387,
    1966.9830198758013,
    1580.402182498256,
    603.8852615415981,
    75.35943708766142,
    -517.4231636044935,
    -642.8208644843431,
    -969.1931285306484,
    -1778.7436649272488,
    -1743.6692815006281,
    106.00500243123766,
    -1410.0447086998108,
    -83.46906668170737,
    -432.70317498303217,
    -570.4856951237024,
    -1422.2086114684062,
    803.9455268908041,
    -408.8595557507443,
    509.79134593772835,
    -378.7993679152485,
    937.647016591092,
    283.3472363439757,
    983.7416739222965,
    335.2743062159085,
    -890.189947483238,
    -35.44460257579433,
    -1594.7364950359931,
    -846.1672986000178,
    -407.19020020487943,
    977.2499833420593,
    108.40287537129015,
    -252.66603584164315,
    -997.1144654456031,
    -1231.0130793475373,
    -120.296485386997,
    1386.7212486282672,
    -593.4456793284065,
    -419.7084124628145,
    -39.867353925359446,
    -301.54932749304317,
    1878.2499592717745,
    587.2718883048597,
    270.26573216441966,
    -2319.519858677393,
    60.63579041357492,
    -588.1752036953955,
    -192.00842393992528,
    269.90211560764106,
    622.1412433426954,
    728.2599098900915,
    46.479345286923305,
    -177.5328830482271,
    -273.9909992722884,
    -403.0077430708879,
    -2586.537998934107,
    346.88676643747124,
    -355.6059526196785,
    -2697.929321626608,
    861.544982425672,
    -343.70313298837704,
    1604.2127406460866,
    742.6303227284036,
    317.43323703857754,
    266.14803184797654,
    -902.8090581258324,
    2038.711225296019,
    1914.2092221139994,
    -661.5207763695483,
    1629.7020638173942,
    -871.4563946576942,
    73.41793298907672,
    1426.2399324848755,
    -1623.5640212019734,
    -503.93860203011354,
    -478.35713648956795,
    -728.049064562093,
    1056.4019563939537,
    -1271.9842617711056,
    -183.340586796423,
    815.3267707229212,
    -1403.68919712119,
    -1388.5274496899726,
    485.62213548267727,
    -1006.6883099791106,
    1364.1839269664852,
    -731.3054671783315,
    493.47404722932754,
    -268.5684332284097,
    617.5012063327691,
    1415.4010876162263,
    255.2812590489011,
    -302.2841620065542
  ],
  "measurements": {
    "250000000": {
      "rate": 0.0,
      "temperature_start": 223423802.9906506,
      "temperature_end": 60395519.30483559,
      "temperature_interval": 350.0,
      "offset_increase_rate": 148244773.95730895
    },
    "375000000": {
      "rate": 0.052734375,
      "temperature_start": 242337582.83016998,
      "temperature_end": 65508258.14525763,
      "temperature_interval": 350.0,
      "offset_increase_rate": 160794327.67296737
    },
    "437500000": {
      "rate": 0.158203125,
      "temperature_start": 251290640.98456046,
      "temperature_end": 67928432.67170875,
      "temperature_interval": 350.0,
      "offset_increase_rate": 166734805.2074036
    },
    "468750000": {
      "rate": 0.2197265625,
      "temperature_start": 255586201.5718698,
      "temperature_end": 69089600.85926658,
      "temperature_interval": 350.0,
      "offset_increase_rate": 169584968.88630328
    },
    "484375000": {
      "rate": 0.2392578125,
      "temperature_start": 257364187.8353372,
      "temperature_end": 69570222.89801806,
      "temperature_interval": 350.0,
      "offset_increase_rate": 170764687.28782898
    },
    "484390258": {
      "rate": 0.2392578125,
      "temperature_start": 257331575.5404026,
      "temperature_end": 69561407.20129311,
      "temperature_interval": 350.0,
      "offset_increase_rate": 170743048.58046615
    },
    "484394072": {
      "rate": 0.2353515625,
      "temperature_start": 257631443.55271548,
      "temperature_end": 69642466.98133501,
      "temperature_interval": 350.0,
      "offset_increase_rate": 170942015.14135763
    },
    "484395979": {
      "rate": 0.244140625,
      "temperature_start": 257330929.30274063,
      "temperature_end": 69561232.51149437,
      "temperature_interval": 350.0,
      "offset_increase_rate": 170742619.79286683
    },
    "484396933": {
      "rate": 0.25,
      "temperature_start": 257820959.9477827,
      "temperature_end": 69693696.71130854,
      "temperature_interval": 350.0,
      "offset_increase_rate": 171067761.8826264
    },
    "484397052": {
      "rate": 0.248046875,
      "temperature_start": 257563301.6698526,
      "temperature_end": 69624046.99050674,
      "temperature_interval": 350.0,
      "offset_increase_rate": 170896802.06250566
    },
    "484397111": {
      "rate": 0.259765625,
      "temperature_start": 257563233.23905954,
      "temperature_end": 69624028.4924182,
      "temperature_interval": 350.0,
      "offset_increase_rate": 170896756.65773088
    },
    "484397171": {
      "rate": 0.2578125,
      "temperature_start": 257806803.88491553,
      "temperature_end": 69689870.06993581,
      "temperature_interval": 350.0,
      "offset_increase_rate": 171058369.13972354
    },
    "484397410": {
      "rate": 0.255859375,
      "temperature_start": 257249725.70690858,
      "temperature_end": 69539281.70198321,
      "temperature_interval": 350.0,
      "offset_increase_rate": 170688740.08735865
    },
    "484397887": {
      "rate": 0.271484375,
      "temperature_start": 257638821.58892748,
      "temperature_end": 69644461.3987718,
      "temperature_interval": 350.0,
      "offset_increase_rate": 170946910.57011616
    },
    "484405517": {
      "rate": 0.2666015625,
      "temperature_start": 257908510.57235724,
      "temperature_end": 69717363.23817748,
      "temperature_interval": 350.0,
      "offset_increase_rate": 171125852.929221
    },
    "484436035": {
      "rate": 0.2578125,
      "temperature_start": 257901102.3083254,
      "temperature_end": 69715360.649611,
      "temperature_interval": 350.0,
      "offset_increase_rate": 171120937.44388723
    },
    "484497070": {
      "rate": 0.2626953125,
      "temperature_start": 257556982.86688352,
      "temperature_end": 69622338.90308902,
      "temperature_interval": 350.0,
      "offset_increase_rate": 170892609.449609
    },
    "484619140": {
      "rate": 0.2578125,
      "temperature_start": 257597646.80104667,
      "temperature_end": 69633331.1044028,
      "temperature_interval": 350.0,
      "offset_increase_rate": 170919590.5306198
    },
    "484863281": {
      "rate": 0.2822265625,
      "temperature_start": 257563608.2634234,
      "temperature_end": 69624129.8683276,
      "temperature_interval": 350.0,
      "offset_increase_rate": 170897005.49156734
    },
    "485351562": {
      "rate": 0.26171875,
      "temperature_start": 257691376.01290178,