{
  "P": 30,
  "N": 124,
  "values": [
    844.738650647072,
    1727.0983856891194,
    39.22925057517386,
    -475.85645387205483,
    90.65449738870166,
    686.2287954616324,
    -836.4231693052666,
    1698.4982174703255,
    642.8320076257113,
    -401.22184101768147,
    1083.8103568655556,
    -1632.6042336182113,
    -524.3102267287155,
    1429.2997453498863,
    -872.3077188408118,
    164.24327224826655,
    1114.1292006727608,
    -878.747129945355,
    -171.24201753224867,
    329.1105917702441,
    -657.7715469828927,
    -226.49049663966932,
    -1601.7431045320686,
    171.617400330998,
    410.8162220151779,
    -527.7075060812509,
    -693.4826757341525,
    -367.66627763491005,
    -837.6626239272545,
    86.42946408009315,
    1963.4014778773667,
    1602.5238800185323,
    1169.6760081658965,
    -986.4556955230246,
    65.49975512344909,
    1443.0128426258061,
    544.6763522449995,
    842.5214096376823,
    -1713.4683829379808,
    841.5066758654251,
    889.6262765273334,
    1916.0473328936255,
    733.7944201166739,
    1164.8204576896692,
    293.4942748918139,
    942.2652707452601,
    1047.2842512679651,
    -1959.2193597533428,
    -3096.5057586652492,
    -1151.703720302907,
    -944.3606940747601,
    878.389910316188,
    -208.42835618666493,
    978.3085892334599,
    -1518.5078745790317,
    -982.9111618957754,
    -1896.3849170253893,
    160.41535190081015,
    292.91025565852203,
    380.78470688015267,
    152.6159896479993,
    585.9725415244898,
    431.99883351387126,
    463.05355976073747,
    107.22763971733237,
    -1012.0669491676313,
    1153.7325577866961,
    83.7410863274784,
    1511.0856521298615,
    -2612.780070142677,
    487.15638817655804,
    -1129.0620717313234,
    -556.9965230219434,
    -512.357339556641,
    99.73737651011162,
    -1441.4628900522039,
    1120.6562651729378,
    -943.3422683194502,
    391.5212103274246,
    -1539.8427608954853,
    -884.7232373776671,
    132.551240446687,
    842.0459902391036,
    -846.2327349922158,
    -1617.6560997962872,
    -20.482110403509267,
    495.37985202373005,
    -820.6165399961809,
    297.04469502584385,
    -711.5583139563497,
    -1344.7184240084564,
    -844.1220011699512,
    1029.0287806726,
    -1104.5761315385741,
    159.7427147859184,
    1640.5788470915197,
    1472.0559290911692,
    1268.1903183898028,
    -5.895684192377711,
    2285.330476517958,
    807.285086678867,
    -640.9605516387438,
    451.5031255255008,
    978.6439120123615,
    -1047.8545759743756,
    1229.012936460877,
    631.6337595734104,
    260.45167585559943,
    -286.96327558815193,
    1115.9590340488355,
    -1129.6067367719877,
    1236.5028294709991,
    -469.8675756486988,
    2068.652896933732,
    -333.9960042484265,
    1282.498849473414,
    551.251290713024,
    912.4988480550682,
    102.70434234852671,
    2184.8425611070566,
    1641.4481408870417,
    -118.48142347402953,
    -1057.9124196759828,
    1354.257059757426
  ],
  "measurements": {
    "250000000": {
      "rate": 0.0,
      "temperature_start": 260092348.6636389,
      "temperature_end": 70913950.96714592,
      "temperature_interval": 372.0,
      "offset_increase_rate": 174129700.7095755
    },
    "375000000": {
      "rate": 0.0673828125,
      "temperature_start": 278259219.82973146,
      "temperature_end": 75867132.47255348,
      "temperature_interval": 372.0,
      "offset_increase_rate": 186292272.40856904
    },
    "437500000": {
      "rate": 0.1953125,
      "temperature_start": 286261683.25838494,
      "temperature_end": 78048997.11452265,
      "temperature_interval": 372.0,
      "offset_increase_rate": 191649856.23958296
    },
    "453125000": {
      "rate": 0.234375,
      "temperature_start": 287965714.18928707,
      "temperature_end": 78513599.65474103,
      "temperature_interval": 372.0,
      "offset_increase_rate": 192790691.01431745
    },
    "457031250": {
      "rate": 0.22265625,
      "temperature_start": 288321833.4159615,
      "temperature_end": 78610695.24985793,
      "temperature_interval": 372.0,
      "offset_increase_rate": 193029109.9246636
    },
    "458984375": {
      "rate": 0.2041015625,
      "temperature_start": 288979856.93627405,
      "temperature_end": 78790104.78610317,
      "temperature_interval": 372.0,
      "offset_increase_rate": 193469651.29099214
    },
    "459960937": {
      "rate": 0.23046875,
      "temperature_start": 288995932.7199612,
      "temperature_end": 78794487.83443967,
      "temperature_interval": 372.0,
      "offset_increase_rate": 193480413.89672235
    },
    "460449218": {
      "rate": 0.2392578125,
      "temperature_start": 289314140.18444324,
      "temperature_end": 78881246.82081354,
      "temperature_interval": 372.0,
      "offset_increase_rate": 193693451.19227722
    },
    "460693359": {
      "rate": 0.234375,
      "temperature_start": 288738128.07762593,
      "temperature_end": 78724197.62459843,
      "temperature_interval": 372.0,
      "offset_increase_rate": 193307815.7966935
    },
    "460815429": {
      "rate": 0.2333984375,
      "temperature_start": 289101841.30305403,
      "temperature_end": 78823363.71682157,
      "temperature_interval": 372.0,
      "offset_increase_rate": 193551318.82711065
    },
    "460819243": {
      "rate": 0.2216796875,
      "temperature_start": 289603283.22816145,
      "temperature_end": 78960081.41833276,
      "temperature_interval": 372.0,
      "offset_increase_rate": 193887030.0957844
    },
    "460821150": {
      "rate": 0.2197265625,
      "temperature_start": 289140634.7383141,
      "temperature_end": 78833940.71295397,
      "temperature_interval": 372.0,
      "offset_increase_rate": 193577290.71481144
    },
    "460822104": {
      "rate": 0.2421875,
      "temperature_start": 288840753.0064008,
      "temperature_end": 78752178.22150773,
      "temperature_interval": 372.0,
      "offset_increase_rate": 193376522.34736574
    },
    "460822581": {
      "rate": 0.224609375,
      "temperature_start": 289252459.7362036,
      "temperature_end": 78864429.70064616,
      "temperature_interval": 372.0,
      "offset_increase_rate": 193652156.6365289
    },
    "460822819": {
      "rate": 0.236328125,
      "temperature_start": 289126711.2940207,
      "temperature_end": 78830144.49806726,
      "temperature_interval": 372.0,
      "offset_increase_rate": 193567969.08270612
    },
    "460822938": {
      "rate": 0.228515625,
      "temperature_start": 288998763.5255857,
      "temperature_end": 78795259.6511128,
      "temperature_interval": 372.0,
      "offset_increase_rate": 193482309.09794104
    },
    "460822998": {
      "rate": 0.22265625,
      "temperature_start": 289246686.5187493,
      "temperature_end": 78862855.6379658,
      "temperature_interval": 372.0,
      "offset_increase_rate": 193648291.51464963
    },
    "460823058": {
      "rate": 0.2763671875,
      "temperature_start": 289338646.2715031,
      "temperature_end": 78887928.38397789,
      "temperature_interval": 372.0,
      "offset_increase_rate": 193709857.81718263
    },
    "460830687": {
      "rate": 0.2607421875,
      "temperature_start": 289209812.2728318,
      "temperature_end": 78852801.90712602,
      "temperature_interval": 372.0,
      "offset_increase_rate": 193623604.50852084
    },
    "460845946": {
      "rate": 0.2607421875,
      "temperature_start": 289649125.9450736,
      "temperature_end": 78972580.39493091,
      "temperature_interval": 372.0,
      "offset_increase_rate": 193917721.41991073
    },
    "460876464": {
      "rate": 0.25390625,
      "temperature_start": 289109627.00436074,
      "temperature_end": 78825486.4814609,
      "temperature_interval": 372.0,
      "offset_increase_rate": 193556531.2904734
    },
    "460937500": {
      "rate": 0.271484375,
      "temperature_start": 289168098.35636497,
      "temperature_end": 78841428.64435159,
      "temperature_interval": 372.0,