{
  "P": 13,
  "N": 130,
  "values": [
    53.1303063715,
    202.4992032350609,
    274.7105597784872,
    1183.4090095799427,
    -1683.746571608074,
    -99.757262537126,
    1161.3287859134664,
    1897.2569755286383,
    431.94488959275304,
    -729.1686533820405,
    -392.1166583835822,
    461.664893311692,
    -403.96932685528463,
    1145.9951392175,
    1734.572169872408,
    -18.964171532509226,
    -775.8275151489657,
    514.1267881306792,
    51.22223300254225,
    1032.6682067623663,
    283.7991772649073,
    -136.09023387501273,
    -128.36777488806396,
    707.8331451467008,
    236.02889694330423,
    708.0623373341838,
    312.0159261352207,
    666.681679690311,
    1535.504093007058,
    -784.8001951454196,
    -2374.6704975552448,
    -296.6722727572933,
    -466.69420001271055,
    -1122.0057969484924,
    -1609.3192183832869,
    -33.923208580268444,
    844.1285731327262,
    -2212.4703573690613,
    -652.3393569930405,
    -206.82958589026464,
    67.47078085655095,
    212.30179677879354,
    821.0794091634575,
    1044.3231556454896,
    -117.77439782504696,
    -771.0919635747372,
    163.81360761247794,
    302.9338330899874,
    -549.8039002834374,
    775.5923654604779,
    644.0468558040709,
    612.8061237550551,
    -946.6658304360229,
    608.809001583936,
    204.14285372848067,
    -631.628449345112,
    -658.1758446583293,
    1221.827473151164,
    1295.5152609239,
    1166.018501036567,
    -978.1388858232016,
    -789.9316355091878,
    -838.7093627844642,
    -735.2509147679081,
    -1497.4576874858105,
    201.1951565183178,
    429.3116618121924,
    992.473606121756,
    886.2130857869183,
    -508.80257280478213,
    -501.38555444703894,
    -1481.0175280755386,
    131.6084062889116,
    -654.7012922197664,
    1401.6763476549045,
    -296.396975477071,
    292.2207273308982,
    911.2694964734679,
    -80.14277550901528,
    -862.6628385124402,
    301.2549764556994,
    476.9244586344399,
    -128.49553344408315,
    323.496584354809,
    -716.8493837034614,
    196.78614662582274,
    -877.3494614480684,
    314.16609277442575,
    426.4869252013733,
    -610.3342092668015,
    -424.4727462207881,
    447.45781066371575,
    -1076.5011548098348,
    572.7935172734458,
    -345.51159514645207,
    1306.466488305926,
    -2394.962500847339,
    -574.7813743467035,
    2899.4469159307378,
    956.2895189761078,
    -150.23753834067494,
    -55.98852983199658,
    1255.710680365204,
    821.0610124955983,
    416.52621778381786,
    1698.081339271501,
    -1173.555584422572,
    412.1468631577012,
    -1502.355829349141,
    -1126.6575320868508,
    -1190.061280676742,
    -1361.6167642205344,
    -470.8580356566626,
    -1207.2948574369545,
    -152.27327181338822,
    971.1786612651276,
    -816.1172663737058,
    -156.74734627275487,
    -1306.3608254024482,
    -303.83928292475986,
    -2426.5960843010853,
    -204.66806470704978,
    -73.95238847486068,
    -368.86291829701617,
    -1864.168883323626,
    -360.5093842465008,
    -5.130641279136654,
    -553.7392229667703,
    -1.0074717491738576,
    -1202.8668810689226
  ],
  "measurements": {
    "500000000": {
      "rate": 0.2451171875,
      "temperature_start": 257355238.87040746,
      "temperature_end": 62014940.84004333,
      "temperature_interval": 169.0,
      "offset_increase_rate": 152011152.9201789
    },
    "503906250": {
      "rate": 0.24609375,
      "temperature_start": 257788766.9686918,
      "temperature_end": 62119408.188311055,
      "temperature_interval": 169.0,
      "offset_increase_rate": 152267223.50313166
    },
    "504394531": {
      "rate": 0.236328125,
      "temperature_start": 257594336.49928376,
      "temperature_end": 62072556.24113188,
      "temperature_interval": 169.0,
      "offset_increase_rate": 152152379.91204232
    },
    "504516601": {
      "rate": 0.25,
      "temperature_start": 257701901.39071867,
      "temperature_end": 62098476.17347163,
      "temperature_interval": 169.0,
      "offset_increase_rate": 152215914.90450072
    },
    "504577636": {
      "rate": 0.2392578125,
      "temperature_start": 257899778.13979685,
      "temperature_end": 62146158.57131815,
      "temperature_interval": 169.0,
      "offset_increase_rate": 152332794.09800577
    },
    "504585265": {
      "rate": 0.2353515625,
      "temperature_start": 257868483.20692188,
      "temperature_end": 62138617.42539334,
      "temperature_interval": 169.0,
      "offset_increase_rate": 152314309.22531474
    },
    "504589079": {
      "rate": 0.23046875,
      "temperature_start": 257903892.64402878,
      "temperature_end": 62147150.04418518,
      "temperature_interval": 169.0,
      "offset_increase_rate": 152335224.39837474
    },
    "504590986": {
      "rate": 0.2412109375,
      "temperature_start": 257629309.8521765,
      "temperature_end": 62080983.77662772,
      "temperature_interval": 169.0,
      "offset_increase_rate": 152173037.50470704
    },
    "504591940": {
      "rate": 0.2314453125,
      "temperature_start": 258039369.65261924,
      "temperature_end": 62179795.964702666,
      "temperature_interval": 169.0,
      "offset_increase_rate": 152415246.14714664
    },
    "504591999": {
      "rate": 0.26171875,
      "temperature_start": 257745629.2044912,
      "temperature_end": 62109013.27307011,
      "temperature_interval": 169.0,
      "offset_increase_rate": 152241743.46511376
    },
    "504592059": {
      "rate": 0.2646484375,
      "temperature_start": 257981001.16564444,
      "temperature_end": 62165730.89929909,
      "temperature_interval": 169.0,
      "offset_increase_rate": 152380769.8293604
    },
    "504592178": {
      "rate": 0.25390625,
      "temperature_start": 257762214.51081657,
      "temperature_end": 62113009.83748861,
      "temperature_interval": 169.0,
      "offset_increase_rate": 152251539.8521899
    },
    "504592417": {
      "rate": 0.26171875,
      "temperature_start": 257799903.51870346,
      "temperature_end": 62122091.764884695,
      "temperature_interval": 169.0,
      "offset_increase_rate": 152273801.49165156
    },
    "504592894": {
      "rate": 0.263671875,
      "temperature_start": 257927441.60999298,
      "temperature_end": 62152824.6429908,
      "temperature_interval": 169.0,
      "offset_increase_rate": 152349133.98685646
    },
    "504608153": {
      "rate": 0.25390625,
      "temperature_start": 257691325.28628936,
      "temperature_end": 62095927.64757654,
      "temperature_interval": 169.0,
      "offset_increase_rate": 152209667.95248702
    },
    "504638671": {
      "rate": 0.255859375,
      "temperature_start": 258029801.0832864,
      "temperature_end": 62177490.224731326,
      "temperature_interval": 169.0,
      "offset_increase_rate": 152409594.3124979
    },
    "504882812": {
      "rate": 0.2734375,
      "temperature_start": 257873607.2259869,
      "temperature_end": 62139852.16124164,
      "temperature_interval": 169.0,
      "offset_increase_rate": 152317335.81241313
    },
    "505859375": {
      "rate": 0.275390625,
      "temperature_start": 258140894.18884987,
      "temperature_end": 62204260.35150043,
      "temperature_interval": 169.0,
      "offset_increase_rate": 152475213.30332282
    },
    "507812500": {
      "rate": 0.26953125,
      "temperature_start": 258330301.14068145,
      "temperature_end": 62249901.78069411,
      "temperature_interval": 169.0,
      "offset_increase_rate": 152587089.67018986
    },
    "515625000": {
      "rate": 0.296875,
      "temperature_start": 259652710.41665065,
      "temperature_end": 62568562.99534634,
      "temperature_interval": 169.0,
      "offset_increase_rate": 153368192.70720106
    },
    "531250000": {
      "rate": 0.3095703125,
      "temperature_start": 261895188.57865828,
      "temperature_end": 63108933.38439453,
      "temperature_interval": 169.0,
      "offset_increase_rate": 154692749.73701447
    },