{
  "P": 18,
  "N": 226,
  "values": [
    109,
    263,
    167,
    181,
    253,
    259,
    246,
    136,
    153,
    207,
    282,
    147,
    116,
    125,
    294,
    262,
    161,
    296,
    188,
    154,
    275,
    211,
    149,
    142,
    296,
    149,
    264,
    205,
    218,
    234,
    124,
    220,
    270,
    172,
    133,
    103,
    129,
    214,
    112,
    180,
    298,
    158,
    151,
    256,
    281,
    244,
    249,
    154,
    149,
    142,
    165,
    149,
    131,
    216,
    270,
    198,
    214,
    259,
    171,
    257,
    291,
    296,
    273,
    257,
    110,
    298,
    160,
    124,
    137,
    128,
    107,
    220,
    257,
    221,
    261,
    187,
    241,
    204,
    272,
    191,
    182,
    128,
    131,
    196,
    174,
    110,
    234,
    225,
    222,
    257,
    248,
    260,
    104,
    161,
    116,
    188,
    192,
    146,
    280,
    291,
    162,
    174,
    251,
    173,
    204,
    273,
    248,
    281,
    265,
    259,
    125,
    161,
    123,
    191,
    239,
    253,
    107,
    178,
    277,
    274,
    147,
    256,
    260,
    113,
    196,
    243,
    159,
    149,
    216,
    105,
    105,
    190,
    227,
    203,
    234,
    128,
    186,
    258,
    144,
    124,
    153,
    267,
    160,
    209,
    281,
    227,
    121,
    173,
    116,
    103,
    207,
    132,
    149,
    175,
    142,
    194,
    122,
    177,
    267,
    110,
    199,
    101,
    272,
    295,
    225,
    232,
    273,
    297,
    117,
    281,
    126,
    264,
    169,
    231,
    142,
    150,
    260,
    108,
    110,
    177,
    233,
    115,
    105,
    267,
    115,
    197,
    119,
    143,
    205,
    197,
    134,
    116,
    218,
    107,
    227,
    150,
    123,
    135,
    284,
    225,
    156,
    196,
    152,
    209,
    179,
    221,
    218,
    272,
    231,
    141,
    188,
    230,
    166,
    264,
    163,
    299,
    213,
    283,
    224,
    104,
    173,
    109,
    278,
    229,
    273,
    120
  ],
  "measurements": {
    "3906250": {
      "rate": 0.0,
      "temperature_start": 7135963.188286773,
      "temperature_end": 1970326.481200743,
      "temperature_interval": 406.0,
      "offset_increase_rate": 4841246.5833213385
    },
    "5859375": {
      "rate": 0.01171875,
      "temperature_start": 7465917.1880003745,
      "temperature_end": 2061430.8053207071,
      "temperature_interval": 406.0,
      "offset_increase_rate": 5065097.047739191
    },
    "6347656": {
      "rate": 0.1591796875,
      "temperature_start": 7517167.806327346,
      "temperature_end": 2075581.7261989566,
      "temperature_interval": 406.0,
      "offset_increase_rate": 5099866.969377214
    },
    "6469726": {
      "rate": 0.2431640625,
      "temperature_start": 7529224.810518976,
      "temperature_end": 2078910.812128339,
      "temperature_interval": 406.0,
      "offset_increase_rate": 5108046.794413817
    },
    "6473540": {
      "rate": 0.216796875,
      "temperature_start": 7533335.63450118,
      "temperature_end": 2080045.8607739073,
      "temperature_interval": 406.0,
      "offset_increase_rate": 5110835.697892347
    },
    "6475447": {
      "rate": 0.234375,
      "temperature_start": 7548506.512762913,
      "temperature_end": 2084234.7253172712,
      "temperature_interval": 406.0,
      "offset_increase_rate": 5121128.066366326
    },
    "6475924": {
      "rate": 0.2197265625,
      "temperature_start": 7541323.142442167,
      "temperature_end": 2082251.3091485235,
      "temperature_interval": 406.0,
      "offset_increase_rate": 5116254.657394834
    },
    "6476162": {
      "rate": 0.2490234375,
      "temperature_start": 7506300.886259793,
      "temperature_end": 2072581.2370129502,
      "temperature_interval": 406.0,
      "offset_increase_rate": 5092494.53229197
    },
    "6476221": {
      "rate": 0.2373046875,
      "temperature_start": 7540059.5618639365,
      "temperature_end": 2081902.419137641,
      "temperature_interval": 406.0,
      "offset_increase_rate": 5115397.407294784
    },
    "6476281": {
      "rate": 0.251953125,
      "temperature_start": 7526336.473922076,
      "temperature_end": 2078113.3071618285,
      "temperature_interval": 406.0,
      "offset_increase_rate": 5106087.2622088045
    },
    "6476401": {
      "rate": 0.2568359375,
      "temperature_start": 7511728.517966911,
      "temperature_end": 2074079.8723338689,
      "temperature_interval": 406.0,
      "offset_increase_rate": 5096176.796726958
    },
    "6477355": {
      "rate": 0.2587890625,
      "temperature_start": 7523980.674356616,
      "temperature_end": 2077462.8421656182,
      "temperature_interval": 406.0,
      "offset_increase_rate": 5104489.0187346805
    },
    "6484984": {
      "rate": 0.255859375,
      "temperature_start": 7510771.962205423,
      "temperature_end": 2073815.7556199965,
      "temperature_interval": 406.0,
      "offset_increase_rate": 5095527.84126154
    },
    "6500243": {
      "rate": 0.2646484375,
      "temperature_start": 7547916.166826833,
      "temperature_end": 2084071.723603244,
      "temperature_interval": 406.0,
      "offset_increase_rate": 5120727.558380142
    },
    "6530761": {
      "rate": 0.30859375,
      "temperature_start": 7546495.159540692,
      "temperature_end": 2083679.366158007,
      "temperature_interval": 406.0,
      "offset_increase_rate": 5119763.505387241
    },
    "6591796": {
      "rate": 0.3740234375,
      "temperature_start": 7544543.228970389,
      "temperature_end": 2083140.4143177776,
      "temperature_interval": 406.0,
      "offset_increase_rate": 5118439.2584769055
    },
    "6713866": {
      "rate": 0.447265625,
      "temperature_start": 7581267.160201895,
      "temperature_end": 2093280.3396915528,
      "temperature_interval": 406.0,
      "offset_increase_rate": 5143353.849809507
    },
    "6744383": {
      "rate": 0.4970703125,
      "temperature_start": 7580741.5533218235,
      "temperature_end": 2093135.2132205795,
      "temperature_interval": 406.0,
      "offset_increase_rate": 5142997.262696432
    },
    "6759642": {
      "rate": 0.498046875,
      "temperature_start": 7587809.478943646,
      "temperature_end": 2095086.753699753,
      "temperature_interval": 406.0,
      "offset_increase_rate": 5147792.35060047
    },
    "6759701": {
      "rate": 0.515625,
      "temperature_start": 7585971.850985751,
      "temperature_end": 2094579.3622050807,
      "temperature_interval": 406.0,
      "offset_increase_rate": 5146545.649932623
    },
    "6759761": {
      "rate": 0.5390625,
      "temperature_start": 7572463.740148321,
      "temperature_end": 2090849.6080301052,
      "temperature_interval": 406.0,
      "offset_increase_rate": 5137381.351615308
    },
    "6759880": {
      "rate": 0.5185546875,
      "temperature_start": 7587122.874935605,
      "temperature_end": 2094897.1739578957,
      "temperature_interval": 406.0,
      "offset_increase_rate": 5147326.538316927
    },
    "6760118": {
      "rate": 0.5341796875,
      "temperature_start": 7566176.66495244,
      "temperature_end": 2089113.6698783953,
      "temperature_interval": 406.0,
      "offset_increase_rate": 5133116.0155270975
    },
    "6760595": {
      "rate": 0.533203125,
      "temperature_start": 7589182.635186111,
      "temperature_end": 2095465.8988881418,
      "temperature_interval": 406.0,
      "offset_increase_rate": 5148723.94004282
    },
    "6761549": {
      "rate": 0.537109375,
      "temperature_start": 7567420.234475976,
      "temperature_end": 2089457.0345929808,
      "temperature_interval": 406.0,
      "offset_increase_rate": 5133959.689541115
    },
    "6763456": {
      "rate": 0.55078125,
      "temperature_start": 7582304.022922248,
      "temperature_end": 2093566.6301363567,
      "temperature_interval": 406.0,
      "offset_increase_rate": 5144057.28786963
    },