{
  "P": 15,
  "N": 244,
  "values": [
    123,
    222,
    103,
    284,
    187,
    139,
    150,
    208,
    116,
    156,
    229,
    206,
    166,
    245,
    204,
    136,
    124,
    222,
    231,
    239,
    262,
    292,
    152,
    117,
    133,
    293,
    256,
    109,
    291,
    199,
    124,
    241,
    220,
    282,
    267,
    118,
    267,
    260,
    187,
    109,
    270,
    300,
    182,
    222,
    260,
    196,
    108,
    117,
    126,
    139,
    215,
    294,
    180,
    284,
    117,
    235,
    140,
    288,
    129,
    251,
    126,
    291,
    262,
    239,
    211,
    164,
    216,
    159,
    115,
    262,
    245,
    101,
    105,
    201,
    206,
    292,
    116,
    164,
    262,
    220,
    188,
    180,
    300,
    207,
    237,
    153,
    120,
    262,
    193,
    286,
    209,
    266,
    278,
    144,
    121,
    182,
    102,
    202,
    162,
    116,
    268,
    193,
    153,
    278,
    220,
    217,
    155,
    256,
    179,
    263,
    199,
    234,
    149,
    284,
    167,
    137,
    277,
    223,
    258,
    290,
    284,
    134,
    293,
    267,
    225,
    114,
    172,
    104,
    172,
    281,
    254,
    140,
    260,
    147,
    265,
    252,
    183,
    293,
    228,
    170,
    215,
    110,
    257,
    278,
    181,
    139,
    256,
    297,
    264,
    284,
    254,
    296,
    159,
    248,
    104,
    225,
    126,
    130,
    144,
    102,
    218,
    254,
    226,
    283,
    210,
    109,
    264,
    248,
    222,
    166,
    205,
    199,
    245,
    227,
    149,
    172,
    182,
    163,
    219,
    115,
    159,
    183,
    180,
    164,
    199,
    163,
    125,
    249,
    161,
    188,
    210,
    109,
    118,
    249,
    289,
    255,
    124,
    160,
    224,
    137,
    247,
    125,
    156,
    245,
    169,
    202,
    163,
    107,
    286,
    251,
    247,
    123,
    111,
    198,
    245,
    223,
    204,
    207,
    168,
    242,
    150,
    179,
    213,
    111,
    263,
    269,
    210,
    194,
    113,
    134,
    296,
    281,
    270,
    232,
    156,
    121,
    121,
    107,
    111,
    104,
    250,
    104,
    156,
    243
  ],
  "measurements": {
    "3906250": {
      "rate": 0.0,
      "temperature_start": 7422361.537256271,
      "temperature_end": 2019005.950556531,
      "temperature_interval": 366.0,
      "offset_increase_rate": 4957148.741620563
    },
    "5859375": {
      "rate": 0.0009765625,
      "temperature_start": 7680616.982521189,
      "temperature_end": 2089255.7326691719,
      "temperature_interval": 366.0,
      "offset_increase_rate": 5129628.975719331
    },
    "6835937": {
      "rate": 0.154296875,
      "temperature_start": 7837976.802350087,
      "temperature_end": 2132060.2243418437,
      "temperature_interval": 366.0,
      "offset_increase_rate": 5234724.372774702
    },
    "6896972": {
      "rate": 0.2138671875,
      "temperature_start": 7848729.811094375,
      "temperature_end": 2134985.221801497,
      "temperature_interval": 366.0,
      "offset_increase_rate": 5241905.950160527
    },
    "6927489": {
      "rate": 0.2490234375,
      "temperature_start": 7825212.6537595475,
      "temperature_end": 2128588.1633503754,
      "temperature_interval": 366.0,
      "offset_increase_rate": 5226199.621884322
    },
    "6935118": {
      "rate": 0.232421875,
      "temperature_start": 7848332.386909081,
      "temperature_end": 2134877.115804373,
      "temperature_interval": 366.0,
      "offset_increase_rate": 5241640.523747366
    },
    "6936071": {
      "rate": 0.248046875,
      "temperature_start": 7845231.496037812,
      "temperature_end": 2134033.621844978,
      "temperature_interval": 366.0,
      "offset_increase_rate": 5239569.541728604
    },
    "6936548": {
      "rate": 0.2373046875,
      "temperature_start": 7841673.565444717,
      "temperature_end": 2133065.805469682,
      "temperature_interval": 366.0,
      "offset_increase_rate": 5237193.318059922
    },
    "6936786": {
      "rate": 0.220703125,
      "temperature_start": 7860553.916250618,
      "temperature_end": 2138201.575323302,
      "temperature_interval": 366.0,
      "offset_increase_rate": 5249802.877264097
    },
    "6936905": {
      "rate": 0.248046875,
      "temperature_start": 7852545.335993942,
      "temperature_end": 2136023.108118144,
      "temperature_interval": 366.0,
      "offset_increase_rate": 5244454.212510666
    },
    "6936965": {
      "rate": 0.2802734375,
      "temperature_start": 7834481.775705127,
      "temperature_end": 2131109.5188880465,
      "temperature_interval": 366.0,
      "offset_increase_rate": 5232390.1605636645
    },
    "6937025": {
      "rate": 0.2607421875,
      "temperature_start": 7850135.104624325,
      "temperature_end": 2135367.4850454805,
      "temperature_interval": 366.0,
      "offset_increase_rate": 5242844.499033232
    },
    "6938933": {
      "rate": 0.2802734375,
      "temperature_start": 7816257.011391373,
      "temperature_end": 2126152.079478464,
      "temperature_interval": 366.0,
      "offset_increase_rate": 5220218.445802698
    },
    "6942748": {
      "rate": 0.267578125,
      "temperature_start": 7843556.950822184,
      "temperature_end": 2133578.117658358,
      "temperature_interval": 366.0,
      "offset_increase_rate": 5238451.168598061
    },
    "6958007": {
      "rate": 0.2763671875,
      "temperature_start": 7840930.494927451,
      "temperature_end": 2132863.677913848,
      "temperature_interval": 366.0,
      "offset_increase_rate": 5236697.045942064
    },
    "7080077": {
      "rate": 0.37890625,
      "temperature_start": 7852900.120555272,
      "temperature_end": 2136119.615427428,
      "temperature_interval": 366.0,
      "offset_increase_rate": 5244691.161335231
    },
    "7141112": {
      "rate": 0.4384765625,
      "temperature_start": 7879188.557869239,
      "temperature_end": 2143270.5081859273,
      "temperature_interval": 366.0,
      "offset_increase_rate": 5262248.335463166
    },
    "7171629": {
      "rate": 0.4970703125,
      "temperature_start": 7852239.312762704,
      "temperature_end": 2135939.8647027197,
      "temperature_interval": 366.0,
      "offset_increase_rate": 5244249.829758894
    },
    "7179258": {
      "rate": 0.4921875,
      "temperature_start": 7857864.511199623,
      "temperature_end": 2137470.0123599297,
      "temperature_interval": 366.0,
      "offset_increase_rate": 5248006.712957451
    },
    "7181165": {
      "rate": 0.4677734375,
      "temperature_start": 7884327.697084552,
      "temperature_end": 2144668.4396400033,
      "temperature_interval": 366.0,
      "offset_increase_rate": 5265680.595851768
    },
    "7181403": {
      "rate": 0.4892578125,
      "temperature_start": 7893228.4664322445,
      "temperature_end": 2147089.597136485,
      "temperature_interval": 366.0,
      "offset_increase_rate": 5271625.124065585
    },
    "7181522": {
      "rate": 0.4462890625,
      "temperature_start": 7897802.8144057235,
      "temperature_end": 2148333.895966717,
      "temperature_interval": 366.0,
      "offset_increase_rate": 5274680.179142954
    },
    "7181582": {
      "rate": 0.484375,
      "temperature_start": 7876351.2589326035,
      "temperature_end": 2142498.715622628,
      "temperature_interval": 366.0,
      "offset_increase_rate": 5260353.397742504
    },
    "7181642": {
      "rate": 0.5009765625,
      "temperature_start": 7860248.039155187,
      "temperature_end": 2138118.3716592505,
      "temperature_interval": 366.0,
      "offset_increase_rate": 5249598.592111576
    },
    "7182119": {
      "rate": 0.537109375,
      "temperature_start": 7858905.871699147,
      "temperature_end": 2137753.279758676,
      "temperature_interval": 366.0,
      "offset_increase_rate": 5248702.203046943
    },
    "7183073": {
      "rate": 0.521484375,