{
  "P": 8,
  "N": 246,
  "values": [
    236,
    124,
    161,
    104,
    162,
    103,
    113,
    222,
    218,
    237,
    164,
    150,
    104,
    231,
    260,
    263,
    172,
    216,
    195,
    213,
    196,
    283,
    266,
    197,
    204,
    252,
    186,
    133,
    214,
    230,
    239,
    133,
    264,
    171,
    255,
    142,
    245,
    104,
    195,
    209,
    237,
    139,
    272,
    175,
    198,
    265,
    296,
    115,
    270,
    146,
    254,
    252,
    245,
    286,
    255,
    143,
    182,
    191,
    209,
    217,
    257,
    231,
    244,
    196,
    250,
    183,
    123,
    112,
    179,
    228,
    176,
    111,
    253,
    117,
    300,
    259,
    169,
    124,
    217,
    218,
    225,
    154,
    179,
    106,
    232,
    299,
    257,
    138,
    294,
    253,
    213,
    240,
    216,
    251,
    152,
    182,
    122,
    222,
    124,
    114,
    191,
    188,
    126,
    236,
    139,
    103,
    176,
    183,
    254,
    242,
    290,
    255,
    185,
    206,
    247,
    261,
    138,
    142,
    264,
    257,
    235,
    287,
    136,
    277,
    263,
    141,
    130,
    293,
    143,
    263,
    143,
    163,
    171,
    272,
    174,
    221,
    158,
    218,
    112,
    223,
    274,
    106,
    147,
    110,
    223,
    261,
    139,
    204,
    281,
    166,
    297,
    293,
    291,
    159,
    209,
    271,
    134,
    295,
    290,
    185,
    289,
    150,
    147,
    256,
    241,
    236,
    151,
    237,
    250,
    213,
    141,
    285,
    217,
    190,
    176,
    215,
    165,
    221,
    236,
    284,
    287,
    119,
    286,
    212,
    238,
    300,
    172,
    267,
    195,
    160,
    262,
    143,
    257,
    130,
    100,
    288,
    156,
    175,
    201,
    182,
    287,
    118,
    265,
    179,
    255,
    125,
    111,
    299,
    202,
    249,
    196,
    197,
    101,
    220,
    144,
    119,
    284,
    284,
    197,
    299,
    264,
    130,
    277,
    205,
    300,
    245,
    217,
    213,
    101,
    182,
    232,
    262,
    275,
    194,
    123,
    244,
    119,
    285,
    110,
    188,
    183,
    173,
    210,
    298,
    112,
    195
  ],
  "measurements": {
    "3906250": {
      "rate": 0.0,
      "temperature_start": 8105430.782113975,
      "temperature_end": 2004002.937582094,
      "temperature_interval": 196.0,
      "offset_increase_rate": 4910888.60378557
    },
    "5859375": {
      "rate": 0.001953125,
      "temperature_start": 8373117.424422919,
      "temperature_end": 2070186.3190653299,
      "temperature_interval": 196.0,
      "offset_increase_rate": 5073073.602515243
    },
    "6835937": {
      "rate": 0.21484375,
      "temperature_start": 8547417.830175351,
      "temperature_end": 2113280.7004176956,
      "temperature_interval": 196.0,
      "offset_increase_rate": 5178678.091561483
    },
    "6851195": {
      "rate": 0.2255859375,
      "temperature_start": 8530281.436161615,
      "temperature_end": 2109043.864046349,
      "temperature_interval": 196.0,
      "offset_increase_rate": 5168295.556155996
    },
    "6858824": {
      "rate": 0.24609375,
      "temperature_start": 8519486.91415228,
      "temperature_end": 2106375.0048088813,
      "temperature_interval": 196.0,
      "offset_increase_rate": 5161755.410845529
    },
    "6862639": {
      "rate": 0.2373046875,
      "temperature_start": 8522001.876828643,
      "temperature_end": 2106996.8092171624,
      "temperature_interval": 196.0,
      "offset_increase_rate": 5163279.167185975
    },
    "6864546": {
      "rate": 0.197265625,
      "temperature_start": 8560791.229493942,
      "temperature_end": 2116587.16644527,
      "temperature_interval": 196.0,
      "offset_increase_rate": 5186780.717575204
    },
    "6865500": {
      "rate": 0.2294921875,
      "temperature_start": 8530814.979326494,
      "temperature_end": 2109175.7783268467,
      "temperature_interval": 196.0,
      "offset_increase_rate": 5168618.817327236
    },
    "6865977": {
      "rate": 0.20703125,
      "temperature_start": 8562071.765804477,
      "temperature_end": 2116903.7688069427,
      "temperature_interval": 196.0,
      "offset_increase_rate": 5187556.564207317
    },
    "6866215": {
      "rate": 0.2265625,
      "temperature_start": 8548938.616748948,
      "temperature_end": 2113656.702735505,
      "temperature_interval": 196.0,
      "offset_increase_rate": 5179599.500139736
    },
    "6866334": {
      "rate": 0.2421875,
      "temperature_start": 8510035.366057454,
      "temperature_end": 2104038.1851313235,
      "temperature_interval": 196.0,
      "offset_increase_rate": 5156028.9416331295
    },
    "6866394": {
      "rate": 0.251953125,
      "temperature_start": 8547002.92753319,
      "temperature_end": 2113178.119057611,
      "temperature_interval": 196.0,
      "offset_increase_rate": 5178426.711873984
    },
    "6866454": {
      "rate": 0.275390625,
      "temperature_start": 8495238.156233257,
      "temperature_end": 2100379.693343182,
      "temperature_interval": 196.0,
      "offset_increase_rate": 5147063.662544716
    },
    "6896972": {
      "rate": 0.2685546875,
      "temperature_start": 8546828.817686971,
      "temperature_end": 2113135.0717905797,
      "temperature_interval": 196.0,
      "offset_increase_rate": 5178321.222840448
    },
    "6958007": {
      "rate": 0.3056640625,
      "temperature_start": 8534687.200990852,
      "temperature_end": 2110133.1541652125,
      "temperature_interval": 196.0,
      "offset_increase_rate": 5170964.9047535565
    },
    "7080077": {
      "rate": 0.3818359375,
      "temperature_start": 8574139.062542897,
      "temperature_end": 2119887.311417143,
      "temperature_interval": 196.0,
      "offset_increase_rate": 5194867.8535914635
    },
    "7141112": {
      "rate": 0.4521484375,
      "temperature_start": 8570832.324644338,
      "temperature_end": 2119069.746917407,
      "temperature_interval": 196.0,
      "offset_increase_rate": 5192864.379390243
    },
    "7171629": {
      "rate": 0.490234375,
      "temperature_start": 8567640.853850685,
      "temperature_end": 2118280.6812875085,
      "temperature_interval": 196.0,
      "offset_increase_rate": 5190930.742798781
    },
    "7186888": {
      "rate": 0.474609375,
      "temperature_start": 8575826.22981849,
      "temperature_end": 2120304.450032889,
      "temperature_interval": 196.0,
      "offset_increase_rate": 5195890.068297764
    },
    "7194517": {
      "rate": 0.4658203125,
      "temperature_start": 8620002.530014334,
      "temperature_end": 2131226.686955736,
      "temperature_interval": 196.0,
      "offset_increase_rate": 5222655.44265244
    },
    "7198332": {
      "rate": 0.4853515625,
      "temperature_start": 8593832.061482184,
      "temperature_end": 2124756.2479098486,
      "temperature_interval": 196.0,
      "offset_increase_rate": 5206799.375390244
    },
    "7200239": {
      "rate": 0.4697265625,
      "temperature_start": 8604016.20046858,
      "temperature_end": 2127274.1948264414,
      "temperature_interval": 196.0,
      "offset_increase_rate": 5212969.70407876
    },
    "7201193": {
      "rate": 0.4990234375,
      "temperature_start": 8570635.5293889,
      "temperature_end": 2119021.0908643734,
      "temperature_interval": 196.0,
      "offset_increase_rate": 5192745.14580437
    },
    "7201670": {
      "rate": 0.490234375,
      "temperature_start": 8584149.402050389,
      "temperature_end": 2122362.287802541,
      "temperature_interval": 196.0,
      "offset_increase_rate": 5200932.881290651
    },
    "7201908": {
      "rate": 0.4697265625,
      "temperature_start": 8598982.922533106,
      "temperature_end": 2126029.757110606,
      "temperature_interval": 196.0,
      "offset_increase_rate": 5209920.160147358
    },
    "7202027": {
      "rate": 0.4326171875,