{
  "P": 15,
  "N": 244,
  "values": [
    139,
    234,
    231,
    175,
    179,
    278,
    206,
    128,
    235,
    175,
    268,
    142,
    282,
    156,
    291,
    198,
    185,
    293,
    115,
    299,
    263,
    139,
    150,
    238,
    285,
    255,
    205,
    187,
    245,
    114,
    162,
    241,
    151,
    263,
    294,
    277,
    166,
    239,
    217,
    166,
    193,
    131,
    255,
    245,
    135,
    138,
    173,
    222,
    276,
    161,
    156,
    149,
    273,
    214,
    267,
    194,
    110,
    287,
    268,
    117,
    186,
    285,
    230,
    201,
    166,
    111,
    229,
    153,
    257,
    177,
    156,
    165,
    262,
    249,
    115,
    152,
    223,
    199,
    153,
    275,
    258,
    205,
    160,
    171,
    279,
    109,
    101,
    197,
    273,
    132,
    163,
    193,
    154,
    199,
    263,
    116,
    299,
    255,
    131,
    249,
    228,
    252,
    170,
    298,
    144,
    239,
    229,
    211,
    208,
    255,
    125,
    136,
    232,
    158,
    247,
    111,
    235,
    289,
    120,
    100,
    147,
    112,
    100,
    120,
    180,
    250,
    158,
    148,
    150,
    173,
    126,
    252,
    136,
    105,
    225,
    146,
    175,
    249,
    192,
    119,
    233,
    273,
    300,
    234,
    252,
    274,
    142,
    109,
    195,
    207,
    139,
    173,
    110,
    154,
    194,
    256,
    215,
    263,
    241,
    173,
    127,
    145,
    188,
    171,
    107,
    299,
    115,
    173,
    222,
    145,
    213,
    177,
    277,
    179,
    185,
    279,
    169,
    107,
    245,
    295,
    225,
    257,
    205,
    300,
    259,
    190,
    205,
    282,
    205,
    280,
    256,
    171,
    121,
    271,
    246,
    120,
    151,
    134,
    104,
    243,
    146,
    270,
    203,
    300,
    181,
    258,
    122,
    248,
    120,
    271,
    190,
    198,
    229,
    176,
    256,
    132,
    112,
    165,
    192,
    276,
    142,
    224,
    207,
    235,
    117,
    224,
    269,
    103,
    112,
    107,
    284,
    197,
    133,
    223,
    276,
    176,
    195,
    134,
    199,
    183,
    115,
    205,
    148,
    200
  ],
  "measurements": {
    "3906250": {
      "rate": 0.0,
      "temperature_start": 7271503.546916168,
      "temperature_end": 1977970.064786642,
      "temperature_interval": 366.0,
      "offset_increase_rate": 4856395.700526545
    },
    "5859375": {
      "rate": 0.00390625,
      "temperature_start": 7537217.5974888895,
      "temperature_end": 2050248.7117590334,
      "temperature_interval": 366.0,
      "offset_increase_rate": 5033857.289377466
    },
    "6347656": {
      "rate": 0.0390625,
      "temperature_start": 7592537.633382392,
      "temperature_end": 2065296.682825028,
      "temperature_interval": 366.0,
      "offset_increase_rate": 5070803.70393022
    },
    "6591796": {
      "rate": 0.111328125,
      "temperature_start": 7647479.261172685,
      "temperature_end": 2080241.7205849201,
      "temperature_interval": 366.0,
      "offset_increase_rate": 5107497.392279428
    },
    "6713866": {
      "rate": 0.1650390625,
      "temperature_start": 7672453.415303113,
      "temperature_end": 2087035.1064293515,
      "temperature_interval": 366.0,
      "offset_increase_rate": 5124176.800322175
    },
    "6744383": {
      "rate": 0.2236328125,
      "temperature_start": 7674020.418077501,
      "temperature_end": 2087461.3572809366,
      "temperature_interval": 366.0,
      "offset_increase_rate": 5125223.3494281685
    },
    "6759642": {
      "rate": 0.2021484375,
      "temperature_start": 7674529.399454841,
      "temperature_end": 2087599.808692177,
      "temperature_interval": 366.0,
      "offset_increase_rate": 5125563.281184595
    },
    "6767271": {
      "rate": 0.220703125,
      "temperature_start": 7660918.956576646,
      "temperature_end": 2083897.5415602338,
      "temperature_interval": 366.0,
      "offset_increase_rate": 5116473.318448627
    },
    "6771086": {
      "rate": 0.2353515625,
      "temperature_start": 7646629.032447994,
      "temperature_end": 2080010.4442120474,
      "temperature_interval": 366.0,
      "offset_increase_rate": 5106929.552754024
    },
    "6772993": {
      "rate": 0.19921875,
      "temperature_start": 7669525.293489406,
      "temperature_end": 2086238.608530919,
      "temperature_interval": 366.0,
      "offset_increase_rate": 5122221.205018542
    },
    "6773470": {
      "rate": 0.2177734375,
      "temperature_start": 7673326.830341749,
      "temperature_end": 2087272.689865763,
      "temperature_interval": 366.0,
      "offset_increase_rate": 5124760.125216544
    },
    "6773708": {
      "rate": 0.20703125,
      "temperature_start": 7670726.22987747,
      "temperature_end": 2086565.2832289343,
      "temperature_interval": 366.0,
      "offset_increase_rate": 5123023.270543776
    },
    "6773827": {
      "rate": 0.1982421875,
      "temperature_start": 7698231.59607121,
      "temperature_end": 2094047.2009095335,
      "temperature_interval": 366.0,
      "offset_increase_rate": 5141393.191050977
    },
    "6773887": {
      "rate": 0.2333984375,
      "temperature_start": 7665297.722105116,
      "temperature_end": 2085088.638708183,
      "temperature_interval": 366.0,
      "offset_increase_rate": 5119397.750507124
    },
    "6773947": {
      "rate": 0.2529296875,
      "temperature_start": 7646669.177285999,
      "temperature_end": 2080021.3642765589,
      "temperature_interval": 366.0,
      "offset_increase_rate": 5106956.364157942
    },
    "6774901": {
      "rate": 0.2607421875,
      "temperature_start": 7655613.784263133,
      "temperature_end": 2082454.446338323,
      "temperature_interval": 366.0,
      "offset_increase_rate": 5112930.170068424
    },
    "6835937": {
      "rate": 0.279296875,
      "temperature_start": 7683012.683369627,
      "temperature_end": 2089907.4031980825,
      "temperature_interval": 366.0,
      "offset_increase_rate": 5131228.984744292
    },
    "7080077": {
      "rate": 0.4814453125,
      "temperature_start": 7723609.7012513615,
      "temperature_end": 2100950.468166913,
      "temperature_interval": 366.0,
      "offset_increase_rate": 5158342.384582853
    },
    "7083891": {
      "rate": 0.4892578125,
      "temperature_start": 7719881.644677729,
      "temperature_end": 2099936.3746916233,
      "temperature_interval": 366.0,
      "offset_increase_rate": 5155852.5394224
    },
    "7083950": {
      "rate": 0.54296875,
      "temperature_start": 7704637.071658293,
      "temperature_end": 2095789.5969463675,
      "temperature_interval": 366.0,
      "offset_increase_rate": 5145671.195441711
    },
    "7084010": {
      "rate": 0.5556640625,
      "temperature_start": 7694985.048922416,
      "temperature_end": 2093164.086016884,
      "temperature_interval": 366.0,
      "offset_increase_rate": 5139224.930042339
    },
    "7084129": {
      "rate": 0.5009765625,
      "temperature_start": 7701051.20813008,
      "temperature_end": 2094814.1823475226,
      "temperature_interval": 366.0,
      "offset_increase_rate": 5143276.316293441
    },
    "7084367": {
      "rate": 0.5107421875,
      "temperature_start": 7723521.71002901,
      "temperature_end": 2100926.5330890226,
      "temperature_interval": 366.0,
      "offset_increase_rate": 5158283.618168019
    },
    "7084844": {
      "rate": 0.5322265625,
      "temperature_start": 7707682.792042881,
      "temperature_end": 2096618.0836145729,
      "temperature_interval": 366.0,
      "offset_increase_rate": 5147705.330924874
    },
    "7085798": {
      "rate": 0.5205078125,
      "temperature_start": 7709854.282188637,
      "temperature_end": 2097208.765098336,
      "temperature_interval": 366.0,
      "offset_increase_rate": 5149155.597068531
    },
    "7087706": {
      "rate": 0.52734375,