{
  "P": 10,
  "N": 245,
  "values": [
    265,
    225,
    155,
    187,
    256,
    271,
    107,
    230,
    112,
    137,
    104,
    140,
    133,
    130,
    231,
    275,
    223,
    237,
    299,
    139,
    292,
    264,
    267,
    188,
    145,
    247,
    128,
    190,
    215,
    167,
    275,
    112,
    212,
    154,
    123,
    118,
    196,
    248,
    247,
    124,
    123,
    288,
    190,
    275,
    146,
    114,
    242,
    187,
    253,
    210,
    206,
    147,
    255,
    215,
    167,
    250,
    276,
    270,
    111,
    109,
    194,
    179,
    268,
    240,
    230,
    139,
    194,
    270,
    251,
    118,
    281,
    154,
    111,
    274,
    122,
    202,
    221,
    161,
    299,
    225,
    193,
    264,
    262,
    255,
    143,
    227,
    140,
    171,
    112,
    291,
    134,
    106,
    180,
    265,
    256,
    190,
    212,
    194,
    207,
    229,
    176,
    247,
    270,
    125,
    202,
    248,
    166,
    260,
    250,
    203,
    228,
    275,
    224,
    172,
    111,
    181,
    192,
    255,
    116,
    178,
    218,
    231,
    134,
    159,
    195,
    255,
    151,
    271,
    196,
    189,
    257,
    169,
    167,
    101,
    248,
    162,
    190,
    290,
    281,
    133,
    229,
    275,
    291,
    225,
    159,
    133,
    200,
    203,
    174,
    219,
    156,
    114,
    189,
    204,
    231,
    267,
    137,
    123,
    242,
    164,
    110,
    211,
    224,
    111,
    156,
    241,
    147,
    207,
    107,
    242,
    159,
    223,
    130,
    287,
    110,
    141,
    240,
    132,
    216,
    167,
    255,
    157,
    250,
    143,
    165,
    212,
    247,
    116,
    235,
    196,
    208,
    127,
    249,
    238,
    164,
    288,
    203,
    174,
    153,
    259,
    273,
    105,
    135,
    173,
    139,
    102,
    104,
    276,
    293,
    126,
    208,
    211,
    129,
    223,
    136,
    169,
    161,
    101,
    118,
    167,
    102,
    158,
    233,
    160,
    275,
    175,
    254,
    264,
    102,
    269,
    269,
    112,
    111,
    271,
    110,
    214,
    147,
    183,
    150,
    216,
    208,
    183,
    264,
    191,
    106
  ],
  "measurements": {
    "3906250": {
      "rate": 0.0,
      "temperature_start": 7269773.572373297,
      "temperature_end": 1862024.9368933935,
      "temperature_interval": 245.0,
      "offset_increase_rate": 4563675.501285715
    },
    "5859375": {
      "rate": 0.015625,
      "temperature_start": 7527238.797079596,
      "temperature_end": 1927970.1364258572,
      "temperature_interval": 245.0,
      "offset_increase_rate": 4725301.957285713
    },
    "6347656": {
      "rate": 0.1435546875,
      "temperature_start": 7632999.999390844,
      "temperature_end": 1955059.0125922,
      "temperature_interval": 245.0,
      "offset_increase_rate": 4791694.645196734
    },
    "6469726": {
      "rate": 0.2255859375,
      "temperature_start": 7647275.442652256,
      "temperature_end": 1958715.4168905362,
      "temperature_interval": 245.0,
      "offset_increase_rate": 4800656.202256735
    },
    "6484984": {
      "rate": 0.2431640625,
      "temperature_start": 7613899.368915335,
      "temperature_end": 1950166.7212571658,
      "temperature_interval": 245.0,
      "offset_increase_rate": 4779704.026989387
    },
    "6488798": {
      "rate": 0.240234375,
      "temperature_start": 7610273.687253358,
      "temperature_end": 1949238.0665197615,
      "temperature_interval": 245.0,
      "offset_increase_rate": 4777427.967850612
    },
    "6490705": {
      "rate": 0.248046875,
      "temperature_start": 7629989.155153209,
      "temperature_end": 1954287.8376724087,
      "temperature_interval": 245.0,
      "offset_increase_rate": 4789804.556606121
    },
    "6491659": {
      "rate": 0.244140625,
      "temperature_start": 7660112.341513899,
      "temperature_end": 1962003.3632831988,
      "temperature_interval": 245.0,
      "offset_increase_rate": 4808714.698200816
    },
    "6491718": {
      "rate": 0.228515625,
      "temperature_start": 7622098.893188752,
      "temperature_end": 1952266.8855216738,
      "temperature_interval": 245.0,
      "offset_increase_rate": 4784851.363103265
    },
    "6491778": {
      "rate": 0.2841796875,
      "temperature_start": 7603796.996963857,
      "temperature_end": 1947579.1759494394,
      "temperature_interval": 245.0,
      "offset_increase_rate": 4773362.158577551
    },
    "6491897": {
      "rate": 0.28125,
      "temperature_start": 7623248.616626034,
      "temperature_end": 1952561.3670057855,
      "temperature_interval": 245.0,
      "offset_increase_rate": 4785573.113874694
    },
    "6492136": {
      "rate": 0.2568359375,
      "temperature_start": 7660033.9428801825,
      "temperature_end": 1961983.2828488434,
      "temperature_interval": 245.0,
      "offset_increase_rate": 4808665.482648164
    },
    "6492613": {
      "rate": 0.26171875,
      "temperature_start": 7658460.048396641,
      "temperature_end": 1961580.1573942169,
      "temperature_interval": 245.0,
      "offset_increase_rate": 4807677.454118163
    },
    "6500243": {
      "rate": 0.2568359375,
      "temperature_start": 7629521.2058461495,
      "temperature_end": 1954167.9806685727,
      "temperature_interval": 245.0,
      "offset_increase_rate": 4789510.796591837
    },
    "6530761": {
      "rate": 0.2939453125,
      "temperature_start": 7626695.06477234,
      "temperature_end": 1953444.1142231845,
      "temperature_interval": 245.0,
      "offset_increase_rate": 4787736.657321429
    },
    "6591796": {
      "rate": 0.326171875,
      "temperature_start": 7668376.51300318,
      "temperature_end": 1964120.0857976768,
      "temperature_interval": 245.0,
      "offset_increase_rate": 4813902.617272654
    },
    "6713866": {
      "rate": 0.439453125,
      "temperature_start": 7683306.690490875,
      "temperature_end": 1967944.1887793688,
      "temperature_interval": 245.0,
      "offset_increase_rate": 4823275.190510612
    },
    "6744383": {
      "rate": 0.4306640625,
      "temperature_start": 7675831.402811583,
      "temperature_end": 1966029.5250101706,
      "temperature_interval": 245.0,
      "offset_increase_rate": 4818582.501404489
    },
    "6759642": {
      "rate": 0.4619140625,
      "temperature_start": 7685945.913945982,
      "temperature_end": 1968620.1795565942,
      "temperature_interval": 245.0,
      "offset_increase_rate": 4824931.990313877
    },
    "6767271": {
      "rate": 0.4619140625,
      "temperature_start": 7705424.440559043,
      "temperature_end": 1973609.2623562692,
      "temperature_interval": 245.0,
      "offset_increase_rate": 4837159.836727551
    },
    "6771086": {
      "rate": 0.4755859375,
      "temperature_start": 7696789.422920895,
      "temperature_end": 1971397.5541080441,
      "temperature_interval": 245.0,
      "offset_increase_rate": 4831739.115152653
    },
    "6772993": {
      "rate": 0.453125,
      "temperature_start": 7685321.763025495,
      "temperature_end": 1968460.3142503696,
      "temperature_interval": 245.0,
      "offset_increase_rate": 4824540.173122245
    },
    "6773947": {
      "rate": 0.4365234375,
      "temperature_start": 7703590.720163521,
      "temperature_end": 1973139.5870534887,
      "temperature_interval": 245.0,
      "offset_increase_rate": 4836008.699795714
    },
    "6774424": {
      "rate": 0.484375,
      "temperature_start": 7689313.032937398,
      "temperature_end": 1969482.6080029667,
      "temperature_interval": 245.0,
      "offset_increase_rate": 4827045.734063674
    },
    "6774662": {
      "rate": 0.470703125,
      "temperature_start": 7692781.528023746,
      "temperature_end": 1970371.0021571966,
      "temperature_interval": 245.0,
      "offset_increase_rate": 4829223.117704898
    },
    "6774781": {
      "rate": 0.48828125,