{
  "P": 6,
  "N": 241,
  "values": [
    179,
    177,
    204,
    154,
    270,
    243,
    270,
    158,
    234,
    245,
    155,
    105,
    127,
    247,
    198,
    171,
    176,
    247,
    208,
    231,
    294,
    204,
    123,
    195,
    187,
    293,
    280,
    153,
    258,
    155,
    287,
    151,
    121,
    123,
    250,
    287,
    131,
    247,
    151,
    124,
    253,
    210,
    282,
    105,
    218,
    211,
    195,
    134,
    165,
    159,
    288,
    241,
    238,
    107,
    239,
    168,
    221,
    288,
    210,
    136,
    216,
    113,
    173,
    107,
    118,
    129,
    181,
    275,
    174,
    143,
    262,
    191,
    204,
    209,
    232,
    271,
    173,
    295,
    120,
    196,
    151,
    227,
    126,
    248,
    280,
    182,
    210,
    121,
    140,
    190,
    285,
    246,
    229,
    200,
    228,
    261,
    236,
    153,
    235,
    299,
    192,
    280,
    211,
    173,
    109,
    178,
    228,
    209,
    252,
    146,
    240,
    109,
    244,
    266,
    134,
    232,
    223,
    269,
    168,
    202,
    134,
    222,
    224,
    192,
    157,
    110,
    195,
    145,
    136,
    189,
    144,
    116,
    287,
    264,
    111,
    106,
    226,
    243,
    277,
    158,
    186,
    108,
    222,
    192,
    121,
    199,
    219,
    238,
    111,
    193,
    102,
    174,
    140,
    203,
    273,
    156,
    129,
    170,
    236,
    224,
    281,
    122,
    136,
    255,
    193,
    122,
    128,
    276,
    139,
    246,
    195,
    184,
    143,
    300,
    189,
    104,
    189,
    243,
    119,
    227,
    236,
    102,
    269,
    155,
    218,
    269,
    103,
    191,
    186,
    214,
    271,
    218,
    126,
    111,
    291,
    242,
    235,
    246,
    136,
    244,
    219,
    122,
    255,
    118,
    170,
    294,
    130,
    204,
    107,
    283,
    113,
    189,
    268,
    103,
    206,
    113,
    169,
    114,
    214,
    208,
    196,
    207,
    292,
    136,
    220,
    116,
    188,
    116,
    255,
    226,
    265,
    123,
    106,
    233,
    286,
    131,
    276,
    156,
    164,
    244,
    226
  ],
  "measurements": {
    "3906250": {
      "rate": 0.0,
      "temperature_start": 7635008.444796504,
      "temperature_end": 1790190.6983245853,
      "temperature_interval": 144.0,
      "offset_increase_rate": 4390869.487119641
    },
    "5859375": {
      "rate": 0.0263671875,
      "temperature_start": 7897820.931822301,
      "temperature_end": 1851812.6956123263,
      "temperature_interval": 144.0,
      "offset_increase_rate": 4542012.12677213
    },
    "6347656": {
      "rate": 0.1318359375,
      "temperature_start": 8002530.6541707665,
      "temperature_end": 1876364.1250347951,
      "temperature_interval": 144.0,
      "offset_increase_rate": 4602230.3607385885
    },
    "6591796": {
      "rate": 0.23046875,
      "temperature_start": 8022184.348330945,
      "temperature_end": 1880972.3531366573,
      "temperature_interval": 144.0,
      "offset_increase_rate": 4613533.138806362
    },
    "6607054": {
      "rate": 0.23828125,
      "temperature_start": 8030874.578171985,
      "temperature_end": 1883009.9630149198,
      "temperature_interval": 144.0,
      "offset_increase_rate": 4618530.862819502
    },
    "6614683": {
      "rate": 0.240234375,
      "temperature_start": 8051000.899519843,
      "temperature_end": 1887729.0086491103,
      "temperature_interval": 144.0,
      "offset_increase_rate": 4630105.447305325
    },
    "6615159": {
      "rate": 0.2470703125,
      "temperature_start": 8024205.596001832,
      "temperature_end": 1881446.277796413,
      "temperature_interval": 144.0,
      "offset_increase_rate": 4614695.552022822
    },
    "6615397": {
      "rate": 0.2421875,
      "temperature_start": 8039876.728050248,
      "temperature_end": 1885120.7092038086,
      "temperature_interval": 144.0,
      "offset_increase_rate": 4623707.971070886
    },
    "6615516": {
      "rate": 0.2470703125,
      "temperature_start": 8030561.286405439,
      "temperature_end": 1882936.5050730733,
      "temperature_interval": 144.0,
      "offset_increase_rate": 4618350.689704011
    },
    "6615576": {
      "rate": 0.2451171875,
      "temperature_start": 8037699.746489892,
      "temperature_end": 1884610.2694095434,
      "temperature_interval": 144.0,
      "offset_increase_rate": 4622455.995781466
    },
    "6615636": {
      "rate": 0.2646484375,
      "temperature_start": 8056702.592197875,
      "temperature_end": 1889065.8921994977,
      "temperature_interval": 144.0,
      "offset_increase_rate": 4633384.472939143
    },
    "6616590": {
      "rate": 0.2509765625,
      "temperature_start": 8042218.10175091,
      "temperature_end": 1885669.694244301,
      "temperature_interval": 144.0,
      "offset_increase_rate": 4625054.487766251
    },
    "6618498": {
      "rate": 0.2685546875,
      "temperature_start": 8051269.1960772965,
      "temperature_end": 1887791.9165037668,
      "temperature_interval": 144.0,
      "offset_increase_rate": 4630259.743816735
    },
    "6622313": {
      "rate": 0.2783203125,
      "temperature_start": 8006985.136659227,
      "temperature_end": 1877408.573534669,
      "temperature_interval": 144.0,
      "offset_increase_rate": 4604792.119691563
    },
    "6652831": {
      "rate": 0.2822265625,
      "temperature_start": 8046335.129686374,
      "temperature_end": 1886635.0193212933,
      "temperature_interval": 144.0,
      "offset_increase_rate": 4627422.177660788
    },
    "6713866": {
      "rate": 0.2763671875,
      "temperature_start": 8081484.723642178,
      "temperature_end": 1894876.591888571,
      "temperature_interval": 144.0,
      "offset_increase_rate": 4647636.5992558785
    },
    "6835937": {
      "rate": 0.3671875,
      "temperature_start": 8061725.509265153,
      "temperature_end": 1890243.6223195512,
      "temperature_interval": 144.0,
      "offset_increase_rate": 4636273.136841287
    },
    "7080077": {
      "rate": 0.484375,
      "temperature_start": 8106356.751552731,
      "temperature_end": 1900708.3697229866,
      "temperature_interval": 144.0,
      "offset_increase_rate": 4661940.424749309
    },
    "7095335": {
      "rate": 0.4892578125,
      "temperature_start": 8130688.169742018,
      "temperature_end": 1906413.390068995,
      "temperature_interval": 144.0,
      "offset_increase_rate": 4675933.347282158
    },
    "7102964": {
      "rate": 0.486328125,
      "temperature_start": 8132876.2144977255,
      "temperature_end": 1906926.4238655525,
      "temperature_interval": 144.0,
      "offset_increase_rate": 4677191.684980636
    },
    "7103917": {
      "rate": 0.498046875,
      "temperature_start": 8105740.111888864,
      "temperature_end": 1900563.785391685,
      "temperature_interval": 144.0,
      "offset_increase_rate": 4661585.797206432
    },
    "7104155": {
      "rate": 0.4912109375,
      "temperature_start": 8118536.425498012,
      "temperature_end": 1903564.1542533007,
      "temperature_interval": 144.0,
      "offset_increase_rate": 4668944.917157676
    },
    "7104214": {
      "rate": 0.5029296875,
      "temperature_start": 8109155.68809289,
      "temperature_end": 1901364.6401378294,
      "temperature_interval": 144.0,
      "offset_increase_rate": 4663550.084403181
    },
    "7104274": {
      "rate": 0.5166015625,
      "temperature_start": 8108979.807216441,
      "temperature_end": 1901323.4011121874,
      "temperature_interval": 144.0,
      "offset_increase_rate": 4663448.935860995
    },
    "7104394": {
      "rate": 0.533203125,
      "temperature_start": 8109586.5973448185,
      "temperature_end": 1901465.6760096562,
      "temperature_interval": 144.0,
      "offset_increase_rate": 4663797.898966805
    },
    "7104871": {
      "rate": 0.5224609375,
      "temperature_start": 8103422.6252077725,