{
  "P": 14,
  "N": 235,
  "values": [
    100,
    193,
    250,
    263,
    118,
    239,
    246,
    108,
    220,
    207,
    155,
    145,
    287,
    104,
    129,
    177,
    118,
    181,
    136,
    153,
    115,
    292,
    102,
    176,
    262,
    136,
    194,
    126,
    265,
    251,
    161,
    168,
    195,
    144,
    104,
    198,
    158,
    213,
    175,
    251,
    113,
    145,
    150,
    220,
    237,
    154,
    281,
    142,
    263,
    259,
    272,
    228,
    277,
    287,
    267,
    138,
    266,
    247,
    247,
    287,
    260,
    244,
    149,
    198,
    200,
    242,
    287,
    138,
    136,
    175,
    244,
    184,
    143,
    203,
    235,
    134,
    238,
    238,
    156,
    159,
    211,
    220,
    277,
    237,
    224,
    111,
    196,
    276,
    270,
    177,
    184,
    262,
    283,
    128,
    177,
    186,
    252,
    100,
    123,
    194,
    245,
    217,
    244,
    124,
    110,
    226,
    184,
    288,
    299,
    137,
    209,
    173,
    127,
    178,
    258,
    145,
    286,
    260,
    205,
    137,
    208,
    162,
    180,
    219,
    197,
    214,
    122,
    159,
    198,
    293,
    162,
    149,
    173,
    117,
    274,
    188,
    261,
    211,
    175,
    129,
    215,
    267,
    276,
    255,
    175,
    167,
    277,
    219,
    160,
    103,
    131,
    235,
    234,
    143,
    239,
    180,
    175,
    117,
    259,
    248,
    181,
    236,
    166,
    199,
    295,
    174,
    276,
    294,
    300,
    294,
    199,
    186,
    236,
    269,
    271,
    203,
    145,
    192,
    279,
    152,
    122,
    200,
    275,
    177,
    225,
    295,
    218,
    256,
    170,
    192,
    220,
    120,
    249,
    194,
    290,
    170,
    131,
    247,
    262,
    216,
    266,
    120,
    225,
    224,
    159,
    104,
    107,
    285,
    172,
    234,
    179,
    241,
    224,
    121,
    289,
    228,
    148,
    280,
    222,
    300,
    270,
    133,
    166,
    223,
    293,
    177,
    207,
    212,
    189,
    258,
    112,
    277,
    179,
    108,
    256
  ],
  "measurements": {
    "3906250": {
      "rate": 0.0,
      "temperature_start": 7720681.163185297,
      "temperature_end": 2067984.8022465985,
      "temperature_interval": 329.0,
      "offset_increase_rate": 5074157.515425531
    },
    "5859375": {
      "rate": 0.0,
      "temperature_start": 7911414.938563336,
      "temperature_end": 2119072.852694491,
      "temperature_interval": 329.0,
      "offset_increase_rate": 5199510.861759119
    },
    "6835937": {
      "rate": 0.1748046875,
      "temperature_start": 8094665.4224702325,
      "temperature_end": 2168156.503179994,
      "temperature_interval": 329.0,
      "offset_increase_rate": 5319946.066952583
    },
    "6896972": {
      "rate": 0.2275390625,
      "temperature_start": 8097328.169497747,
      "temperature_end": 2168869.7200929504,
      "temperature_interval": 329.0,
      "offset_increase_rate": 5321696.067704559
    },
    "6912230": {
      "rate": 0.2490234375,
      "temperature_start": 8087796.742008951,
      "temperature_end": 2166316.7268046727,
      "temperature_interval": 329.0,
      "offset_increase_rate": 5315431.85818693
    },
    "6919859": {
      "rate": 0.24609375,
      "temperature_start": 8082858.215264261,
      "temperature_end": 2164993.942190511,
      "temperature_interval": 329.0,
      "offset_increase_rate": 5312186.177907295
    },
    "6921766": {
      "rate": 0.244140625,
      "temperature_start": 8115437.580694098,
      "temperature_end": 2173720.326709147,
      "temperature_interval": 329.0,
      "offset_increase_rate": 5333597.867944681
    },
    "6921825": {
      "rate": 0.22265625,
      "temperature_start": 8125045.890269829,
      "temperature_end": 2176293.9128679223,
      "temperature_interval": 329.0,
      "offset_increase_rate": 5339912.605623101
    },
    "6921885": {
      "rate": 0.25390625,
      "temperature_start": 8084887.3025750425,
      "temperature_end": 2165537.4333193945,
      "temperature_interval": 329.0,
      "offset_increase_rate": 5313519.727164134
    },
    "6922004": {
      "rate": 0.2685546875,
      "temperature_start": 8075195.004055869,
      "temperature_end": 2162941.350718281,
      "temperature_interval": 329.0,
      "offset_increase_rate": 5307149.790582979
    },
    "6922243": {
      "rate": 0.251953125,
      "temperature_start": 8113067.562598963,
      "temperature_end": 2173085.5172541,
      "temperature_interval": 329.0,
      "offset_increase_rate": 5332040.253418845
    },
    "6922720": {
      "rate": 0.27734375,
      "temperature_start": 8073070.962980384,
      "temperature_end": 2162372.426219185,
      "temperature_interval": 329.0,
      "offset_increase_rate": 5305753.836164134
    },
    "6923674": {
      "rate": 0.263671875,
      "temperature_start": 8097545.153430723,
      "temperature_end": 2168927.83924931,
      "temperature_interval": 329.0,
      "offset_increase_rate": 5321838.673082371
    },
    "6927489": {
      "rate": 0.2724609375,
      "temperature_start": 8078429.9389883485,
      "temperature_end": 2163807.8281877204,
      "temperature_interval": 329.0,
      "offset_increase_rate": 5309275.842553344
    },
    "6958007": {
      "rate": 0.2978515625,
      "temperature_start": 8097362.810763528,
      "temperature_end": 2168878.998757573,
      "temperature_interval": 329.0,
      "offset_increase_rate": 5321718.834509119
    },
    "7080077": {
      "rate": 0.3642578125,
      "temperature_start": 8142755.628071975,
      "temperature_end": 2181037.466947223,
      "temperature_interval": 329.0,
      "offset_increase_rate": 5351551.733993465
    },
    "7202147": {
      "rate": 0.4853515625,
      "temperature_start": 8172347.7477616435,
      "temperature_end": 2188963.717557895,
      "temperature_interval": 329.0,
      "offset_increase_rate": 5371000.157435259
    },
    "7204054": {
      "rate": 0.4736328125,
      "temperature_start": 8154976.964819219,
      "temperature_end": 2184310.9525532536,
      "temperature_interval": 329.0,
      "offset_increase_rate": 5359583.795724012
    },
    "7204530": {
      "rate": 0.48828125,
      "temperature_start": 8162905.975449808,
      "temperature_end": 2186434.7384128612,
      "temperature_interval": 329.0,
      "offset_increase_rate": 5364794.870761398
    },
    "7204589": {
      "rate": 0.494140625,
      "temperature_start": 8151927.189823484,
      "temperature_end": 2183494.0701813297,
      "temperature_interval": 329.0,
      "offset_increase_rate": 5357579.433882371
    },
    "7204649": {
      "rate": 0.521484375,
      "temperature_start": 8106243.998712135,
      "temperature_end": 2171257.825355307,
      "temperature_interval": 329.0,
      "offset_increase_rate": 5327555.696001368
    },
    "7204768": {
      "rate": 0.533203125,
      "temperature_start": 8131139.970161273,
      "temperature_end": 2177926.2124452284,
      "temperature_interval": 329.0,
      "offset_increase_rate": 5343917.734267477
    },
    "7205007": {
      "rate": 0.5224609375,
      "temperature_start": 8146623.603700406,
      "temperature_end": 2182073.504395991,
      "temperature_interval": 329.0,
      "offset_increase_rate": 5354093.830628419
    },
    "7205961": {
      "rate": 0.5390625,
      "temperature_start": 8134124.584044568,
      "temperature_end": 2178725.641410209,
      "temperature_interval": 329.0,
      "offset_increase_rate": 5345879.27116383
    },
    "7209776": {
      "rate": 0.533203125,
      "temperature_start": 8159959.080074405,
      "temperature_end": 2185645.412351943,
      "temperature_interval": 329.0,
      "offset_increase_rate": 5362858.123083282
    },
    "7217405": {
      "rate": 0.541015625,
      "temperature_start": 8145973.896198813,
      "temperature_end": 2181899.4802120104,
      "temperature_interval": 329.0,