problem_type,M_strategy,n_bits,layers,vseed,eta_req,eta_eff,d_eta,M_star,s_conv,norm_final,gap_pen,beta_pred,beta_fit,beta_ratio,se_beta,rel_se,z_beta,D_therm,D_pred,D_unif,R_therm,R_pred,D_shape,D_shell,R_shape,n_levels,entropy_bits,n_eff_states,p_max,E_min,E_mean,E_sd,contrast,n_shots,n_cells,G2_therm,p_therm,dG2_unif,p_vs_unif,n_shots_detect,D_split_unif,D_feas_unif,D_infeas_unif,D_split_therm,D_feas_therm,D_infeas_therm,frac_split,n_feasible,p_feasible,S_in_feas,beta_band,se_beta_band,band_ratio,D_in_feas,D_in_feas_glob,R_in_feas,R_in_feas_glob,n_cells_feas,p_flat_feas,p_therm_feas,n_shots_detect_flat,feas_structured,beta_identified,verdict,verdict_base
NPP,optimality,9,5,52,0.25,0.662731808219757,1.1324274851176597e-14,227682354.58340496,94515163.03404835,2.4123699125532667,2.4089505564454687,0.5185185185185185,4.255463887448791,8.206966068651239,1.0744208359351495,0.2524803086930388,3.4781021029601744,0.000943489434841218,0.9756949079796419,2.9422950523663967,0.999679335546555,0.6683898485317029,0.0009434894348403482,8.697469827678717e-16,0.9996793355465552,120,4.755165519118857,27.00520358142325,0.03752921436700027,0.004818845837846423,0.010582195884738105,0.022651253599260183,0.09639159169709614,1000,5,1.460082998145644,0.6915133137767916,4736.889000897551,0.0,5352.249093494105,2.9422379647327785,3.4869326424684064e-05,2.2218307193786667e-05,8.825566705001708e-05,0.0007378831302446002,0.00011735063754633596,0.9999805975836542,27,0.9999832166110981,3.486991165952845e-05,0.0,4.464151542313378,0.0,3.486991165952845e-05,0.0007378955146319912,,,5,0.9994060141392178,0.9952030948980755,136046.92160275436,False,True,flat on the feasible set (objective invisible to the circuit),flat on the feasible set (objective invisible to the circuit)
NPP,optimality,9,5,53,0.25,0.8869892767318968,1.6653345369377348e-14,275733427.31036246,152150551.03517973,1.8150428797757672,1.8122407407292813,0.5185185185185185,5.829425367155856,11.242463208086294,1.6697768785189508,0.28643936123220765,3.1806086890770553,0.000699037867887859,1.2729189107227472,2.9423438762728544,0.9997624214241153,0.5673792852740287,0.0006990378678879573,-9.82287168271867e-17,0.9997624214241153,120,4.7550950811111585,27.003885114076812,0.037666233798166526,0.0006353312514632249,0.006112435075881264,0.013407827933762195,0.07815993227553422,1000,5,1.1215528930091159,0.7718738417451442,4733.071541650782,0.0,6967.7747273107525,2.9423048211174554,2.5636948457457e-05,1.3418206941249392e-05,6.513273193418531e-05,0.0005683806617411515,6.552447421242697e-05,0.9999867265156483,27,0.9999879781264129,2.563725666487166e-05,0.0,6.916989515850909,0.0,2.563725666487166e-05,0.000568387494824206,,,5,0.9996769364612291,0.9969591660987606,185040.13948212,False,True,flat on the feasible set (objective invisible to the circuit),flat on the feasible set (objective invisible to the circuit)
NPP,optimality,9,5,54,0.25,0.8869152111751681,1.3877787807814457e-14,152533147.42594957,84754315.06294411,1.803081911669703,1.7997095170041602,0.5185185185185185,5.588682824930784,10.778174019509368,1.305643502471923,0.2336227593105704,3.8832685161095846,0.0011304970229965973,1.279770436262901,2.9422590645169877,0.9996157724394055,0.565038153269147,0.0011304970229978999,-1.302560490024085e-15,0.999615772439405,120,4.7552174386107255,27.006175458110647,0.03768821881087439,0.0035595591773226734,0.0092445752705001,0.018898436183795757,0.1056173657184298,1000,5,1.7339358373901734,0.6294156237148707,4731.73954736882,0.0,4506.930265086097,2.9421917830247324,4.280144834878079e-05,2.4480043905529128e-05,0.00010746838085618396,0.0008794961557802996,0.00014353248636004009,0.9999771327096697,27,0.999979867607805,4.2802310061229934e-05,0.0,5.389820405806947,0.0,4.2802310061229934e-05,0.0008795138624983203,,,5,0.9991097401478418,0.9935072938041875,110834.20541726895,False,True,flat on the feasible set (objective invisible to the circuit),flat on the feasible set (objective invisible to the circuit)
NPP,optimality,9,5,55,0.25,0.999956249500061,1.4988010832439613e-14,57698984.02020335,35874871.03337741,1.6109966211845739,1.6083398311459054,0.5185185185185185,6.196885770567466,11.951136843237256,1.4132000000520903,0.2280500322862462,4.018091743447243,0.0011638753333425007,1.3916309493965302,2.9419658261035364,0.9996043885612077,0.5269724287587443,0.0011638753333425194,-1.8648277366750676e-17,0.9996043885612077,120,4.755640492215613,27.0140958673828,0.037617140792493585,0.012879656057024161,0.01751286174451171,0.028087844576096237,0.17405716437952135,1000,5,1.16697749558547,0.7609348724187109,4734.210892460786,0.0,6696.55407479006,2.9418785203006355,2.9190217145119272e-05,5.811558575590694e-05,7.903265749525019e-05,0.0005939950248145814,0.0004908476510324808,0.9999703239914868,27,0.999956249500076,2.9191494287143468e-05,0.0,7.2886113302543745,0.0,2.9191494287143468e-05,0.0005940210135308888,,,5,0.9995821662518978,0.9963133984872551,162515.56111716168,False,True,flat on the feasible set (objective invisible to the circuit),flat on the feasible set (objective invisible to the circuit)
NPP,optimality,9,5,56,0.25,0.8869764290697182,1.2878587085651816e-14,278889603.4620702,154509067.03643692,1.8077941820475802,1.8050047729322023,0.5185185185185185,5.84002309892964,11.262901690792878,1.65757465296547,0.2838301535603978,3.2104162372962985,0.0007136506452402596,1.2769706598600639,2.942338091138225,0.9997574545741736,0.56600138382939,0.0007136506452430184,-2.7588608481066146e-15,0.9997574545741726,120,4.755103427296221,27.004041335639993,0.037670361039213035,0.0008987951494603917,0.006392203998928334,0.01375712018581705,0.08034189965992279,1000,5,1.1376799086514309,0.7679866617215007,4732.925516478677,0.0,6869.0040527431875,2.9422982057385005,2.6095078348592994e-05,1.3790321376134902e-05,6.62416653839197e-05,0.0005766447497563132,7.076423010005877e-05,0.9999864443179237,27,0.9999875121873703,2.609540422266745e-05,0.0,6.88306056142993,0.0,2.609540422266745e-05,0.0005766519508773856,,,5,0.9996653890569686,0.9968781496116762,181791.54149637517,False,True,flat on the feasible set (objective invisible to the circuit),flat on the feasible set (objective invisible to the circuit)
NPP,optimality,9,5,57,0.25,0.9999278925296953,2.098321516541546e-14,14471799.935102463,8965807.031199135,1.61593706898739,1.6141101280390737,0.5185185185185185,6.09467212639254,11.754010529471328,1.337690073109463,0.21948515775224267,4.168494421814945,0.0012989699083915049,1.387436968525833,2.941642591874551,0.9995584202132579,0.5283461789823712,0.0012989699083928415,-1.3366044382401299e-15,0.9995584202132575,120,4.756106820634811,27.02282915920552,0.03737761411028765,0.02331145420291813,0.02624175974388087,0.0389493902333598,0.23738376299524377,1000,5,0.4728949653298228,0.9248046160858201,4741.899686817382,0.0,16525.293090825697,2.941519670899739,1.2138702942310203e-05,0.0001107822718691108,6.149039397415587e-05,0.00024231222225601086,0.0009951672921615017,0.9999582134909415,27,0.9999278925297163,1.213957829614723e-05,0.0,11.26461011085104,0.0,1.213957829614723e-05,0.00024232969603736674,,,5,0.9999269194452494,0.9990012395018638,390804.894156295,False,True,flat on the feasible set (objective invisible to the circuit),flat on the feasible set (objective invisible to the circuit)
NPP,optimality,9,5,58,0.25,0.999982709469868,1.532107773982716e-14,121597839.54173326,75929851.03563437,1.6042760242551497,1.6014497313404001,0.5185185185185185,6.326036030084604,12.200212343734595,1.5202601602932093,0.24031797369843266,3.8200813671562655,0.0010607008363256632,1.396643916422741,2.94229253893377,0.9996394985127107,0.5253211915736775,0.0010607008363256142,4.90059381963448e-17,0.9996394985127107,120,4.75516914523566,27.00527145726864,0.037754559260175895,0.0014638511531892323,0.007010654251796254,0.015030953870852175,0.09508635575355051,1000,5,1.6743532610384477,0.6426506239100032,4729.797580437947,0.0,4667.311304667223,2.9422309314664283,4.0934042423587224e-05,2.0673424917938292e-05,0.00010311047752114477,0.0008502757256741695,0.0001073146331300877,0.9999790614065303,27,0.9999827094698833,4.0934750206674626e-05,0.0,6.192546622991867,0.0,4.0934750206674626e-05,0.0008502904276468598,,,5,0.9991847179014987,0.9939207601856745,115890.44808621686,False,True,flat on the feasible set (objective invisible to the circuit),flat on the feasible set (objective invisible to the circuit)
NPP,optimality,9,5,59,0.25,0.663736658588255,1.0325074129013956e-14,380380324.39537346,157804759.05100414,2.413213027829469,2.4104490047250766,0.5185185185185185,4.443145815856517,8.568924073437568,1.3512495164949117,0.3041200024704631,2.904443072452176,0.0006066344528335795,0.9751691797642819,2.9423513269843413,0.9997938266422265,0.6685748670388227,0.0006066344528339917,-4.1210524576174024e-16,0.9997938266422264,120,4.755084332006619,27.00368391666883,0.03751690453716988,0.002154155565676756,0.007725592128711397,0.01735055689219418,0.07709105425833301,1000,5,0.9589614239729101,0.81118066807395,4737.794788980727,0.0,8149.15773240941,2.9423149796437706,2.1370656596421287e-05,1.4976683974419474e-05,5.438448156554205e-05,0.00048444558777824975,6.780438348945387e-05,0.9999876468386908,27,0.9999886911384357,2.137089827650672e-05,0.0,5.699733540347621,0.0,2.137089827650672e-05,0.000484451066368294,,,5,0.9997748749554695,0.9976797824441288,221980.2885831775,False,False,flat on the feasible set (objective invisible to the circuit),flat on the feasible set (objective invisible to the circuit)
NPP,optimality,9,5,60,0.25,0.9999847847508013,1.6431300764452317e-14,80764213.167876,50440267.03293225,1.6039789423607407,1.6011852814963363,0.5185185185185185,6.436241875786901,12.412752189017596,1.6603592735470798,0.2579703040361706,3.564122206289821,0.0008946449551755749,1.3968336836675423,2.942309758550493,0.9996959378758217,0.5252594735791237,0.0008946449551748021,7.728193085476676e-16,0.9996959378758219,120,4.755144302579985,27.004806440847922,0.037752596412111275,0.0011367108735281983,0.006651816261093276,0.013897150230130387,0.08944542026526676,1000,5,1.4139533375750815,0.7022672755869579,4730.124453032512,0.0,5526.864073642892,2.9422598115237357,3.36618873858825e-05,1.6285139370724387e-05,8.50618959600066e-05,0.0007180387604685859,9.154429874693446e-05,0.9999830245518467,27,0.9999847847508178,3.366239956723591e-05,0.0,6.828963948912868,0.0,3.366239956723591e-05,0.0007180496857730366,,,5,0.999445993952749,0.9954467983953506,140926.87269910268,False,True,flat on the feasible set (objective invisible to the circuit),flat on the feasible set (objective invisible to the circuit)
NPP,optimality,9,5,61,0.25,0.8869776038294169,1.4099832412739488e-14,248977887.53639907,138580507.03451982,1.7993661942244537,1.7966299363761147,0.5185185185185185,5.892227432460581,11.363581476888264,1.7025970873284597,0.2889564442045746,3.1561835468507318,0.0006848306245197932,1.2817287770277181,2.9423479006736453,0.9997672502886681,0.5643857149814715,0.0006848306245197614,3.176712365382528e-17,0.9997672502886681,120,4.755089275128075,27.003776439838504,0.03767024363831882,0.0003964338215786379,0.005858135743129021,0.01297133239725325,0.07643004058666027,1000,5,1.1043134074267165,0.7760329132554176,4732.968959289986,0.0,7076.548967617033,2.9423098965272687,2.5165786554116513e-05,1.2838359822691492e-05,6.394316486488167e-05,0.0005596673466094164,6.122011304523248e-05,0.9999870837346027,27,0.9999883347443876,2.516608012242982e-05,0.0,7.041912700270596,0.0,2.516608012242982e-05,0.000559673875348232,,,5,0.9996886044305725,0.9970417737722997,188504.5201452784,False,True,flat on the feasible set (objective invisible to the circuit),flat on the feasible set (objective invisible to the circuit)
NPP,optimality,9,5,52,0.5,0.6647854548776491,8.881784197001252e-15,476388060.6601015,94515172.41766943,5.043753605542609,5.04033424977429,0.5185185185185185,2.290260768839743,4.416931482762362,0.9837293516849174,0.42952722461524734,1.8010464436042393,0.00026156079540944077,0.2795139390065409,2.9423942445464153,0.9999111061354561,0.9050045929349521,0.0002615607954060185,3.4222841574504947e-15,0.9999111061354573,120,4.755022415052642,27.00252500925693,0.037272402425322204,0.004818845359423517,0.010535154574434026,0.026035352296137997,0.05962774596676658,1000,5,0.40578894369651225,0.9390440554138031,4745.83341183,0.0,19258.10947943367,2.9423759398631844,7.98341695406555e-06,1.0321266276507745e-05,1.9564280067119545e-05,0.00020393104584572852,3.80654694964265e-05,0.9999937789834707,27,0.9999928973730963,7.983473657256139e-06,0.0,4.464130377119478,0.0,7.983473657256139e-06,0.0002039324943021491,,,5,0.999968301627734,0.9994659675159216,594214.8012522921,False,False,flat on the feasible set (objective invisible to the circuit),flat on the feasible set (objective invisible to the circuit)
NPP,optimality,9,5,53,0.5,0.887923381156316,1.5765166949677223e-14,542475811.5811274,152150560.4188008,3.568190331253243,3.5653881923795745,0.5185185185185185,3.2879711703940018,6.341087257188432,1.5211768555505571,0.4626490856269499,1.8205987303646818,0.00021602287734505895,0.5719511845659018,2.9424036192339216,0.9999265828535783,0.8056176994797152,0.00021602287734339646,1.6624885062349604e-15,0.9999265828535788,120,4.755008890237502,27.00227187021029,0.0373567916908991,0.0006353312122802754,0.006093102072097068,0.01609691268682454,0.05292618484662854,1000,5,0.3452565343830191,0.9513038424219041,4743.321912471787,0.0,22634.554671691487,2.9423886564341517,6.641130895150605e-06,8.321668875012388e-06,1.5851216021766648e-05,0.00017381469790045889,2.6356963422883087e-05,0.9999949147697916,27,0.999993756229029,6.641172360665772e-06,0.0,6.916969958751749,0.0,6.641172360665772e-06,0.00017381578316640013,,,5,0.9999780450823483,0.9995944942718816,714315.7684494837,False,False,flat on the feasible set (objective invisible to the circuit),flat on the feasible set (objective invisible to the circuit)
NPP,optimality,9,5,54,0.5,0.8878933260216137,1.2434497875801753e-14,301970877.8606728,84754324.4465652,3.5662687990774518,3.5628964047852856,0.5185185185185185,3.1636568628050283,6.101338235409698,1.2136989901513855,0.38363799956335026,2.1794022782836624,0.00034544267822425427,0.5725481319516601,2.942380459494083,0.9998825975488284,0.8054132904178868,0.0003454426782255344,-1.280117505053635e-15,0.9998825975488279,120,4.755042302679291,27.002897243043112,0.037366116418350276,0.003559558783224145,0.009200132438497221,0.020906344204975783,0.06614049932023577,1000,5,0.5347799102309869,0.91118660782354,4742.834987780702,0.0,14612.979571120708,2.9423580216468257,1.0952179777548945e-05,1.1485667479636852e-05,2.740577352233224e-05,0.0002693114770034359,4.872542769829334e-05,0.9999923742535793,27,0.9999916752766771,1.0952270951730182e-05,0.0,5.389789181574235,0.0,1.0952270951730182e-05,0.0002693137189656333,,,5,0.9999404609913366,0.9991434306108249,433143.41208458086,False,False,flat on the feasible set (objective invisible to the circuit),flat on the feasible set (objective invisible to the circuit)
NPP,optimality,9,5,55,0.5,0.9999853936345999,1.765254609153999e-14,113705179.99827862,35874880.41699848,3.172149723580873,3.1694929342371285,0.5185185185185185,3.5344504754416297,6.816440202637429,1.3309764838160034,0.3765723959251962,2.2659543527592776,0.0003553856662606978,0.688467982837569,2.9422971368662516,0.999879214895801,0.766010042217954,0.00035538566626125596,-5.581472783955377e-16,0.9998792148958009,120,4.7551625118212115,27.005147289138193,0.0373320803431344,0.012879652688154062,0.01743478985787037,0.029208816782332975,0.10323711636340424,1000,5,0.3654921687821777,0.9472750199976695,4743.973405045991,0.0,21381.38261427024,2.9422683369874134,7.553455902474996e-06,2.1246422936077503e-05,2.0508880307958762e-05,0.0001843503186718187,0.00015052646728114762,0.9999902117707701,27,0.9999853936346176,7.553566232179295e-06,0.0,7.288507024214392,0.0,7.553566232179295e-06,0.00018435301139926256,,,5,0.999971615899258,0.9995083965267507,628038.9506310516,False,False,flat on the feasible set (objective invisible to the circuit),flat on the feasible set (objective invisible to the circuit)
NPP,optimality,9,5,56,0.5,0.8879190632170503,1.609823385706477e-14,549897511.0659375,154509076.42005798,3.561787519652116,3.5589981107061437,0.5185185185185185,3.289178964517989,6.343416574427551,1.5113833355123765,0.4595017029527493,1.8331950478071035,0.00021971893191984065,0.5736768902319456,2.9424021559023954,0.9999253266819836,0.8050311072940312,0.00021971893191915105,6.896067918094051e-16,0.9999253266819839,120,4.7550110013786,27.00231138351421,0.03735819242977035,0.0008987950948749052,0.006371751595333652,0.016383503113176354,0.05388827380497466,1000,5,0.3491107836105737,0.950542221884106,4743.274268112212,0.0,22384.664897571183,2.9423869364459216,6.730500063645049e-06,8.488956410324334e-06,1.609906240694317e-05,0.00017576525700022225,2.7854612512832837e-05,0.9999948275403336,27,0.9999936405063774,6.730542866045504e-06,0.0,6.883039888487763,0.0,6.730542866045504e-06,0.00017576637478491745,,,5,0.9999774515581258,0.9995863036754618,704830.9150684099,False,False,flat on the feasible set (objective invisible to the circuit),flat on the feasible set (objective invisible to the circuit)
NPP,optimality,9,5,57,0.5,0.9999763806679153,1.6764367671839864e-14,28479973.344504833,8965816.41482021,3.178333352599242,3.176506413563002,0.5185185185185185,3.4881165942991834,6.727082003291283,1.263552284709945,0.3622448535049076,2.350198018487499,0.00038965738981740883,0.6859227397012073,2.942185163692645,0.9998675619078548,0.7668662230488827,0.0003896573898170487,3.601177515910603e-16,0.9998675619078549,120,4.755324054963512,27.008171310485814,0.03721074577145236,0.023311429805156363,0.02611567453238909,0.04003231056357341,0.1396373667849389,1000,5,0.1493368272538105,0.9853210315137433,4747.795748954008,0.0,52329.54286600311,2.942144292725509,3.1438976439090465e-06,3.772706949205088e-05,1.5107006852386418e-05,7.554926865106234e-05,0.00029900111431411586,0.9999861086352958,27,0.999976380667932,3.1439719019812787e-06,0.0,11.264348790367842,0.0,3.1439719019812787e-06,7.555105311647398e-05,,,5,0.9999950682997935,0.9998676428770834,1508911.8846401435,False,False,flat on the feasible set (objective invisible to the circuit),flat on the feasible set (objective invisible to the circuit)
NPP,optimality,9,5,58,0.5,0.9999923873042806,1.6764367671839864e-14,240027280.6081921,75929860.41925545,3.163997395513029,3.1611711029475607,0.5185185185185185,3.58479916138773,6.913541239819194,1.4089792646585224,0.39304273439772985,2.176242560682644,0.0003256764651344972,0.6914822929933454,2.942389242027823,0.999889315641696,0.7649929237381277,0.00032567646513229423,2.2029903942732965e-15,0.9998893156416967,120,4.755029632161392,27.002660090227913,0.03740057794258228,0.001463850972282479,0.0069773946417861655,0.016984831869136987,0.060887211040793865,1000,5,0.5184676473411494,0.9148158161696774,4741.804915460834,0.0,15072.73972315793,2.9423684376318437,1.0537343558861157e-05,1.0267052419963434e-05,2.6222069074214922e-05,0.0002612575793233424,3.819681673711069e-05,0.9999929294208658,27,0.9999923873042974,1.0537423776617609e-05,0.0,6.1925174227591775,0.0,1.0537423776617609e-05,0.0002612595682129346,,,5,0.9999448706653619,0.9991914323196682,450195.48732836836,False,False,flat on the feasible set (objective invisible to the circuit),flat on the feasible set (objective invisible to the circuit)
NPP,optimality,9,5,59,0.5,0.6652523539189801,1.0880185641326534e-14,788639207.2923481,157804768.4346252,5.000326613192576,4.997562590252542,0.5185185185185185,2.3884393767926455,4.606275940957246,1.2093516008517347,0.5063354810687019,1.5462177062131144,0.0001712686690194361,0.2855278818424763,2.9424078454509885,0.9999417930219007,0.9029611471829416,0.00017126866901872847,7.076316529269766e-16,0.9999417930219009,120,4.755002793095064,27.002157752988584,0.037268492372208736,0.0021541554375831646,0.007703899410833509,0.02148251669961452,0.0513096887979649,1000,5,0.2672710142761362,0.9660616095107805,4746.0980129553855,0.0,29238.96526683302,2.9423943700211854,4.982044042016907e-06,8.493385760683435e-06,1.1525458376707897e-05,0.00013430836867533248,2.54348419672551e-05,0.9999954202712503,27,0.9999941395991115,4.9820732385192e-06,0.0,5.699718351773549,0.0,4.9820732385192e-06,0.00013430915578127242,,,5,0.999987630761055,0.9997362592062369,952192.40913452,False,False,flat on the feasible set (objective invisible to the circuit),flat on the feasible set (objective invisible to the circuit)
NPP,optimality,9,5,60,0.5,0.9999929248211636,1.6986412276764895e-14,159433802.69408226,50440276.416553326,3.163636820231888,3.1608431598872007,0.5185185185185185,3.6363390187164004,7.0129395360959155,1.5290954992406267,0.4205041090421722,2.038996584416239,0.00027475281570251667,0.6915978975400752,2.942394188117775,0.9999066227030994,0.7649540294998731,0.0002747528157038149,-1.298223681334143e-15,0.9999066227030989,120,4.755022496461949,27.00252653297251,0.03739949969566632,0.0011367106620609965,0.006625496174619656,0.015990693475233363,0.058147582620324836,1000,5,0.4360765777429842,0.9326931098276534,4741.921965865726,0.0,17920.540341098163,2.9423763445930384,8.665288695053326e-06,9.178236041051055e-06,2.1234535216636913e-05,0.00021974521116092737,3.377306932511144e-05,0.99999393571235,27,0.9999929248211806,8.66535000351021e-06,0.0,6.828937424952672,0.0,8.66535000351021e-06,0.00021974676590814706,,,5,0.9999626725669533,0.9993963551485444,547456.0266333652,False,False,flat on the feasible set (objective invisible to the circuit),flat on the feasible set (objective invisible to the circuit)
NPP,optimality,9,5,61,0.5,0.8879160783722944,1.6986412276764895e-14,489172087.35086024,138580516.4181409,3.5326126067659502,3.52987634910289,0.5185185185185185,3.3258549886563404,6.414148906694371,1.549514547137724,0.4658996115052312,1.8117522519059641,0.00021214855087870013,0.5816488104052946,2.9424046412581033,0.999927899600244,0.8023219504722521,0.00021214855087744663,1.253500341719116e-15,0.9999278996002444,120,4.755007415768245,27.00224427324886,0.03735925538760404,0.0003964337947351475,0.005839951684385145,0.015681553182844088,0.05215457188304173,1000,5,0.3405886692361016,0.9522225142751299,4743.25200405389,0.0,22944.767718722556,2.942389970370351,6.536956138751028e-06,8.133931612888993e-06,1.555840062145907e-05,0.00017147073894930204,2.5119411308089155e-05,0.9999950139802165,27,0.9999938445351232,6.536996376558591e-06,0.0,7.041893777215398,0.0,6.536996376558591e-06,0.00017147179443791007,,,5,0.9999787269863268,0.9996039733476486,725699.3037697742,False,False,flat on the feasible set (objective invisible to the circuit),flat on the feasible set (objective invisible to the circuit)
NPP,optimality,9,5,52,0.75,0.6657843196213964,8.548717289613705e-15,1017102187.9976616,94515188.4590756,10.76467587469499,10.761256519507016,0.5185185185185185,1.175098668735268,2.26626171827516,0.8055555863377313,0.6855216568364702,0.8150649829166184,7.286605687101396e-05,0.015026750226267867,2.942419441685961,0.9999752360061795,0.9948930631665288,7.286605687195028e-05,-9.363169961584816e-16,0.9999752360061792,120,4.754986063264376,27.00184463143803,0.037147242434404225,0.00481884454155438,0.010534021940403862,0.03783115882558997,0.044455344372663255,1000,5,0.10357561112363678,0.9914049112764642,4749.9702657683165,0.0,75449.4983758565,2.942410382879316,1.7532635333035103e-06,7.305543111164426e-06,3.343307420918985e-06,5.1920565903499263e-05,1.7602183546442654e-05,0.9999969213068278,27,0.9999952048114441,1.753271940128966e-06,0.0,4.464125984404078,0.0,1.753271940128966e-06,5.1920814873596555e-05,,,5,0.9999984648287831,0.999944833200902,2705733.86676023,False,False,flat on the feasible set (objective invisible to the circuit),flat on the feasible set (objective invisible to the circuit)
NPP,optimality,9,5,53,0.75,0.8883184131844024,1.3100631690576847e-14,919760789.4586399,152150576.460207,6.047871509046191,6.045069370467955,0.5185185185185185,2.0668158010510442,3.986001902027014,1.326651011010698,0.6418815892234092,1.1670720254854126,8.855040486377701e-05,0.1691420056848855,2.942418486087234,0.9999699055707805,0.9425159927166556,8.855040486471398e-05,-9.36967517461973e-16,0.9999699055707801,120,4.754987441901923,27.00187043437877,0.03722556773365168,0.0006353311452965921,0.006093415090483923,0.021406345867713963,0.044242973882154944,1000,5,0.13369312047370724,0.9875080451019377,4747.547532875307,0.0,58452.73021948846,2.94240904525451,2.3127689428547417e-06,7.128063781539807e-06,4.622608059247487e-06,6.712939617981256e-05,1.6798400624723728e-05,0.999996791471788,27,0.9999951163853705,2.3127802371380286e-06,0.0,6.916965983910386,0.0,2.3127802371380286e-06,6.712972401551483e-05,,,5,0.9999973296699255,0.999916447471711,2051162.3238567428,False,False,flat on the feasible set (objective invisible to the circuit),flat on the feasible set (objective invisible to the circuit)
NPP,optimality,9,5,54,0.75,0.8883013201921711,1.5210055437364645e-14,512245458.9558765,84754340.48797137,6.047257060877215,6.043884667223341,0.5185185185185185,2.00541617754698,3.8675883424120334,1.0983595408019575,0.547696559496926,1.353744018960145,0.00013893323011017987,0.1692223715511346,2.9424100413926237,0.9999527825054443,0.9424885147988951,0.00013893323011067438,-4.945046108706386e-16,0.9999527825054441,120,4.754999625020929,27.00209845789072,0.03723101886641661,0.003559558109508464,0.009190039272119144,0.025235302394643593,0.05060728366750831,1000,5,0.20971862551941253,0.9760053377697507,4747.300447038281,0.0,37262.91779710243,2.942397917496756,3.8104275077929252e-06,8.31346836040603e-06,8.522647855076847e-06,0.00010531224145558481,2.5098340799818456e-05,0.9999958796035573,27,0.9999943767914361,3.810448934297891e-06,0.0,5.389782921352047,0.0,3.810448934297891e-06,0.00010531283365116848,,,5,0.9999927587364341,0.9998234646579651,1244969.1036454123,False,False,flat on the feasible set (objective invisible to the circuit),flat on the feasible set (objective invisible to the circuit)
NPP,optimality,9,5,55,0.75,0.9999915540898735,1.532107773982716e-14,179343142.20026135,35874896.45840466,5.00178319422642,4.999126406070655,0.5185185185185185,2.3925439333134935,4.614191871390309,1.2349099072573606,0.5161493128977169,1.517540189597345,0.00016124343790932907,0.2851708351375042,2.9423723451631636,0.999945199512844,0.903081322931041,0.000161243437909327,2.0599841277224584e-18,0.999945199512844,120,4.755054009184281,27.003116354376328,0.03722421186753093,0.012879646929036667,0.01741133071773643,0.03128421887307223,0.07484886807322046,1000,5,0.16388939539652755,0.9831967830972476,4747.523976003431,0.0,47682.93814461625,2.942356255065707,3.0416022469082393e-06,1.3048495209858755e-05,7.705808536785858e-06,8.240188665732304e-05,7.113574271520926e-05,0.9999945315903057,27,0.9999915540898888,3.041627935780237e-06,0.0,7.288487832765899,0.0,3.041627935780237e-06,8.240258262212879e-05,,,5,0.9999953836968337,0.9998740422199657,1559659.7233758196,False,False,flat on the feasible set (objective invisible to the circuit),flat on the feasible set (objective invisible to the circuit)
NPP,optimality,9,5,56,0.75,0.8883130130504263,1.2323475573339238e-14,927673860.071227,154509092.46146417,6.006797621329009,6.004008212672638,0.5185185185185185,2.0776658312245124,4.006926960218703,1.3225531846037666,0.636557219514119,1.1788919575080152,9.073242811611413e-05,0.1726777154393485,2.9424178648752903,0.9999691639895206,0.9413143464425413,9.073242811608083e-05,3.3298559222461055e-17,0.9999691639895206,120,4.754988338121301,27.00188720826814,0.03722735098555355,0.0008987950015604151,0.0063715614319931994,0.02153547486527538,0.04474352028677697,1000,5,0.13651050532732278,0.9871219028005007,4747.489834357822,0.0,57246.348070525004,2.942408283898199,2.367587029448285e-06,7.213390061653371e-06,4.7669110569015754e-06,6.854740036010658e-05,1.7418116699055074e-05,0.9999967438421288,27,0.999995066007099,2.367598710719429e-06,0.0,6.883035697181536,0.0,2.367598710719429e-06,6.854773857460639e-05,,,5,0.9999972016857162,0.9999134621953282,2003670.5980439086,False,False,flat on the feasible set (objective invisible to the circuit),flat on the feasible set (objective invisible to the circuit)
NPP,optimality,9,5,57,0.75,0.9999878610587344,1.5987211554602254e-14,44891459.82563496,8965832.45622639,5.008775263745685,5.006948327978151,0.5185185185185185,2.369496500211826,4.569743250408522,1.1860916105861083,0.5005669392126451,1.5605691543325602,0.00017526792936075198,0.28394203094031223,2.94232452467498,0.9999404321556338,0.9034973781582855,0.00017526792936027407,4.779163176316104e-16,0.999940432155634,120,4.755122999565443,27.004407687458833,0.03714745119930586,0.023311388097025414,0.026070145965053027,0.041589097341764775,0.0985452205982806,1000,5,0.06741838719155493,0.9954373258754516,4749.924335926904,0.0,115913.89573066022,2.9423031573249694,1.2683384883793793e-06,2.0099011522910225e-05,5.725947725903232e-06,3.3957773543947816e-05,0.00013558420809081027,0.9999927379356589,27,0.9999878610587504,1.2683538844085956e-06,0.0,11.264304283599277,0.0,1.2683538844085956e-06,3.395818576036971e-05,,,5,0.9999991963385345,0.9999660463801675,3740219.6363260704,False,False,flat on the feasible set (objective invisible to the circuit),flat on the feasible set (objective invisible to the circuit)
NPP,optimality,9,5,58,0.75,0.9999944389750762,1.7208456881689926e-14,378853730.08064926,75929876.46066162,4.992347515237169,4.989521223268801,0.5185185185185185,2.4180383462379487,4.663359667744616,1.292576806091983,0.5345559585947055,1.46956050794575,0.00014819735490729296,0.2866745773961065,2.9424110811612993,0.9999496340413289,0.9025715409952293,0.00014819735490521815,2.0748105924311977e-15,0.9999496340413295,120,4.7549981249518645,27.002070381970054,0.03726733022062241,0.001463850663020445,0.006970960819203411,0.020328060569877147,0.04915402996261059,1000,5,0.23110630588499356,0.9724180143069987,4746.1712308255455,0.0,33814.429568789245,2.9423988491611213,4.2343542211975005e-06,7.9976459572248e-06,9.544760596515714e-06,0.00011613384559951106,2.2518748711325418e-05,0.99999584286497,27,0.9999944389750934,4.234377768233755e-06,0.0,6.192512378484742,0.0,4.234377768233755e-06,0.0001161344914263104,,,5,0.9999910603890063,0.999793251926363,1120327.745643104,False,False,flat on the feasible set (objective invisible to the circuit),flat on the feasible set (objective invisible to the circuit)
NPP,optimality,9,5,59,0.75,0.6660098377232965,1.021405182655144e-14,1701685663.5070872,157804784.4760314,10.786249891970916,10.783485869311855,0.5185185185185185,1.1981178860500807,2.3106559230965846,0.9249279811903534,0.7719841193921478,0.7347592259636682,4.922695240223459e-05,0.014851538169070316,2.9424227444482804,0.9999832699252699,0.994952615766347,4.922695240128054e-05,9.540504779421977e-16,0.9999832699252702,120,4.754981298385543,27.00175545091004,0.03714423990428991,0.0021541552186057585,0.00771508301754537,0.0349390747769336,0.04186113041228538,1000,5,0.06553878193505791,0.9956243414931565,4750.101625221174,0.0,119238.22311795111,2.9424147935924503,1.0711392879108949e-06,6.8797165417257236e-06,1.7876900560154276e-06,3.285548939479707e-05,1.4583772951524681e-05,0.9999972978540065,27,0.9999954956182354,1.0711441123087737e-06,0.0,5.69971506668718,0.0,1.0711441123087737e-06,3.285563738913099e-05,,,5,0.9999994267398024,0.9999736455700796,4428802.653168195,False,False,flat on the feasible set (objective invisible to the circuit),flat on the feasible set (objective invisible to the circuit)
NPP,optimality,9,5,60,0.75,0.9999946571542304,1.6542323066914832e-14,251663431.28308654,50440292.4579595,4.992126968592778,4.989333309136552,0.5185185185185185,2.4464182539984587,4.718092346997028,1.3887191352051766,0.5676540113022112,1.3882574860575405,0.0001256337206655171,0.2867045233297047,2.9424132378310413,0.9999573024893138,0.9025614350685002,0.0001256337206651881,3.290011492407263e-16,0.9999573024893139,120,4.754995013535069,27.002012147483683,0.03726661817626167,0.0011367103005556097,0.006621674995288575,0.019505010038777984,0.04771741260328965,1000,5,0.19362306192050993,0.9786121290850809,4746.23118095458,0.0,40360.52227321681,2.9424021235749875,3.48180412851708e-06,7.632451925813303e-06,7.5860549710691445e-06,9.730219326770957e-05,2.074547242699488e-05,0.9999962227412823,27,0.999994657154247,3.4818227309149196e-06,0.0,6.828933681710973,0.0,3.4818227309149196e-06,9.730271314109724e-05,,,5,0.9999939525715773,0.9998457720068452,1362473.1156497023,False,False,flat on the feasible set (objective invisible to the circuit),flat on the feasible set (objective invisible to the circuit)
NPP,optimality,9,5,61,0.75,0.8883146515095437,1.8762769116165146e-14,830194061.4832566,138580532.45954707,5.993433844870733,5.990697587524408,0.5185185185185185,2.0880112078462494,4.026878757989196,1.3485664980692254,0.645861714248292,1.1638229865377872,8.691492339856966e-05,0.17384392439686094,2.9424188713331714,0.9999704614036277,0.9409180228924733,8.691492339768124e-05,8.884223651889345e-16,0.999970461403628,120,4.754986886109499,27.00186003201949,0.037226832543334976,0.00039643374884590593,0.005840653958137243,0.021014662917134403,0.04387885170008759,1000,5,0.1315806217900917,0.9877952788627741,4747.5112573429315,0.0,59391.17627607718,2.942409540540344,2.2720880685537873e-06,7.058704758415203e-06,4.513473390415596e-06,6.607018293227864e-05,1.6331267075834017e-05,0.9999968288699755,27,0.9999951491395673,2.272099089745247e-06,0.0,7.041889998883472,0.0,2.272099089745247e-06,6.607050343062563e-05,,,5,0.9999974227143734,0.9999186402575135,2087887.6065778108,False,False,flat on the feasible set (objective invisible to the circuit),flat on the feasible set (objective invisible to the circuit)
NPP,optimality,9,10,52,0.25,0.66615985502097,2.1871393585115584e-14,113747361.90587282,94515087.51882799,1.2069030024772422,1.2034836436374632,1.037037037037037,6.5477220382199945,6.3138748225692805,0.6699556375869906,0.10231888795467542,8.22544761475706,0.004365525168342348,0.9698725244212723,2.9345454561253552,0.9985123675084909,0.669498210567217,0.004365525168343173,-8.248610128269718e-16,0.9985123675084907,120,4.766345823184698,27.215296019926413,0.03700896621944298,0.00481884968798522,0.011941901593169959,0.06655303012934972,0.4357707420882625,1000,5,2.0117057212160043,0.5699806965643262,4744.353657894296,0.0,3884.6277667925774,2.9337032330750326,1.3534335035098663e-09,0.0008422216968893291,0.00020049430841754775,0.0010602452688336294,0.0031047855910909224,0.9997129971019653,27,0.9992030460747672,1.3545125438636075e-09,0.007339389131278571,4.465973520701272,0.0011209072542233012,3.033873161072171e-12,0.0010610909093989533,,,5,0.9999999999990841,0.9999999999998744,3505060408.6630383,False,True,flat on the feasible set (objective invisible to the circuit),flat on the feasible set (objective invisible to the circuit)
NPP,optimality,9,10,53,0.25,0.8887516677523876,3.674838211509268e-14,138226936.3693893,152150475.51995936,0.911290503007337,0.9084883625700956,1.037037037037037,9.594320090788484,9.251665801831752,1.3378770879116055,0.13944470011961582,6.3961653361663915,0.0034756576252448937,1.2684850561114522,2.9405545753727833,0.9988180264857678,0.568623868866422,0.0034756576252453555,-4.618701254788249e-16,0.9988180264857677,120,4.757676496646311,27.052246443598552,0.03703235984260861,0.0006353315667903988,0.006442942973027636,0.0360666866068351,0.3460353359201299,1000,5,1.7828468734189147,0.6186747433644175,4750.305901961321,0.0,4383.286091342829,2.9404220980155196,5.397268024277061e-10,0.00013247681753719332,0.00026196167599762063,0.0009449773259747543,0.002268718623272388,0.9999549481725749,27,0.9998361184352684,5.398148241088911e-10,0.0071612499145520155,6.917636700255164,0.0007464051487533274,3.88413689003419e-12,0.0009451322157211449,,,5,0.9999999999998543,0.9999999999998179,8789388795.854404,False,True,flat on the feasible set (objective invisible to the circuit),flat on the feasible set (objective invisible to the circuit)
NPP,optimality,9,10,54,0.25,0.8886050372725018,3.241851231905457e-14,76228227.45144367,84754239.54772376,0.9027755173044746,0.8994031196341603,1.037037037037037,9.085139758924647,8.760670481820195,1.0302577305812786,0.11340031721242601,7.8117372799006475,0.0055538329818079855,1.2773011008058672,2.9391200304659395,0.9981103755803646,0.5654137675338913,0.005553832981808346,-3.608224830031759e-16,0.9981103755803645,120,4.759746107469335,27.091081954935127,0.037027411133485566,0.003559562348856004,0.00983152774324372,0.047062438309573545,0.4275688294382451,1000,5,2.631488434607903,0.45199594055565884,4747.964687100647,0.0,2969.698745575368,2.938748039118996,2.7418000322607085e-10,0.0003719910727631958,0.00041007308761628185,0.0014014595133567483,0.003742300380834754,0.9998734344487168,27,0.9996872706729909,2.742653300874175e-10,0.0,5.390604314258587,0.0,2.742653300874175e-10,0.0014018979279527377,,,5,0.9999999999999624,0.9999999998920021,17302033608.715782,False,True,flat on the feasible set (objective invisible to the circuit),flat on the feasible set (objective invisible to the circuit)
NPP,optimality,9,10,55,0.25,0.9994378987896239,3.419486915845482e-14,29054054.53965068,35874795.51815704,0.8125305278715116,0.8098737322403905,1.037037037037037,9.96763959869701,9.611652470172118,1.0991647149592065,0.11027332038599104,8.124899244051349,0.004385676259318128,1.3791054052597995,2.9366081504445796,0.9985065504028332,0.5303747266890158,0.004385676259318934,-8.057790545912269e-16,0.998506550402833,120,4.763369984319474,27.159217040209693,0.03702393404202901,0.012879683168260653,0.01814233928082059,0.04275809282036915,0.42619725916107387,1000,5,1.7085546425068856,0.6350335805124809,4747.162656049809,0.0,4573.882338223013,2.9360956230147233,2.093324739317696e-08,0.0005125064966081235,0.00022807813067433967,0.0009164818088911946,0.003241116319752552,0.9998254695881782,27,0.999437898789658,2.09450201705157e-08,0.04716606185607513,7.290997907436937,0.0047319188649478025,7.76150897172422e-12,0.0009169972541571919,,,5,0.9999999997809026,0.9999999999994861,226618668.00785294,False,True,flat on the feasible set (objective invisible to the circuit),flat on the feasible set (objective invisible to the circuit)
NPP,optimality,9,10,56,0.25,0.8887480879061567,2.90878432451791e-14,140060883.09064507,154508991.52121657,0.9092795875983262,0.9064901771196433,1.037037037037037,9.592540176965622,9.249949456359708,1.3272130079604703,0.1383588688163622,6.4462170643398355,0.003515787276043278,1.2706404571458485,2.9404858948929204,0.9988043515929971,0.567880784821068,0.003515787276042551,7.268491364342822e-16,0.9988043515929973,120,4.757775581633983,27.054104468669365,0.03703243387353942,0.0008987955887404174,0.006729616464071337,0.03632671365045739,0.34846546018913804,1000,5,1.7986949468841198,0.615218971156207,4750.253609081914,0.0,4344.665512508742,2.9403522256391277,7.836343812187535e-10,0.00013366847015844593,0.00026380036778562727,0.0009538636420119887,0.002298123266245302,0.9999545417803143,27,0.9998300878499297,7.837671087596036e-10,0.008602160010778194,6.8837469750873455,0.0008967551714231431,2.8314420255389658e-12,0.0009540257425771324,,,5,0.9999999999996929,0.9999999999998868,6053673781.219859,False,True,flat on the feasible set (objective invisible to the circuit),flat on the feasible set (objective invisible to the circuit)
NPP,optimality,9,10,57,0.25,0.9988785838684547,3.019806626980426e-14,7313303.289413452,8965731.515978778,0.8175220590032669,0.8156951026672661,1.037037037037037,9.521449671065875,9.181397897099238,0.9456689517353991,0.09931984985533579,8.971863376141382,0.003585720016301585,1.3669513279360685,2.9318216749965003,0.9987769651725814,0.5337535909520486,0.003585720016301186,3.9898639947466563e-16,0.9987769651725815,120,4.7702754087117185,27.289525576280926,0.03700687342734195,0.023311650547142564,0.027233541005501412,0.04748330591451318,0.45210990748086183,1000,5,0.6370674046707759,0.8878966386663507,4743.401585057635,0.0,12266.720673442205,2.930510009668211,5.3809353495518124e-08,0.001311611518936606,9.951361518684707e-05,0.00034609301614909444,0.0031401133849656474,0.9995526108086739,27,0.9988785838684849,5.3869763473697385e-08,0.11692453236111801,11.271613422840538,0.012280118721462395,2.2641930216500413e-12,0.0003464815661662218,,,5,0.9999999985523287,0.9999999999999191,88160593.77104104,False,True,flat on the feasible set (objective invisible to the circuit),flat on the feasible set (objective invisible to the circuit)
NPP,optimality,9,10,58,0.25,0.9997326090030475,3.5638159090467525e-14,60976068.84017587,75929775.52041401,0.8058850223220339,0.8030587265964222,1.037037037037037,10.289731603753177,9.922241189333421,1.2070136784739156,0.11730273684044953,7.665774408136583,0.0052149516999501575,1.3911104026099226,2.9395405368050653,0.9982259296530681,0.5267592383257638,0.005214951699951172,-1.0148132334464322e-15,0.9982259296530678,120,4.759139445059244,27.0796923781023,0.037027555269466494,0.0014638526090481711,0.007480514839732709,0.04008896583506984,0.4125046987148995,1000,5,2.5352251614990418,0.4689587298369674,4748.5498816341515,0.0,3082.459113268836,2.9392483232895232,1.0555862630076368e-10,0.00029221340998274495,0.0003980947453850398,0.0013573833155617785,0.0034594736390033045,0.9999005921123103,27,0.9997326090030831,1.0558641518690528e-10,0.002383906661884072,6.193349425468659,0.0002316782160784974,3.1486846846677584e-11,0.0013577463647158,,,5,0.9999999999999944,0.9999999999957987,44940714019.31263,False,True,flat on the feasible set (objective invisible to the circuit),flat on the feasible set (objective invisible to the circuit)
NPP,optimality,9,10,59,0.25,0.6662954934622031,1.9095836023552692e-14,189312094.01227534,157804683.5357838,1.2024248315117214,1.1996608070846446,1.037037037037037,6.818897513136025,6.575365459095453,0.781889202813182,0.11466504685059997,7.3947311911921325,0.0031711954378644677,0.9746411161204811,2.9361177924848167,0.9989199358942679,0.6680510847980493,0.0031711954378641763,2.914335439641036e-16,0.9989199358942679,120,4.764077421316296,27.17253804422976,0.037017373440810894,0.0021541565965177206,0.008778132916348935,0.05728132392997165,0.39059547729522276,1000,5,1.3299203362322556,0.7220407548471742,4746.753133630064,0.0,5876.087228946941,2.9355053054045612,4.246935502708799e-09,0.000612482833320108,0.0001315054632931351,0.0007042253103241265,0.0023354646642474715,0.9997913956034655,27,0.999380710338197,4.249566771660901e-09,0.016602761006700523,5.701680550381985,0.0024348160351019676,7.232433309315181e-12,0.0007046617000300236,,,5,0.9999999999909818,0.9999999999995377,1117008982.807704,False,True,flat on the feasible set (objective invisible to the circuit),flat on the feasible set (objective invisible to the circuit)
NPP,optimality,9,10,60,0.25,0.9997802716500139,3.4861002973229915e-14,40494936.418533325,50440191.51771189,0.8056244077555532,0.8028307427086924,1.037037037037037,10.523558247860826,10.147716881865797,1.324764074793144,0.1258855649002974,7.160913698769397,0.004371096415240307,1.3917368463443949,2.9399549627851287,0.9985132097360092,0.526612868577432,0.0043710964152395854,7.216449660063518e-16,0.9985132097360094,120,4.7585415547529335,27.068472175179995,0.03702917850852141,0.0011367125753253072,0.007038378203161287,0.03652364377132706,0.3843586926516796,1000,5,2.1794792120756674,0.5360016286511304,4749.332438448038,0.0,3585.5941455888797,2.9397826128520497,2.380899904025453e-11,0.00017234990927033654,0.00033415504597871995,0.001166496935448711,0.0028704444338128756,0.9999413766757448,27,0.9997802716500488,2.381378761267018e-11,0.0013400539684057455,6.8296747071587225,0.00012733848540992727,4.560023476601153e-12,0.0011667533042274939,,,5,0.9999999999999997,0.9999999999997684,199250416863.62967,False,True,flat on the feasible set (objective invisible to the circuit),flat on the feasible set (objective invisible to the circuit)
NPP,optimality,9,10,61,0.25,0.8887617145937305,3.2862601528904634e-14,126092706.83303475,138580431.51929948,0.9126245130462131,0.9098882537068329,1.037037037037037,9.627860190287533,9.284008040634408,1.3653012291019269,0.14180733850697436,6.292254756777303,0.0033502725092219637,1.2670134955970849,2.9406461261474117,0.998860701911926,0.5691377196558431,0.0033502725092184275,3.5362338057787213e-15,0.9988607019119272,120,4.757544416797751,27.04976990284728,0.03703304503394227,0.0003964340376032747,0.006173019096308388,0.03531166069173962,0.339975732226941,1000,5,1.7317838191883983,0.6298907969629217,4750.459249302201,0.0,4512.530846323276,2.940525715196524,7.955454038165949e-10,0.00012041015534356086,0.0002533698189518906,0.0009174316030605315,0.002179471087209616,0.9999590528932342,27,0.9998450262218562,7.956682675125024e-10,0.008874094434597924,7.042575388581893,0.0009217099396135811,1.65259571072844e-12,0.0009175738029394988,,,5,0.9999999999996836,0.9999999999999495,5963037736.579776,False,True,flat on the feasible set (objective invisible to the circuit),flat on the feasible set (objective invisible to the circuit)
NPP,optimality,9,10,52,0.5,0.6666555049508773,2.220446049250313e-14,233865820.74221224,94515092.21063852,2.477794776100871,2.4743754174308314,1.037037037037037,3.8660873339124864,3.728012786272755,0.7537685763862331,0.1949693608249191,3.753208060806499,0.0014243039568058223,0.2917709951529121,2.9413303438578753,0.9995157619885233,0.9008030513260123,0.001424303956805954,-1.3162214373974024e-16,0.9995157619885232,120,4.756557299299959,27.03126830149891,0.037036773669942194,0.0048188494487733735,0.010953457302499327,0.06263693041782518,0.24215984332351168,1000,5,0.7225522407449201,0.8678870487892661,4752.098784225739,0.0,10815.450375179145,2.9412319751841696,6.257150697740988e-09,9.836241655539596e-05,8.124872506946345e-05,0.0003694342326395469,0.0009736209990968004,0.9999665564006059,27,0.9999044613063335,6.257748110775698e-09,0.015792993412211676,4.464502763183161,0.004085006894096503,1.767799972608128e-13,0.00036946953127591463,,,5,0.9999999999804241,0.9999999999999982,758150961.4799594,False,True,flat on the feasible set (objective invisible to the circuit),flat on the feasible set (objective invisible to the circuit)
NPP,optimality,9,10,53,0.5,0.8888400203520995,2.7644553313166398e-14,270081910.1370871,152150480.2117699,1.7778994634823466,1.7750973231315137,1.037037037037037,5.502312738033448,5.305801568817968,1.1618003169280624,0.21114763413889398,3.8434106411703586,0.0011371376039809198,0.5752777498033296,2.9414739178052933,0.9996134123110535,0.8044253439335072,0.001137137603981298,-3.7816971776294395e-16,0.9996134123110533,120,4.756350165878065,27.027387594196934,0.03703775909325324,0.000635331547198904,0.0063382417155154434,0.04033571140538252,0.22193969866347726,1000,5,0.6043141082733173,0.8954440505176863,4752.384000523383,0.0,12931.566210790428,2.941424016619479,3.5441403512647553e-09,4.9897641673883645e-05,6.474558860793208e-05,0.0003113367270195772,0.0007610552883535008,0.9999830353124969,27,0.999920162144269,3.544422886334896e-09,0.018416178791030267,6.917543189379131,0.003346988742339698,2.615411938763872e-13,0.0003113615854609174,,,5,0.9999999999937196,0.9999999999999968,1338509351.3549695,False,True,flat on the feasible set (objective invisible to the circuit),flat on the feasible set (objective invisible to the circuit)
NPP,optimality,9,10,54,0.5,0.8887995908143851,2.631228568361621e-14,150675606.3848734,84754244.23953429,1.7811666275758757,1.7777942300922502,1.037037037037037,5.247013373798223,5.059620039019716,0.9310696785566556,0.17744755201236892,4.521655504115968,0.0017294902591565298,0.5733919815912807,2.941024884040088,0.9994119430037666,0.8050366779611835,0.0017294902591551914,1.3383391617161067e-15,0.999411943003767,120,4.7569979846643715,27.039526529004842,0.03703572040680363,0.0035595621518063783,0.009578619113424074,0.05030955490932342,0.26397490743905605,1000,5,0.9063042078942332,0.8239061981265259,4751.670359265911,0.0,8622.632263187248,2.940912462768288,4.3029337757788e-09,0.00011241696886612543,0.00010195954833796248,0.0004671377351371413,0.0011603929756815897,0.999961774797483,27,0.9998778715941005,4.303458906319909e-09,0.015809512948298184,5.3902852853433325,0.0030130498670434963,1.6911025134657986e-12,0.0004671947928918986,,,5,0.9999999999907424,0.9999999999999477,1102472228.7152169,False,True,flat on the feasible set (objective invisible to the circuit),flat on the feasible set (objective invisible to the circuit)
NPP,optimality,9,10,55,0.5,0.9998299659210081,2.9976021664879227e-14,57102360.0384593,35874800.20996758,1.5943690753312487,1.5917122800475911,1.037037037037037,5.825644351709015,5.617585624862265,1.0183554765292275,0.1748056378056244,4.702294459094551,0.0015413751449192769,0.6822046061001055,2.9405130643144495,0.9994758142163607,0.7679981040114323,0.0015413751449171679,2.1089900659188032e-15,0.9994758142163614,120,4.7577363844442955,27.05336943428654,0.03703586671036356,0.01287968148381829,0.017813910985466398,0.04650164046425041,0.2709020191157638,1000,5,0.6065811052283505,0.8949241408517713,4751.653755147678,0.0,12883.236612372364,2.9403508151641935,9.168374670792468e-09,0.00016223998188139442,6.923366049838643e-05,0.00031411583053871133,0.0011580256538824359,0.9999448228432565,27,0.9998299659210381,9.169933427965028e-09,0.031212898578688027,7.2893960070130435,0.005357844848446917,5.012931481810718e-13,0.0003141692500177762,,,5,0.9999999999579707,0.9999999999999916,517416110.86836797,False,True,flat on the feasible set (objective invisible to the circuit),flat on the feasible set (objective invisible to the circuit)
NPP,optimality,9,10,56,0.5,0.8888400162238504,2.9531932455029164e-14,275374891.6871846,154508996.21302712,1.7850473917189977,1.7822579813250181,1.037037037037037,5.476319397794055,5.280736562158553,1.153255243360182,0.21058947800318784,3.8493493841159596,0.0011453013787956015,0.571371494795521,2.9414670291125486,0.9996106359964398,0.8057528814226057,0.0011453013787952084,3.931317077432439e-16,0.99961063599644,120,4.756360104160967,27.0275737782078,0.03703782618500984,0.0008987955614476465,0.006619691553235493,0.040688973285413405,0.22282581367923351,1000,5,0.6044570245405649,0.8954112856729856,4752.383815706482,0.0,12928.50870447074,2.941416513425443,3.733282497149024e-09,5.0511953822646386e-05,6.512216291202192e-05,0.0003114451745705371,0.0007687340413132081,0.9999828263629659,27,0.9999195531158243,3.73358240816709e-09,0.01880872173838279,6.883614739182293,0.00343455528652314,1.8663647131957546e-13,0.00031147023138016513,,,5,0.9999999999930314,0.9999999999999981,1270695449.985752,False,True,flat on the feasible set (objective invisible to the circuit),flat on the feasible set (objective invisible to the circuit)
NPP,optimality,9,10,57,0.5,0.9997513892715301,3.0309088572266774e-14,14333691.909313202,8965736.207789313,1.6005458533172154,1.5987188979372693,1.037037037037037,5.746362421413168,5.541135192076983,0.9784269606402939,0.17026892647673889,4.813159871733598,0.001296562662560877,0.6767159813882645,2.93978614932628,0.9995589602111508,0.7698077523280564,0.0012965626625613719,-4.948298715223842e-16,0.9995589602111505,120,4.758785101092944,27.073042083315563,0.03703216784140699,0.023311638348049807,0.026551484385033942,0.047774384161975894,0.2745289258545347,1000,5,0.24569568239602313,0.9698956451377194,4751.255348847938,0.0,31806.533297785245,2.9394577387294647,7.809552701765852e-09,0.0003284027872626163,3.495775861136513e-05,0.0001276347260310495,0.0011339701779188708,0.9998882875895954,27,0.9997513892715604,7.811494279069968e-09,0.044523224302791986,11.26596564718008,0.007748071046977691,1.4747242979460193e-13,0.00012766646528398107,,,5,0.9999999999695056,0.9999999999999987,607443853.6027664,False,True,flat on the feasible set (objective invisible to the circuit),flat on the feasible set (objective invisible to the circuit)
NPP,optimality,9,10,58,0.5,0.9998909673925013,3.341771304121721e-14,120223237.40199208,75929780.21222454,1.5861739236616654,1.5833476281106946,1.037037037037037,5.936406665951894,5.724392142167899,1.0827636949454145,0.18239378733191872,4.524874311713831,0.0016474524319165802,0.6886186911761832,2.9411541370717362,0.9994398619197983,0.7658678671421879,0.0016474524319167287,-1.485356976305141e-16,0.9994398619197983,120,4.756811511956545,27.03603181408185,0.0370368782859595,0.001463852518594609,0.007288794929036164,0.043370366788030267,0.2574641345052415,1000,5,0.8747310706080438,0.8315211000187855,4751.861619896521,0.0,8933.86340766311,2.9410690135456035,4.928596268744683e-09,8.511859753705744e-05,0.00010016145864340726,0.00045219951768499185,0.0010950914555881695,0.9999710577813451,27,0.9998909673925347,4.929133260955879e-09,0.019439698689191886,6.193105639312663,0.003274657513052091,2.019701497762976e-12,0.0004522488275538832,,,5,0.9999999999878545,0.9999999999999317,962518464.7820286,False,True,flat on the feasible set (objective invisible to the circuit),flat on the feasible set (objective invisible to the circuit)
NPP,optimality,9,10,59,0.5,0.6666662277274489,2.1760371282653068e-14,392080431.34678155,157804688.22759432,2.487357072564747,2.4845930482198493,1.037037037037037,4.009101130636417,3.865918947399402,0.9154207048814735,0.22833564807983703,3.246664705911579,0.0009755963909372314,0.28904279055498006,2.9416429471599628,0.9996683498274734,0.9017410352830078,0.00097559639093761,-3.7860339863193815e-16,0.9996683498274733,120,4.756106308066323,27.022819558390506,0.03703814361495276,0.0021541565324708616,0.00799208019693533,0.051982548696506196,0.2084032947525256,1000,5,0.476362486733618,0.9240529213800565,4752.6247243371145,0.0,16405.00274661883,2.941587537939194,4.824023531511324e-09,5.54043967458354e-05,5.243244679150233e-05,0.0002436629075639191,0.000679501036581488,0.9999811638523899,27,0.9999333374265628,4.824344690685642e-09,0.01770431066436226,5.70011929165773,0.0044160299497238735,4.1654563943429096e-13,0.0002436791518437174,,,5,0.9999999999883644,0.9999999999999936,983383457.376145,False,True,flat on the feasible set (objective invisible to the circuit),flat on the feasible set (objective invisible to the circuit)
NPP,optimality,9,10,60,0.5,0.9999038910767399,3.086420008457935e-14,79850102.73680091,50440196.209522426,1.5858585364047353,1.5830648716177336,1.037037037037037,6.037585915580734,5.821957847167137,1.1728618795987131,0.19426007281685195,4.263544553306311,0.0013886247774445818,0.6888945938816832,2.941285494453408,0.9995278850760787,0.7657845200063779,0.001388624777443597,9.846724130513351e-16,0.999527885076079,120,4.756622003313393,27.03248066497134,0.03703732208842212,0.00113671246959138,0.0068925502944794225,0.03993850686354447,0.24113216652866057,1000,5,0.7435997592313316,0.8629040263560528,4752.107626022976,0.0,10509.320109690945,2.941225051903257,3.935006143413892e-09,6.043861514476901e-05,8.217131144507479e-05,0.00038446658671658436,0.0009219868792829471,0.9999794502946875,27,0.9999038910767708,3.9353839248788765e-09,0.019158286661945963,6.829553100619326,0.0031731700268654802,2.9808418845324434e-13,0.0003845035409374385,,,5,0.9999999999922579,0.9999999999999961,1205554675.3457386,False,True,flat on the feasible set (objective invisible to the circuit),flat on the feasible set (objective invisible to the circuit)
NPP,optimality,9,10,61,0.5,0.8888431571567004,2.864375403532904e-14,246591110.80225557,138580436.21111003,1.7821440713754653,1.7794078121287247,1.037037037037037,5.509123530153775,5.312369118362569,1.1799756729867261,0.21418573508621067,3.7899819424218295,0.0011017691670807549,0.5729668139479771,2.941506740957183,0.9996254405431951,0.8052131562474236,0.0011017691670817276,-9.727461891539946e-16,0.9996254405431948,120,4.756302812079605,27.026500484707643,0.03703794879842478,0.00039643402418151435,0.0060770937483565265,0.03976327959447306,0.219060819249995,1000,5,0.5843249619007073,0.9000112510024127,4752.435929871149,0.0,13373.941578383421,2.941461027137453,3.5756604214495735e-09,4.571024406971149e-05,6.2680851573611e-05,0.00030102219989339873,0.0007380661156140624,0.9999844590464154,27,0.9999231607039543,3.5759347497016657e-09,0.018832371286943154,7.042482125361762,0.003418396988897704,1.1192255215636943e-13,0.0003010453320047878,,,5,0.9999999999936073,0.9999999999999991,1326710175.1111062,False,True,flat on the feasible set (objective invisible to the circuit),flat on the feasible set (objective invisible to the circuit)
NPP,optimality,9,10,52,0.75,0.6666700477445502,2.2426505097428162e-14,510334961.3221362,94515100.23134162,5.402926527848084,5.399507169468217,1.037037037037037,1.964126002707961,1.8939786454683911,0.5836352910878753,0.29714758130751856,1.5884731095387727,0.000504167651385633,0.01468038458630198,2.9419394065927023,0.9998286274522664,0.9950099636473123,0.0005041676513869811,-1.3480969812684762e-15,0.999828627452266,120,4.755678607512894,27.014809576009455,0.037037447371971996,0.004818849039838076,0.010890637054042456,0.0833905709830055,0.16378958884838507,1000,5,0.18853193375181157,0.9794190530165467,4753.036363102129,0.0,41450.42034915259,2.9418992791723406,2.248169190750375e-09,4.01251721935513e-05,2.0839709043801315e-05,9.553354839855285e-05,0.0003877943939434321,0.9999863602152133,27,0.9999578532654572,2.2482635036441054e-09,0.009466290123053304,4.464312332015093,0.0048195941146352275,7.311156640543509e-15,9.553757499536505e-05,,,5,0.9999999999974729,1.0,2110101652.6509259,False,True,flat on the feasible set (objective invisible to the circuit),flat on the feasible set (objective invisible to the circuit)
NPP,optimality,9,10,53,0.75,0.8888657802138471,2.964295475749168e-14,458905129.99054044,152150488.23247302,3.018928708849892,3.0161265686467758,1.037037037037037,3.4717996984710044,3.3478068520970403,0.975865890214114,0.281083580554457,2.494976703099806,0.0005673698189590508,0.16991933581141344,2.941881562770842,0.9998071404960216,0.9422412724014039,0.000567369818960284,-1.2331715509850127e-15,0.9998071404960213,120,4.755762058507837,27.01637226103754,0.037038292048500635,0.0006353315137070252,0.00631519903378184,0.049264282614803326,0.17103572152746455,1000,5,0.24314598706008314,0.9703406773563681,4753.007472241348,0.0,32140.065307021094,2.9418498914849183,2.282438016398368e-09,3.1669003484791406e-05,2.5767035560393266e-05,0.0001241541993366263,0.00041744858406207903,0.9999892343436512,27,0.9999540302689124,2.2825425001945027e-09,0.014779051739708612,6.917362744411256,0.004256884907910261,3.1585618849775395e-14,0.00012415990693415992,,,5,0.9999999999973952,0.9999999999999999,2078420346.2139251,False,True,flat on the feasible set (objective invisible to the circuit),flat on the feasible set (objective invisible to the circuit)
NPP,optimality,9,10,54,0.75,0.8888528894637538,3.1308289294429414e-14,260085373.2302785,84754252.26023738,3.0720723891328827,3.0686999919684035,1.037037037037037,3.310870494028613,3.1926251192418773,0.8197953995698003,0.24760720814914347,2.7736596938514215,0.0007777726680508943,0.16103270782638557,2.941729452381842,0.9997356070023975,0.9452591713707725,0.0007777726680503476,5.466547353671913e-16,0.9997356070023976,120,4.7559815074116765,27.02048204449327,0.03703765520204894,0.003559561814947868,0.009487909874282184,0.05789164649444167,0.19167174422918193,1000,5,0.36515476445279915,0.9473427951516247,4752.754201689548,0.0,21401.1390895088,2.9416765937879155,3.2701779029208162e-09,5.285532374851743e-05,3.805671014249828e-05,0.0001861402677136278,0.0005535756901950661,0.9999820314563994,27,0.999940428259399,3.2703722806263846e-09,0.013784140490172691,5.390092265959806,0.004163297995204994,1.898577944386742e-13,0.00018615135707398395,,,5,0.9999999999946529,0.999999999999998,1450644391.5227613,False,True,flat on the feasible set (objective invisible to the circuit),flat on the feasible set (objective invisible to the circuit)
NPP,optimality,9,10,55,0.75,0.999913965426054,3.4083846855992306e-14,89955448.3473301,35874808.23067067,2.5101391418823655,2.5074823471927004,1.037037037037037,4.004612450577452,3.8615905773425427,0.9496274449980938,0.23713341970486077,3.1249890988000786,0.0007251400425347663,0.28215350780260917,2.9414489738302594,0.9997534752263302,0.9040766947470797,0.0007251400425333193,1.4469762193991542e-15,0.9997534752263307,120,4.756386152427155,27.02806177308679,0.03703733934779794,0.012879678604246075,0.017688526588976593,0.04870749298075848,0.19505463282715924,1000,5,0.291113391734237,0.9616910544888199,4752.629295871549,0.0,26844.274860379464,2.9413478843562757,4.234853455791421e-09,0.00010108523913028952,2.698066553659084e-05,0.00014873627246330323,0.0005494231045346292,0.999965632763008,27,0.9999139654260881,4.235217386865415e-09,0.021212518083331123,7.288982901304645,0.0052970214584116245,8.366843181514923e-14,0.0001487490700261627,,,5,0.9999999999910331,0.9999999999999994,1120195777.7407634,False,True,flat on the feasible set (objective invisible to the circuit),flat on the feasible set (objective invisible to the circuit)
NPP,optimality,9,10,56,0.75,0.8888657486061091,3.086420008457935e-14,467959789.0097648,154509004.2337302,3.031478847027042,3.028689436777863,1.037037037037037,3.4557314312880774,3.3323124515992175,0.9694251039620345,0.28052674903636665,2.494978089968839,0.0005705438731959326,0.16777278229192,2.941878918082084,0.9998060614018853,0.9429708744093054,0.0005705438731959988,-6.613633252161577e-17,0.9998060614018853,120,4.755765873987187,27.016443711027918,0.03703831154517945,0.0008987955147903506,0.006595576819802435,0.04963426041997263,0.1715226738020372,1000,5,0.24327050604743167,0.9703189841976964,4753.007025908852,0.0,32123.614285274274,2.9418470248096322,2.3355372253469133e-09,3.1890936914146575e-05,2.590177241867076e-05,0.00012422393594380883,0.0004204181648332167,0.9999891588765751,27,0.9999538075864187,2.3356446703402673e-09,0.014876670680129425,6.883429576481852,0.0043049267502203855,2.2529392535169917e-14,0.00012422967441230834,,,5,0.9999999999972726,0.9999999999999999,2031166735.0332572,False,True,flat on the feasible set (objective invisible to the circuit),flat on the feasible set (objective invisible to the circuit)
NPP,optimality,9,10,57,0.75,0.9998836773835297,3.141931159689193e-14,22551634.347438812,8965744.228492403,2.5171378719146933,2.515310918169131,1.037037037037037,3.9567279324225786,3.8154162205503437,0.9110869433483255,0.23026272185221894,3.204623792165672,0.0006671856341829037,0.27955757959683225,2.9411460559291225,0.9997731545385725,0.9049494400207477,0.0006671856341825258,3.7795287732844685e-16,0.9997731545385726,120,4.756823170580938,27.036250296993813,0.03703533587641769,0.023311617493592555,0.026393110371763305,0.05152516009886538,0.20387104018572597,1000,5,0.11836792021434772,0.9895455757939156,4752.474016910527,0.0,66020.6573630744,2.9409816839502447,2.8158457828065582e-09,0.0001643691630323711,1.617305617539962e-05,6.0710042501097415e-05,0.0005903025355066276,0.9999441129492544,27,0.9998836773835611,2.816172923367562e-09,0.026732971947286042,11.265050542120619,0.006756333112577264,2.326141692958818e-14,6.071710527364544e-05,,,5,0.9999999999960355,0.9999999999999999,1684703527.0368774,False,True,flat on the feasible set (objective invisible to the circuit),flat on the feasible set (objective invisible to the circuit)
NPP,optimality,9,10,58,0.75,0.9999393156294861,3.6415315207705135e-14,189668194.9775666,75929788.23292764,2.500768135887178,2.4979418406347573,1.037037037037037,4.039807246738087,3.8955284164974415,0.972256916643611,0.24066913524863165,3.0884534306704663,0.0008452338877492463,0.28528719116334056,2.941708544106519,0.9997126724571533,0.9030198991892344,0.0008452338877496888,-4.4246290659133436e-16,0.9997126724571531,120,4.756011671676852,27.02104700207834,0.037038180103274386,0.001463852363963249,0.007227722541907893,0.048873146701058426,0.1974380922138295,1000,5,0.40988029758471517,0.9381939784580732,4752.734032768209,0.0,19065.878377908637,2.9416625665290272,3.71421530144232e-09,4.5973863277197084e-05,4.385024144320486e-05,0.0002096696726687075,0.0005917139736374336,0.9999843704511162,27,0.9999393156295225,3.7144402658484215e-09,0.016877930682189103,6.192919575959429,0.004177904947276151,3.256538914434779e-13,0.00020968239711253176,,,5,0.9999999999931023,0.9999999999999956,1277218641.7605498,False,True,flat on the feasible set (objective invisible to the circuit),flat on the feasible set (objective invisible to the circuit)
NPP,optimality,9,10,59,0.75,0.6666649293322275,2.3869795029440866e-14,848522759.4422176,157804696.24829742,5.379807798029186,5.377043773824775,1.037037037037037,2.03225244277698,1.959671998392088,0.6892509894183169,0.339156186953077,1.4439085630908421,0.0003058923059929273,0.014965043594097584,2.9420011153661987,0.9998960257681769,0.9949133113798174,0.00030589230598935787,3.569410392256778e-15,0.9998960257681782,120,4.755589580571368,27.013142576678618,0.03703757870821277,0.0021541564229820417,0.007969811829325104,0.0649661399712012,0.13202759665426483,1000,5,0.12402737507714,0.988805796937006,4753.129361910846,0.0,63008.08912863579,2.9419384650852374,1.4827922890508128e-09,6.264879816917562e-05,8.886790645300206e-06,6.275323334774338e-05,0.0002342522819996885,0.9999787048751837,27,0.9999608677355356,1.482849872248955e-09,0.009815651520598085,5.699938381648171,0.004829937124929936,1.939138592926477e-14,6.275568911996666e-05,,,5,0.9999999999989007,0.9999999999999999,3199278767.159394,False,False,flat on the feasible set (objective invisible to the circuit),flat on the feasible set (objective invisible to the circuit)
NPP,optimality,9,10,60,0.75,0.9999445297148107,3.352873534367973e-14,125984710.67771316,50440204.23022552,2.5004978786769922,2.4977042143342225,1.037037037037037,4.0921815944550035,3.9460322517958963,1.0383465356690744,0.25373911487116235,2.9423168975561107,0.0007303458348134043,0.28538264320668955,2.941765086755287,0.9997517321018929,0.9029893160090967,0.0007303458348144557,-1.0514592668764422e-15,0.9997517321018926,120,4.755930097877818,27.019519203700582,0.03703835170239597,0.0011367122888380828,0.006850155916567701,0.04583331322068001,0.1875582407745579,1000,5,0.345526724021869,0.9512505416109253,4752.844278289321,0.0,22616.855253015307,2.941728484691268,3.010330523072013e-09,3.659905368853733e-05,3.638161050422627e-05,0.00017686678087214055,0.0005170974434370673,0.9999875577882871,27,0.9999445297148443,3.010497072145265e-09,0.016756893855794708,6.829374980148719,0.004094855877974885,4.8752847656763527e-14,0.00017687659226715098,,,5,0.999999999995469,0.9999999999999998,1575861887.596441,False,True,flat on the feasible set (objective invisible to the circuit),flat on the feasible set (objective invisible to the circuit)
NPP,optimality,9,10,61,0.75,0.8888667710180762,2.8310687127941492e-14,418399121.1215034,138580444.2318131,3.02191492777281,3.0191786686844373,1.037037037037037,3.476121294155448,3.351974105078468,0.9865845131117305,0.283817631671978,2.4722507040227435,0.0005549125732063954,0.16940519886336297,2.941892628653456,0.9998113756539577,0.9424162536683394,0.0005549125732064609,-6.548581121812447e-17,0.9998113756539577,120,4.755746093813804,27.016073302686394,0.037038349018828035,0.00039643400123686573,0.0060582988585509805,0.048825182245557174,0.16972225569480182,1000,5,0.2350937796709654,0.9717344802105141,4753.025613630578,0.0,33240.8960976704,2.9418624370771944,2.241835599938184e-09,3.0189334426753067e-05,2.5079122507605814e-05,0.00012006149961831257,0.0004097719510804871,0.9999897373629589,27,0.9999550038174021,2.2419360344312877e-09,0.014911605037297448,7.042298877560657,0.004289725177993349,1.3304357383463868e-14,0.0001200669021705666,,,5,0.9999999999974871,1.0,2116063025.9380784,False,True,flat on the feasible set (objective invisible to the circuit),flat on the feasible set (objective invisible to the circuit)
NPP,optimality,9,20,52,0.25,0.678218670873765,4.340972026284362e-14,56728363.45508695,94515049.76121782,0.6036239159712827,0.6002045557655115,2.074074074074074,12.343117067014257,5.951145728739017,1.047200647423575,0.08484085841024014,9.806184725157571,0.009427499908698404,0.972826115324691,2.935393524270248,0.9967883352501972,0.6685874969467545,0.009427499908698844,-4.40619762898109e-16,0.9967883352501969,120,4.765122319477681,27.192225378438064,0.037767747668244735,0.0048188516130569245,0.011295646260767754,0.04337167883640496,0.5353417092706911,1000,5,3.3189953162409345,0.34500758876065135,4789.878483030969,0.0,2354.5462281947634,2.9338856517366994,0.00033296908226380337,0.0011749034512851825,0.0007420993313227784,0.0018211500554121103,0.006864250521963507,0.9994863133269589,27,0.9992212266151532,0.0003332285918217397,3.6675996588276814,4.509044157928573,0.29713723356225585,7.19232980094454e-11,0.0018225694239710922,,,5,0.9554620481647578,0.9999999999855069,14247.162187382848,False,True,flat on the feasible set (objective invisible to the circuit),flat on the feasible set (objective invisible to the circuit)
NPP,optimality,9,20,53,0.25,0.8865509351940588,5.484501741648273e-14,68802537.73480654,152150437.7623492,0.4550028626466283,0.4522007215140084,2.074074074074074,16.203167954453217,7.812241692325659,1.3449419414279176,0.08300487566434679,10.505355989849168,0.011833116525762962,1.2683606770247366,2.9351980655839567,0.9959685458148431,0.5678790157650242,0.011833116525762518,4.440892098500626e-16,0.9959685458148432,120,4.765404306755137,27.197540854549786,0.03758021184926733,0.0006353317244541031,0.006900366755163597,0.03690946023890124,0.5980501833591297,1000,5,5.553192538138401,0.13549150489418882,4724.192283494404,0.0,1407.2495865362007,2.9345955609215135,2.1149589547648046e-05,0.0005813550728963115,0.0009746451367261739,0.003171382180756601,0.007687089208280437,0.9997947311735083,27,0.9992915707419157,2.1164583157147953e-05,0.0,6.9193941734948625,0.0,2.1164583157147953e-05,0.003173630473437887,,,5,0.9997794760012158,0.9977153888613112,224300.54766779923,False,True,flat on the feasible set (objective invisible to the circuit),flat on the feasible set (objective invisible to the circuit)
NPP,optimality,9,20,54,0.25,0.8880830154528846,6.039613253960852e-14,38528032.12031722,84754201.79011358,0.4579579100566172,0.4545855108839152,2.074074074074074,15.528864724497813,7.487131206454303,1.1667312650173969,0.07513306901159368,11.532039171182335,0.0121586510534041,1.2588322024130998,2.931205674430954,0.995851996617138,0.5705411553361974,0.012158651053403097,1.0026701691145945e-15,0.9958519966171383,120,4.771164109672937,27.3063411181316,0.03703321092832954,0.0035595639346247885,0.010157361409976272,0.03733626691662456,0.5797898382660058,1000,5,7.05458039926686,0.0701783072258927,4738.232238740398,0.0,1107.7523340811758,2.929948234042798,7.274454991013979e-07,0.0012567129426569901,0.0009670176941769068,0.003936204677621114,0.007255428681606284,0.9995710159818791,27,0.9988203978294389,7.283046083546909e-07,0.20539528078514674,5.395472218915173,0.013226677186589311,2.6322546378167505e-09,0.003940853316747412,,,5,0.999999735539804,0.9999999967930951,6521264.51647864,False,True,flat on the feasible set (objective invisible to the circuit),flat on the feasible set (objective invisible to the circuit)
NPP,optimality,9,20,55,0.25,0.9980560751306985,6.006306563222097e-14,14734432.089328766,35874757.76054686,0.41337544878526605,0.41071865035791,2.074074074074074,16.673271557309114,8.038898786559752,1.177777375583796,0.07063864890196009,12.395549265835209,0.012532102780548782,1.3536122824589794,2.924897797758439,0.995715370707943,0.537210399797097,0.012532102780546995,1.7867651802561113e-15,0.9957153707079436,120,4.780264452066882,27.479130544547278,0.0382215314217319,0.0128796967239217,0.01873211648642088,0.03639228526107211,0.6067784547489133,1000,5,6.906201004400467,0.07494832459766271,4691.028700389638,0.0,1131.552339451432,2.9227950504287445,0.00013617999342439662,0.001966567336269503,0.0007311395203548089,0.0038987921460273875,0.007902171114166584,0.9992810869045388,27,0.9980560751307586,0.00013644523270509804,0.0,7.295523299472336,0.0,0.00013644523270509804,0.003906385866662446,,,5,0.9915278518856323,0.9651401387235534,34835.252955418626,False,True,flat on the feasible set (objective invisible to the circuit),flat on the feasible set (objective invisible to the circuit)
NPP,optimality,9,20,56,0.25,0.8864807939398915,5.218048215738236e-14,70283337.12592721,154508953.76360637,0.45767138022381415,0.45488196906347844,2.074074074074074,16.072102826709123,7.749049577163328,1.326769094428477,0.08255105811192363,10.55046338614398,0.011830473676129126,1.2620276884544528,2.9348761059441673,0.9959690040570475,0.5699894500151478,0.011830473676128283,8.430756093247282e-16,0.9959690040570478,120,4.7658687963308575,27.206298774779796,0.037593049398534834,0.0008987958083805914,0.007203202391452692,0.037163694007171545,0.5972987115036147,1000,5,5.545239243181288,0.13595770913434377,4723.490156953347,0.0,1409.2679432831633,2.934275541106923,2.2310241877156333e-05,0.0005782545953673416,0.0009640984474300051,0.0031683698756346645,0.0076980053530641985,0.9997953696116753,27,0.9992599421355481,2.2326764974719884e-05,0.0,6.885560866370786,0.0,2.2326764974719884e-05,0.0031707163892344637,,,5,0.9997547973859533,0.997526487521,212631.69375713708,False,True,flat on the feasible set (objective invisible to the circuit),flat on the feasible set (objective invisible to the circuit)
NPP,optimality,9,20,57,0.25,0.9977171963869138,5.4511950509095186e-14,3734371.7300891876,8965693.758368598,0.41834484103232145,0.4165178770023811,2.074074074074074,16.77844678892306,8.08960827323076,1.2579859518837628,0.07497630547746952,11.688821081690156,0.007740054054733898,1.335860192253955,2.9226439529736092,0.99735169450016,0.5429274951898263,0.00774005405473123,2.6680047060523293e-15,0.997351694500161,120,4.783516062760824,27.541134086548176,0.03780508265890168,0.02331174872049509,0.027313985300972992,0.03444011974177368,0.5778517164914883,1000,5,3.1786012796711125,0.3648995834024986,4703.890856493068,0.0,2458.542992866272,2.9197293011834473,7.48159888279889e-05,0.0028398358013344274,0.0002688259463901712,0.001746624876355389,0.00572460323198834,0.9990027345660095,27,0.9977171963869683,7.49871698097188e-05,0.0,11.276940536268564,0.0,7.49871698097188e-05,0.0017506212007575282,,,5,0.9973370369100961,0.9852787849651302,63407.09509735233,False,True,flat on the feasible set (objective invisible to the circuit),flat on the feasible set (objective invisible to the circuit)
NPP,optimality,9,20,58,0.25,0.9990054976838162,6.439293542825908e-14,30658066.358417273,75929737.76280384,0.40659519271434985,0.403768895583305,2.074074074074074,17.467936207176503,8.422040671317243,1.3103118625882162,0.07501240255559723,11.748242973772241,0.014200064859292556,1.3794672541584843,2.9328744732110383,0.995158311414622,0.5296534963365876,0.014200064859293484,-9.280770596475918e-16,0.9951583114146216,120,4.768756541948606,27.26081033081159,0.03758950504913061,0.0014638533369787262,0.007864746833965687,0.034343475600296235,0.5999096409186974,1000,5,8.010617733858611,0.0457927780526499,4718.564019645034,0.0,975.5462266312545,2.9317460572340504,2.747812687024249e-05,0.0011009378501168276,0.0011968405884520447,0.004555250149043483,0.008447974121797115,0.9996152525492329,27,0.9990054976838806,2.7505481134493075e-05,0.0,6.195565366925375,0.0,2.7505481134493075e-05,0.004559784865653381,,,5,0.9996293212922428,0.9966294903153805,172641.48101725455,False,True,flat on the feasible set (objective invisible to the circuit),flat on the feasible set (objective invisible to the circuit)
NPP,optimality,9,20,59,0.25,0.6668810631021456,4.163336342344337e-14,95202734.91293192,157804645.7781736,0.6060589055620821,0.6032948804736626,2.074074074074074,12.047085913612781,5.808416422634734,0.9820241330109734,0.08151549180049598,10.155566960417323,0.014285412761854906,0.9693811030298423,2.9360329583091684,0.9951344508169003,0.6698330308975486,0.014285412761855269,-3.625572064791527e-16,0.9951344508169002,120,4.764199811160838,27.174843301876624,0.03706430194054542,0.0021541571119385733,0.00895626709898496,0.05814804502699236,0.7005144941488014,1000,5,3.6346388800976777,0.3037151364150272,4747.068473776525,0.0,2150.0699687230453,2.935157222088749,1.035442046502036e-06,0.0008747007783731087,0.001170028292790923,0.002095660276521248,0.011019724192542725,0.9997017280688416,27,0.9993467432917943,1.0361188976785627e-06,0.25938969304258563,5.704943674415896,0.021531322587272698,1.3856024874617127e-09,0.002097030175550736,,,5,0.9999994642997874,0.999999998774267,4581487.236803042,False,True,flat on the feasible set (objective invisible to the circuit),flat on the feasible set (objective invisible to the circuit)
NPP,optimality,9,20,60,0.25,0.9991118716230905,7.083222897108499e-14,20355622.90325761,50440153.76010171,0.40635355714300814,0.4035598900049142,2.074074074074074,17.79512461453909,8.579792224867063,1.399493809180093,0.07864478836167685,11.23338341144599,0.012520695091287084,1.3805280334521006,2.9335600681019747,0.9957319111248375,0.529401818471947,0.012520695091287542,-4.579669976578771e-16,0.9957319111248373,120,4.767767437599406,27.242126863902804,0.0376344189027781,0.0011367134262257725,0.007424976124503069,0.03281357516505001,0.5839216591106101,1000,5,6.8480454536365905,0.0769020648948541,4719.4323827137805,0.0,1141.1618039277528,2.9327944931642196,2.631608363716824e-05,0.0007392588541187458,0.0010372583874511219,0.003919293915081107,0.007564142788754944,0.9997390287159689,27,0.9991118716231613,2.633947647321137e-05,0.0,6.831931150817886,0.0,2.633947647321137e-05,0.0039227778454016425,,,5,0.9996597472859807,0.9968388241954351,180264.8366629214,False,True,flat on the feasible set (objective invisible to the circuit),flat on the feasible set (objective invisible to the circuit)
NPP,optimality,9,20,61,0.25,0.8865318999553404,5.750955267558311e-14,63228424.21531677,138580393.76168928,0.4589943388723519,0.4562580787874507,2.074074074074074,16.094495408182304,7.759846000373611,1.3444799388282112,0.08353663191855577,10.428137251588748,0.011944661823979836,1.2596154891549811,2.9354821185953504,0.9959309369495681,0.5708999618237443,0.011944661823980355,-5.186823193170653e-16,0.9959309369495679,120,4.764994504884277,27.189816408296114,0.037597565825736694,0.00039643414561568144,0.006654244463251689,0.037955497662390834,0.6108745828426234,1000,5,5.29514440490049,0.15141777378449556,4724.256822429368,0.0,1475.829043683661,2.934931236310355,2.1711661490569436e-05,0.0005291706235045882,0.0009883658509307965,0.003037327044868662,0.007918968928180255,0.9998123366919847,27,0.9993245974326079,2.172633551291109e-05,0.0,7.044245123842406,0.0,2.172633551291109e-05,0.003039379849822512,,,5,0.9997676858595277,0.9976245118963064,218493.85043848306,False,True,flat on the feasible set (objective invisible to the circuit),flat on the feasible set (objective invisible to the circuit)
NPP,optimality,9,20,52,0.5,0.6573720150498241,4.5630166312093934e-14,118489989.10859227,94515052.10712309,1.2570819933943407,1.2536626332734393,2.074074074074074,4.787275116806587,2.308150502746033,0.2543170908968643,0.0531235587451489,10.6685753331176,0.015571829517145471,0.25522053888693425,2.8897771940910193,0.9946114082604753,0.9116815858991462,0.015571829517146288,-8.170547571850761e-16,0.9946114082604751,120,4.830932772810809,28.461361510206654,0.03722562175844696,0.004818851493450902,0.022542795596044916,0.1573265461138832,0.7531654594241171,1000,6,2.0736669221128494,0.7222116174148141,5741.913341378954,0.0,4575.338949378696,2.871958947855943,3.455629459243756e-05,0.01778368994048537,0.00015556206621112918,0.0008812713948441076,0.014534996056089858,0.9938340415062065,27,0.9918925075601406,3.4838749490102286e-05,0.0,4.482315991283543,0.0,3.4838749490102286e-05,0.0008884746967313052,,,5,0.9994165096263011,0.995266659078572,137279.31696384185,False,True,flat on the feasible set (objective invisible to the circuit),flat on the feasible set (objective invisible to the circuit)
NPP,optimality,9,20,53,0.5,0.8879566732104551,5.495603971894525e-14,135796587.27049828,152150440.10825443,0.8953173856978409,0.8925152446084254,2.074074074074074,8.718925845099559,4.203767818173001,0.8626813817542958,0.09894353927085671,7.7025561366734525,0.010366395670407418,0.5695677118794763,2.939033630652879,0.9964728557161475,0.8062057861675601,0.01036639567040735,6.765421556309548e-17,0.9964728557161475,120,4.75987075605121,27.093422720471782,0.03723757565359201,0.0006353317146583508,0.007350636663420441,0.07930689540327755,0.6914709400262441,1000,5,1.497158526642974,0.6829262960385811,4742.506207982607,0.0,5219.706373228136,2.938552712387622,2.951918423566655e-06,0.00047796634683392955,0.0007966326333636914,0.0008824405093669262,0.008687322527676887,0.9998363685735878,27,0.999669400171286,2.9528946495882666e-06,0.0,6.918086548911865,0.0,2.9528946495882666e-06,0.0008827323405270608,,,5,0.9999956516534917,0.9998795654051229,1607044.585335752,False,True,flat on the feasible set (objective invisible to the circuit),flat on the feasible set (objective invisible to the circuit)
NPP,optimality,9,20,54,0.5,0.8878823719787081,6.061817714453355e-14,75801178.40990424,84754204.13601884,0.8977372177053904,0.8943648186260327,2.074074074074074,8.214768143297482,3.9606917833755717,0.6929868757029316,0.08435866522518315,8.861198219655446,0.015053855839528396,0.5670520360006986,2.9372905041892046,0.9948749176092531,0.8069472409378775,0.015053855839528297,9.8879238130678e-17,0.9948749176092531,120,4.762385555955972,27.140691168079147,0.03719194205341822,0.0035595638360998855,0.011141161584461844,0.09574449476472098,0.7865188254893424,1000,5,2.1603361781243646,0.5398031004583734,4741.089400422568,0.0,3617.3665850636444,2.936306530546642,3.0638797719231808e-06,0.0009809097627912398,0.0011769113397389294,0.0012685260447493816,0.012608418455040425,0.9996650063583566,27,0.9994581981390234,3.065540687128518e-06,0.0,5.391219780720665,0.0,3.065540687128518e-06,0.0012692137070974183,,,5,0.9999953158966133,0.9998726575669775,1548319.4094294987,False,True,flat on the feasible set (objective invisible to the circuit),flat on the feasible set (objective invisible to the circuit)
NPP,optimality,9,20,55,0.5,0.9989814555344044,6.117328865684613e-14,28802696.277201176,35874760.10645213,0.8055247809727883,0.8028679827191644,2.074074074074074,8.795386523008936,4.240632787879309,0.6734480299410663,0.0765683268358145,9.980447117089415,0.017181922665471437,0.6697607200040114,2.93305569724261,0.994141971909492,0.7716508688758761,0.017181922665471007,4.3021142204224816e-16,0.9941419719094923,120,4.768495090937013,27.25587046448517,0.037110200293304335,0.012879695881698692,0.0198876321339998,0.09546728623652707,0.8396716827529868,1000,5,1.1995558651555442,0.7531108355123981,4739.695446077946,0.0,6514.684418001539,2.931510718686807,1.0614565456686924e-06,0.0015439170992579308,0.0011434123048991,0.0007776344460441778,0.015260875914528363,0.999473252909157,27,0.9989814555344656,1.0625387882272065e-06,0.0,7.292143984621132,0.0,1.0625387882272065e-06,0.0007784273088710077,,,5,0.9999994370534868,0.9999740019631472,4469202.75682668,False,True,flat on the feasible set (objective invisible to the circuit),flat on the feasible set (objective invisible to the circuit)
NPP,optimality,9,20,56,0.5,0.8879553211767005,5.4511950509095186e-14,138068672.47223854,154508956.10951164,0.8963859763188992,0.893596565200915,2.074074074074074,8.689592365936482,4.189624890719376,0.8545546999780733,0.09834232309077683,7.741480202533732,0.010480919417725007,0.5683303256365743,2.938934750892109,0.9964337692714874,0.8066202982342298,0.010480919417726737,-1.7295193055488767e-15,0.9964337692714867,120,4.760013409391713,27.096101844082117,0.03723491026307373,0.0008987957947341991,0.00765372797467235,0.07991545710730297,0.6944327459999442,1000,5,1.4977995270396178,0.6827782914098521,4742.491812934216,0.0,5217.47254033181,2.93845092378343,2.9017172175502218e-06,0.0004809253914606513,0.0008038275849883099,0.0008843129925963731,0.008792778840140169,0.9998353733071031,27,0.9996600519659761,2.90270398561944e-06,0.0,6.884182874255289,0.0,2.90270398561944e-06,0.0008846137152897565,,,5,0.9999957981538578,0.999882620991804,1634847.2864083282,False,True,flat on the feasible set (objective invisible to the circuit),flat on the feasible set (objective invisible to the circuit)
NPP,optimality,9,20,57,0.5,0.998477991611565,6.45039577307216e-14,7261011.6720199585,8965696.104273867,0.8116928777622622,0.8098659142103534,2.074074074074074,8.652172992926973,4.171583407304077,0.6525940167372013,0.07542544714150856,10.079925267690417,0.014934024020851843,0.6568316945152617,2.929177472171494,0.9949016322285925,0.7757624108626198,0.014934024020850098,1.745131816832668e-15,0.9949016322285932,120,4.774090187014476,27.361780102615302,0.03702462655037169,0.02331174262089574,0.028767984406807674,0.09051716788279705,0.7831701953517735,1000,5,0.4555549575446134,0.928541482872751,4737.932748907465,0.0,17154.30328180737,2.9266965032366574,1.9777091421544446e-07,0.002480771163922573,0.0007425986709348404,0.0003084794610870672,0.013882945888830302,0.9991530151524082,27,0.9984779916116295,1.9807238159829445e-07,0.0,11.272646406895605,0.0,1.9807238159829445e-07,0.0003089496850989281,,,5,0.9999999804459111,0.9999979080278646,23986664.297308438,False,True,flat on the feasible set (objective invisible to the circuit),flat on the feasible set (objective invisible to the circuit)
NPP,optimality,9,20,58,0.5,0.9978435319698948,6.039613253960852e-14,60316325.70773363,75929740.1087091,0.7971965348632976,0.7943702378195732,2.074074074074074,8.347400983429337,4.024639759867716,0.5478959380472862,0.06563671005321657,11.449851100764763,0.019712887154795633,0.6744994054260598,2.923063262379615,0.9932560860353232,0.7692491250165548,0.019712887154796965,-1.3322676295501878e-15,0.9932560860353228,120,4.782911127160178,27.529588250781487,0.03721860357297473,0.0014638532917518989,0.010871664928124494,0.11044606653523388,0.9219376044121133,1000,5,1.5205940166978897,0.677525463639638,4724.5362766587605,0.0,5139.259932260934,2.9208658965735426,5.446393273639381e-06,0.0021919194127988763,0.001168713761817597,0.0010408319726814782,0.017503341420296643,0.9992482660795088,27,0.9978435319699552,5.458163628563946e-06,0.0,6.199171805197571,0.0,5.458163628563946e-06,0.001043081344253096,,,5,0.9999852221428117,0.9996986240895621,871010.2778832756,False,True,flat on the feasible set (objective invisible to the circuit),flat on the feasible set (objective invisible to the circuit)
NPP,optimality,9,20,59,0.5,0.6655218775910039,4.0967229608668276e-14,195220974.75640476,157804648.12407887,1.2398693769942897,1.23710535194696,2.074074074074074,6.422369051574057,3.0964993641517777,0.6756579686067082,0.10520385284322946,6.435645222192397,0.0090036996366935,0.2925846531128704,2.9394861342199707,0.9969369817629424,0.9004640131801434,0.009003699636694786,-1.285430095698814e-15,0.996936981762942,120,4.759217931398948,27.08116562344461,0.03718222195881869,0.0021541570799151278,0.009197993866156634,0.10170308813109953,0.6531747656626824,1000,5,1.2483642318973416,0.7414294492239213,4744.792650220018,0.0,6259.974215517108,2.938928673180721,2.2563555108593254e-06,0.0005552046837396431,0.0006523645448785194,0.0007063420140188857,0.007644993077795815,0.9998103542545209,27,0.9997037144582985,2.2570242340632176e-06,0.0,5.700541861601235,0.0,2.2570242340632176e-06,0.0007065513549698327,,,5,0.999997458255808,0.9999194830687455,2102445.512904647,False,True,flat on the feasible set (objective invisible to the circuit),flat on the feasible set (objective invisible to the circuit)
NPP,optimality,9,20,60,0.5,0.9995711585112816,5.895284260759581e-14,40057506.20216131,50440156.10600698,0.796952711995553,0.7941590449873889,2.074074074074074,9.510843914617716,4.585585458833542,0.8649660326472983,0.09094524528132425,8.597759403086394,0.012497204916445268,0.6846365284011545,2.9380768372009674,0.9957464676354921,0.7669780042058428,0.012497204916447464,-2.1961599205866378e-15,0.9957464676354914,120,4.761251117219402,27.119357935263224,0.03724441439907497,0.0011367133733587273,0.00803221110502978,0.07812965166411102,0.7430789220808123,1000,5,1.7784161126175277,0.6196430572084057,4741.018250219288,0.0,4394.206647031116,2.937494963095954,3.302009237452786e-06,0.0005785720957757615,0.0009784634385270647,0.001070927653668843,0.010447813824249369,0.999801954088591,27,0.9995711585113406,3.3034258830822642e-06,0.0,6.830361706847393,0.0,3.3034258830822642e-06,0.0010713871089111167,,,5,0.9999945603535463,0.9998575472093003,1436659.9781941136,False,True,flat on the feasible set (objective invisible to the circuit),flat on the feasible set (objective invisible to the circuit)
NPP,optimality,9,20,61,0.5,0.8879647319338492,5.4289905904170155e-14,123281602.22545266,138580396.10759455,0.892339737068162,0.8896034770295805,2.074074074074074,8.785423720805513,4.235829293959801,0.8801599411971701,0.10018411964727303,7.6251478084799444,0.010075478530302433,0.5727620735688883,2.939154537193253,0.9965719806826068,0.805126928060119,0.010075478530303005,-5.724587470723463e-16,0.9965719806826066,120,4.759696324784964,27.090147146486217,0.03723938241103635,0.00039643413890479753,0.00705024851506017,0.07786476913257473,0.6840749897523669,1000,5,1.4671472372526604,0.6898732198251374,4742.617978931961,0.0,5326.478287131442,2.938699946942416,2.8999283595632863e-06,0.00045169032247709714,0.0007744381807278831,0.0008642627822884239,0.00843677756728626,0.9998453329877405,27,0.9996828791670124,2.9008482785417727e-06,0.0,7.04298281745898,0.0,2.9008482785417727e-06,0.0008645369449645597,,,5,0.999995803327987,0.999882729392415,1635855.7629629178,False,True,flat on the feasible set (objective invisible to the circuit),flat on the feasible set (objective invisible to the circuit)
NPP,optimality,9,20,52,0.75,0.6647846924330771,4.107825191113079e-14,255233098.02543372,94515056.11747463,2.7038684578232464,2.7004490978474314,2.074074074074074,3.5530026737337312,1.7130548605501918,0.7018411038657185,0.19753463994108883,2.1072128598820523,0.0016089873004613352,0.015021578629327723,2.941532480426528,0.9994530105272786,0.99489328140033,0.0016089873004604639,8.712648658093514e-16,0.9994530105272789,120,4.756265677874831,27.02580484587973,0.0372639036803525,0.004818851288983072,0.011010973782745157,0.07431015942336175,0.2640241951167841,1000,5,0.8227490741105382,0.844018372870493,4744.944372716397,0.0,9498.312607278913,2.941434704809569,7.588842103059291e-06,9.018677485647623e-05,9.499667498587889e-05,0.00042046514712606585,0.001093525478349252,0.9999667603136768,27,0.9999210290452064,7.5894414480526305e-06,0.0,4.464285308423299,0.0,7.5894414480526305e-06,0.0004204983542825927,,,5,0.9999713500058238,0.9995049484122408,625110.4521934802,False,True,flat on the feasible set (objective invisible to the circuit),flat on the feasible set (objective invisible to the circuit)
NPP,optimality,9,20,53,0.75,0.8804443847948541,5.395683899678261e-14,231533709.74957943,152150444.118606,1.5245440661925334,1.5217419251769762,2.074074074074074,3.974436289593606,1.9162460681969171,0.2144889280353646,0.05396713204259126,8.859954837418009,0.013454835686131667,0.14239397076646712,2.8898127893829186,0.9953440459065154,0.9507255379000266,0.01345483568613082,8.465450562766819e-16,0.9953440459065157,120,4.830881419659735,28.460348437766815,0.03712215862594216,0.0006353316979124021,0.02027427681413696,0.17918523684893467,0.7121603078918314,1000,6,0.6635924712962552,0.9557416419392212,5742.018369885553,0.0,14297.523626583523,2.871331076880342,9.90429808231316e-06,0.018471808204494136,7.865447933257629e-05,0.00025314175631657916,0.01312303945048276,0.9936045294800834,27,0.9918108606727344,9.986075445024653e-06,0.0,6.945440127540848,0.0,9.986075445024653e-06,0.0002552318857896316,,,5,0.9999512750945287,0.9992629109052514,478970.28937786067,False,True,flat on the feasible set (objective invisible to the circuit),flat on the feasible set (objective invisible to the circuit)
NPP,optimality,9,20,54,0.75,0.8875282953334077,5.2735593669694936e-14,128932599.87831116,84754208.1463704,1.5246254752938182,1.5212530763740337,2.074074074074074,5.8398109619061085,2.8156231423475884,0.8731407626221106,0.14951524429775692,4.312863456887787,0.00313716341239842,0.16525180958905444,2.9407441798838256,0.998933207643882,0.9438061254292501,0.0031371634123980377,3.8250652645288596e-16,0.9989332076438822,120,4.757402955158413,27.047117701869034,0.037439962624873195,0.0035595636676704627,0.00976892774466571,0.06044489157160666,0.35298674039109473,1000,5,1.5317788198936644,0.6749554548051775,4738.13586163415,0.0,5101.733880739828,2.940562559336809,1.683366350453576e-05,0.00016478688351225713,0.00020411957199086643,0.0007974020612556572,0.0021356417791517112,0.9999382399365919,27,0.99984818320808,1.683621952492802e-05,0.0,5.390168525995242,0.0,1.683621952492802e-05,0.0007975231386600505,,,5,0.9998598939581762,0.9983735170168259,281808.2063493597,False,True,flat on the feasible set (objective invisible to the circuit),flat on the feasible set (objective invisible to the circuit)
NPP,optimality,9,20,55,0.75,0.9995337007518548,6.139533326177116e-14,45259946.17938995,35874764.116803676,1.2642663804483563,1.2616095824917293,2.074074074074074,6.225801113606407,3.001725536917375,0.6362728802025671,0.10219935853909645,6.525073075895624,0.008510408470390994,0.27710587880850845,2.9377286241654677,0.9971030651366551,0.9056734252003188,0.008510408470390056,9.384854005034526e-16,0.9971030651366555,120,4.761753482438919,27.128802893544567,0.037133589158834704,0.012879694441909202,0.019154947834147,0.10127721035843015,0.6305317690324648,1000,5,0.6872408601773291,0.876200845396186,4745.1073302251,0.0,11371.1630900915,2.9370979170963887,1.1215532909365757e-06,0.0006295855157876366,0.0005151161971297797,0.00040397042316515404,0.007591321850096122,0.9997853079199043,27,0.9995337007519162,1.1220765139274033e-06,0.0,7.290130056076659,0.0,1.1220765139274033e-06,0.00040415888214800607,,,5,0.999999371529171,0.9999717641127549,4229727.252726595,False,True,flat on the feasible set (objective invisible to the circuit),flat on the feasible set (objective invisible to the circuit)
NPP,optimality,9,20,56,0.75,0.8876221942092404,5.0959236830294685e-14,232721884.58126038,154508960.11986318,1.5089925749314974,1.5062031638859137,2.074074074074074,6.198876823790023,2.9887441828987615,1.1057373608657297,0.178377049955588,3.730363914344417,0.0019714113613326398,0.17038723649423126,2.941224018532187,0.9993297309729177,0.9420692761174775,0.001971411361333661,-1.0213184464813452e-15,0.9993297309729173,120,4.756710694320012,27.034142562704787,0.03742487664038815,0.0008987957714055384,0.006723929682571558,0.046758716839803295,0.2898515261284169,1000,5,1.0376197850936846,0.7921501239577734,4739.571359767418,0.0,7531.3983171066875,2.941139525281896,1.0027266647439964e-05,7.446598364382626e-05,0.00012170718906848857,0.0005390026634352418,0.0013107015088291653,0.9999712727593143,27,0.9998968241304557,1.0028301325705306e-05,0.0,6.88336792912276,0.0,1.0028301325705306e-05,0.0005390582812417003,,,5,0.9999500617689163,0.9992491965288781,473096.4763727816,False,True,flat on the feasible set (objective invisible to the circuit),flat on the feasible set (objective invisible to the circuit)
NPP,optimality,9,20,57,0.75,0.9993442215530469,6.583622536027178e-14,11382311.03181839,8965700.114625411,1.2713665286689806,1.2695395659342712,2.074074074074074,6.128079833373754,2.954609919662346,0.6114124014811334,0.0997722644132928,6.630558604109006,0.00815653091928378,0.27139617601002164,2.936277076891725,0.9972221521655857,0.9075713330509956,0.00815653091928131,2.4702462297909733e-15,0.9972221521655866,120,4.763847622492379,27.168210227309604,0.03706729255071206,0.02331173219356917,0.02799977072485059,0.09793838072465201,0.6001742158320207,1000,5,0.2615718595032658,0.9670859572094181,4745.627967641941,0.0,29876.02687113064,2.935131451760233,3.065654887161502e-07,0.001145318566003098,0.000389633670427512,0.00016111986284834354,0.007605777386007759,0.9996098375250387,27,0.9993442215531128,3.0676665923569585e-07,0.0,11.267764832041333,0.0,3.0676665923569585e-07,0.00016122559111608412,,,5,0.9999999530184035,0.9999959629064754,15474228.836495936,False,True,flat on the feasible set (objective invisible to the circuit),flat on the feasible set (objective invisible to the circuit)
NPP,optimality,9,20,58,0.75,0.9998233683152838,7.016609515630989e-14,95072503.93554568,75929744.11906065,1.2549377722929236,1.2521114753984746,2.074074074074074,7.022907692271613,3.3860447802023854,1.0136267358307374,0.14433149063687495,4.882303754687003,0.0032629854342529556,0.28301100010378577,2.940459255955876,0.9988903143522074,0.903752789796169,0.003262985434252944,1.1709383462843448e-17,0.9988903143522074,120,4.757814013496356,27.054825170854503,0.03750007360928513,0.0014638532144361331,0.0074957366447399,0.05114546540314507,0.3591898824045592,1000,5,1.6525630430769094,0.6475310868697355,4735.9286325737785,0.0,4728.853120605267,2.940274622743391,1.7571199766695727e-05,0.00016706201271873917,0.00021039587941380994,0.0008662877946741581,0.0021863017601648034,0.9999372093960796,27,0.999823368315354,1.7574303945163978e-05,0.0,6.19303133385711,0.0,1.7574303945163978e-05,0.0008664408355785924,,,5,0.9998474229615179,0.9982662284219466,269979.5450214051,False,True,flat on the feasible set (objective invisible to the circuit),flat on the feasible set (objective invisible to the circuit)
NPP,optimality,9,20,59,0.75,0.6652867330130224,4.296563105299356e-14,426819107.05938935,157804652.1344304,2.7074948506297503,2.7047308256526637,2.074074074074074,3.7194542316660115,1.7933082902675415,0.8843302055264172,0.23775805546888246,1.8605947725289882,0.0010543768103655345,0.014757482151133644,2.9418655223935195,0.9996415958505446,0.9949836312915055,0.0010543768103673454,-1.8108344684852895e-15,0.999641595850544,120,4.755785199880607,27.0168056173172,0.03725655769781806,0.0021541570251706887,0.007994298761000888,0.0586180898367642,0.21802730229553102,1000,5,0.5453870822408856,0.9088127245051841,4745.740074750911,0.0,14328.773375309947,2.941804948915864,4.548339414964755e-06,5.60251382405781e-05,5.9877808822402876e-05,0.000278513863892967,0.0007159851376500491,0.9999794098414103,27,0.9999505297002985,4.548564433366417e-06,0.0,5.699838437922637,0.0,4.548564433366417e-06,0.00027852764273892847,,,5,0.99998968761528,0.9997698779596607,1042988.2394578691,False,True,flat on the feasible set (objective invisible to the circuit),flat on the feasible set (objective invisible to the circuit)
NPP,optimality,9,20,60,0.75,0.9998448908914402,6.80566714095221e-14,63142674.831300974,50440160.116358526,1.2546270211140176,1.2518333543279698,2.074074074074074,7.157609165472564,3.450990133352844,1.1023090075921613,0.15400519672261037,4.611715096570567,0.002721306641906848,0.2831823310284064,2.9406479364203486,0.9990745894439783,0.9037007023108232,0.002721306641905938,9.102961440188295e-16,0.9990745894439786,120,4.75754180512598,27.049720935425537,0.037498751760815616,0.001136713282981928,0.00706408093935367,0.04681027668871327,0.33504966546544085,1000,5,1.4032133557054793,0.7047816758841079,4736.430670830544,0.0,5569.165851704887,2.9405241372480218,1.4445686891859269e-05,0.00010935348543517598,0.0001713791359180598,0.0007355458278159058,0.001814381678172727,0.9999579007160995,27,0.9998448908915083,1.4447927896630902e-05,0.0,6.829427195223182,0.0,1.4447927896630902e-05,0.0007356599353726344,,,5,0.9998966604744401,0.9987051782213102,328393.1428163123,False,True,flat on the feasible set (objective invisible to the circuit),flat on the feasible set (objective invisible to the circuit)
NPP,optimality,9,20,61,0.75,0.8876321140103979,5.728750807065808e-14,208106172.14161903,138580400.1179461,1.504436153771938,1.5016998938125405,2.074074074074074,6.256850732722869,3.0166958889913835,1.1419683311727533,0.18251487528707422,3.66277815633754,0.0018888340457904231,0.1719963963892921,2.9413187450138683,0.9993578274884378,0.9415240539023998,0.001888834045790406,1.713039432527097e-17,0.9993578274884378,120,4.756574032894649,27.031581834780837,0.03742441744811508,0.00039643412743246625,0.006167461868065566,0.04530003691326684,0.28343556915314666,1000,5,1.008523435186065,0.7991895475468922,4739.700504774874,0.0,7748.6825100989545,2.9412429705707304,9.641426393635013e-06,6.613301674436776e-05,0.00011801788312987942,0.0005235850824201344,0.0012472310802405968,0.9999742379355293,27,0.9999053663548002,9.642338882867758e-06,0.0,7.042199416788223,0.0,9.642338882867758e-06,0.0005236346358744801,,,5,0.9999538191175515,0.9992919485951448,492029.32480668346,False,True,flat on the feasible set (objective invisible to the circuit),flat on the feasible set (objective invisible to the circuit)
NPP,optimality,12,5,52,0.25,0.8882492262251589,2.5091040356528538e-14,1016995619.2150712,269309833.1057501,3.778368143785929,3.776303328722969,0.3367876570272817,3.311587472485984,9.832864724664558,1.8507275492546882,0.558864159449595,1.607367770937809,0.0001169422265574953,1.2760022017333823,3.923223953110058,0.9999701923142917,0.6747567263597438,0.00011694222656639885,-8.903549555613899e-15,0.9999701923142894,816,6.339984258551343,81.00753812462514,0.012421471589873502,0.00036681170850976554,0.0042891066432324525,0.015902511041861408,0.05266255634729827,1000,14,0.17093827407882803,0.9999999994968103,7309.772433440797,0.0,123003.87336183655,3.9232065183137586,2.957163508505299e-06,1.4477632790991332e-05,5.955690937739919e-06,8.591503890713398e-05,2.507149671277001e-05,0.9999955560027906,81,0.9999934376404009,2.957182916379369e-06,0.0,9.793868990695556,0.0,2.957182916379369e-06,8.591560271621417e-05,,,14,1.0,1.0,3780993.5799182034,False,False,flat on the feasible set (objective invisible to the circuit),flat on the feasible set (objective invisible to the circuit)
NPP,optimality,12,5,53,0.25,0.9627210723674554,1.9206858326015208e-14,1567381705.1053047,438284389.26066256,3.5779864022778542,3.576175066945243,0.3367876570272817,3.581714085912161,10.634932757117111,2.2808362994054416,0.6368002148403137,1.4226915056248237,7.756058783578687e-05,1.3529060061124913,3.9232297231959192,0.9999802304240872,0.6551550376687107,7.756058783851834e-05,-2.7314711907241995e-15,0.9999802304240866,816,6.339975934077091,81.00707070552362,0.012424289849473141,0.0001503270516003146,0.0028986793224806736,0.013557176867800138,0.048557931352602265,1000,14,0.10917217821395775,0.9999999999649369,7309.717429146084,0.0,192595.49604548304,3.9232145246670656,1.8168143990630914e-06,1.3381714454301243e-05,3.204337297543458e-06,5.48929438366387e-05,1.9463306702019382e-05,0.9999961260160821,81,0.999993941915894,1.8168254073205474e-06,0.0,13.193865776358017,0.0,1.8168254073205474e-06,5.4893276384723895e-05,,,14,1.0,1.0,6154187.374439674,False,False,flat on the feasible set (objective invisible to the circuit),flat on the feasible set (objective invisible to the circuit)
NPP,optimality,12,5,54,0.25,0.9627180080000824,2.3647750424515834e-14,873595942.5866604,244040281.06299317,3.5816249464203924,3.5797202772486663,0.3367876570272817,3.517131808727441,10.443173125084371,2.038594204943946,0.5796183696855947,1.5600672973499439,0.00010466421179753669,1.3514823924358692,3.9232253809540145,0.999973321896747,0.6555175241787338,0.00010466421179129723,6.2394615299096734e-15,0.9999733218967487,816,6.3399821986078555,81.00742245857877,0.01242518679083198,0.0002975656300824182,0.0038438613785007018,0.014683488879795367,0.05164376580222394,1000,14,0.15111658912462514,0.9999999997577562,7309.632902857849,0.0,139138.06511436656,3.9232085900956517,2.586197699286594e-06,1.4204660664306589e-05,5.041494558855044e-06,7.597713690023036e-05,2.3645580338448177e-05,0.9999957201392394,81,0.9999935683726021,2.586214334629884e-06,0.0,11.047502691056273,0.0,2.586214334629884e-06,7.597762556000855e-05,,,14,1.0,1.0,4323341.654240056,False,False,flat on the feasible set (objective invisible to the circuit),flat on the feasible set (objective invisible to the circuit)
NPP,optimality,12,5,55,0.25,0.9999925644862783,2.4091839634365897e-14,626135501.4815927,179795209.026461,3.48473490408403,3.482492691946215,0.3367876570272817,3.4869022823636895,10.353414709854496,1.6699031939244955,0.4789073678292204,1.8864055334448566,0.00018132708471879037,1.3902361473381641,3.9232141569349253,0.9999537809873574,0.645638476074345,0.00018132708471776599,1.0243813176186167e-15,0.9999537809873578,816,6.339998391444552,81.00833169253845,0.012429187428328846,0.001481118442710051,0.0055206286993188846,0.01688866136324497,0.05888911185356635,1000,14,0.2699397974621851,0.9999999925199045,7309.331442529141,0.0,77891.70035377439,3.9231927454097937,4.899411172882236e-06,1.651211395839417e-05,1.0974444705041324e-05,0.00013572948742569457,3.462315258824674e-05,0.9999945423511756,81,0.9999925644863024,4.899447604568368e-06,0.0,8.250989875448937,0.0,4.899447604568368e-06,0.0001357304966516616,,,14,1.0,1.0,2282114.288615316,False,False,flat on the feasible set (objective invisible to the circuit),flat on the feasible set (objective invisible to the circuit)
NPP,optimality,12,5,56,0.25,0.9627205628620956,1.765254609153999e-14,1370766498.170793,383235865.21926004,3.578622455876211,3.5768220633174272,0.3367876570272817,3.576466691181395,10.619352035492444,2.2615780907762715,0.6323498262552577,1.4324860359087204,7.936967933209236e-05,1.3526464357179346,3.9232291671714856,0.9999797692982108,0.6552211512300856,7.936967933479517e-05,-2.702807595789114e-15,0.99997976929821,816,6.339976736250786,81.00711574744682,0.01242444474201427,0.00031031020526213374,0.003060676598703815,0.013699263052009846,0.04899495799924519,1000,14,0.11137115595303378,0.9999999999605175,7309.707974887634,0.0,188792.77706653197,3.923213811289039,1.857207385471131e-06,1.3498675061029613e-05,3.3063417937690867e-06,5.5999733632159034e-05,2.0063603906449276e-05,0.9999960859073502,81,0.999993897088156,1.857218721689624e-06,0.0,13.04719176625886,0.0,1.857218721689624e-06,5.600007539568243e-05,,,14,1.0,1.0,6020338.021691144,False,False,flat on the feasible set (objective invisible to the circuit),flat on the feasible set (objective invisible to the circuit)
NPP,optimality,12,5,57,0.25,0.9999913329915706,2.042810365310288e-14,203967066.2999153,58553496.88297243,3.48573091557353,3.4834310016970087,0.3367876570272817,3.3765363774185184,10.025712958788748,1.376611407562308,0.4076992674412636,2.208138552167019,0.00027741652876373885,1.3898106983831116,3.9232008215816454,0.9999292882160817,0.6457457159119357,0.0002774165287538916,9.847266231599594e-15,0.9999292882160842,814,6.340017630292657,81.00941197446647,0.012430763493038056,0.0027872972356576863,0.0070458806479299805,0.01956044910783338,0.06604656797124302,1000,14,0.4203116125406606,0.9999999000383778,7309.101539591954,0.0,50024.95574744327,3.923173492229075,8.033499630957601e-06,1.9295852940303372e-05,1.9271134305579606e-05,0.0002113340369595067,4.6811357498939675e-05,0.9999930339144456,81,0.999991332991591,8.033569259746135e-06,0.0,6.4416333523265195,0.0,8.033569259746135e-06,0.00021133586860925705,,,14,1.0,0.9999999999999997,1391798.9367569394,False,False,flat on the feasible set (objective invisible to the circuit),flat on the feasible set (objective invisible to the circuit)
NPP,optimality,12,5,58,0.25,0.9627189898654431,1.7763568394002505e-14,1163644640.3190494,325475977.1415841,3.577058281055854,3.575208992499181,0.3367876570272817,3.541797063393735,10.516409938107765,2.1175610284352886,0.5978775719030752,1.5135381523028424,9.507430017840476e-05,1.3532710241517976,3.9232270586588016,0.9999757663018845,0.655061763207142,9.50743001747049e-05,3.699867018661096e-15,0.9999757663018853,816,6.339979778191445,81.00728655215042,0.012424907035572154,0.00014115327467014544,0.0034765725571176916,0.014239631127855822,0.05043388371244977,1000,14,0.13671198809781004,0.9999999998663721,7309.660907590558,0.0,153798.2887238832,3.923210852978217,2.317986643998094e-06,1.3887693940191e-05,4.3808379803190415e-06,6.873554363516447e-05,2.1957918562998464e-05,0.9999958692983245,81,0.9999937109721775,2.318001223748615e-06,0.0,11.683917677922329,0.0,2.318001223748615e-06,6.873597591762942e-05,,,14,1.0,1.0,4823589.586942906,False,False,flat on the feasible set (objective invisible to the circuit),flat on the feasible set (objective invisible to the circuit)
NPP,optimality,12,5,59,0.25,0.888210834797123,2.298161660974074e-14,817163456.8870068,215909029.0340551,3.7868387651266104,3.7847581481092964,0.3367876570272817,3.2195456825062534,9.55957148466831,1.5694552337339631,0.4874772370094844,1.8367889465827385,0.00017271275351973028,1.2728074458319112,3.9232159303530167,0.9999559767403615,0.6755703819449514,0.00017271275351723005,2.5002244198601975e-15,0.9999559767403622,816,6.339995832943065,81.00818803102477,0.012422623920572274,0.0014896922163883585,0.005645787029822747,0.01792271217931135,0.0577029906157041,1000,14,0.2581279981622277,0.9999999942520952,7309.628440399677,0.0,81455.98295101894,3.9231950821190797,4.6569345960779465e-06,1.619129934078471e-05,1.031383489067943e-05,0.00012973067247880443,3.266824615020795e-05,0.9999946859325851,81,0.9999927131069698,4.6569685326858056e-06,0.0,7.787279111160657,0.0,4.6569685326858056e-06,0.00012973161781922613,,,14,1.0,1.0,2400939.075315551,False,False,flat on the feasible set (objective invisible to the circuit),flat on the feasible set (objective invisible to the circuit)
NPP,optimality,12,5,60,0.25,0.9999936858888919,2.3314683517128287e-14,770425717.0334458,221310937.04216185,3.483086766229689,3.481191337989195,0.3367876570272817,3.6354817019934,10.79458117343922,2.167311127076697,0.5961551466173853,1.522021459565636,9.594744753765706e-05,1.3908214324481134,3.9232267454124536,0.9999755437414751,0.6454904284911795,9.594744753681277e-05,8.442953367687744e-16,0.9999755437414753,816,6.339980230110449,81.00731192739394,0.012427073284275697,0.0001628929888500365,0.0034940275576154515,0.013948476658070794,0.05070943166109842,1000,14,0.13752115775992604,0.9999999998616038,7309.566190625521,0.0,152893.3449948755,3.9232104547048867,2.33392037093746e-06,1.3956787196005883e-05,4.4287096840851146e-06,6.915392474492539e-05,2.2364813109001843e-05,0.9999958476252778,81,0.9999936858889152,2.3339351094393373e-06,0.0,11.958463032225094,0.0,2.3339351094393373e-06,6.915436139229129e-05,,,14,1.0,1.0,4790658.832305465,False,False,flat on the feasible set (objective invisible to the circuit),flat on the feasible set (objective invisible to the circuit)
NPP,optimality,12,5,61,0.25,0.9627202041361297,1.9539925233402755e-14,1019821432.4936271,285415945.1291164,3.574928580223663,3.57310602262351,0.3367876570272817,3.5739116818692414,10.611765625305367,2.2380407580797397,0.6262160224701442,1.4464097729924468,8.19702532465421e-05,1.3541115020175845,3.923228938524425,0.9999791064313271,0.6548476973340019,8.197025324476572e-05,1.7763703919274065e-15,0.9999791064313276,816,6.339977066118702,81.00713426948423,0.012424557045672024,0.00015191162491074461,0.003090944460763525,0.01374976995494173,0.04914046346498096,1000,14,0.11583288232094131,0.9999999999501196,7309.698507870231,0.0,181520.73397626044,3.9232134642497507,1.9371648967120697e-06,1.3537109776914815e-05,3.485802903782799e-06,5.824176567340611e-05,2.0242684668861754e-05,0.9999960557298805,81,0.9999938752731652,1.9371767631669345e-06,0.0,12.788431421205699,0.0,1.9371767631669345e-06,5.824212239049603e-05,,,14,1.0,1.0,5771845.36836368,False,False,flat on the feasible set (objective invisible to the circuit),flat on the feasible set (objective invisible to the circuit)
NPP,optimality,12,5,52,0.5,0.888509201636921,1.6764367671839864e-14,1721024390.1461363,269309852.3684564,6.392563992760112,6.390499177844841,0.3367876570272817,2.0437279839140383,6.068298351410441,1.4531403929135964,0.7110243654493685,1.1746561689502573,5.2776100859689494e-05,0.576367630578802,3.9232319786461205,0.9999865478000927,0.853088567355708,5.2776100861652795e-05,-1.9633003989910636e-15,0.9999865478000921,816,6.339972680150176,81.00688799831038,0.012390431533891966,0.0003668116822731234,0.004300103755806978,0.02341352565202169,0.04785087757712591,1000,14,0.0642558499200183,0.9999999999985141,7311.226319527577,0.0,327224.211393282,3.9232177464776106,1.0331340519543131e-06,1.319903445832786e-05,1.6148964086549573e-06,3.2241229793122456e-05,1.8919974657857426e-05,0.9999963723357203,81,0.9999941441089089,1.0331401036865818e-06,0.0,9.793866231662564,0.0,1.0331401036865818e-06,3.2241418596246334e-05,,,14,1.0,1.0,10822425.421584014,False,False,flat on the feasible set (objective invisible to the circuit),flat on the feasible set (objective invisible to the circuit)
NPP,optimality,12,5,53,0.5,0.9628161511714162,1.6986412276764895e-14,2616707428.716123,438284408.5233689,5.972152460396183,5.97034112514318,0.3367876570272817,2.2166391312695457,6.5817113098357565,1.7010186872884563,0.7673863838694502,1.105132758558273,3.869745814235768e-05,0.6572887328580157,3.9232340256851073,0.99999013633704,0.8324625223591564,3.869745814599778e-05,-3.6401003739028326e-15,0.9999901363370391,816,6.339969726897234,81.00672217422515,0.012392722694478598,0.00015032704499340414,0.0029112163723454838,0.020917184883180093,0.04636585052805679,1000,14,0.04143086479471182,0.9999999999998922,7311.151928333616,0.0,507497.72957109037,3.9232205429466034,6.521866852490122e-07,1.2830551818738179e-05,9.123616264308821e-07,2.0800546929995238e-05,1.698454958511601e-05,0.9999965633611414,81,0.9999943192548687,6.521903919527459e-07,0.0,13.19386386693727,0.0,6.521903919527459e-07,2.0800665094160428e-05,,,14,1.0,1.0,17143889.116943557,False,False,flat on the feasible set (objective invisible to the circuit),flat on the feasible set (objective invisible to the circuit)
NPP,optimality,12,5,54,0.5,0.9628147001596379,2.19824158875781e-14,1461643570.125103,244040300.32569954,5.991257936389002,5.989353267367616,0.3367876570272817,2.188025146523805,6.496749809172973,1.586387560186216,0.7250316856305639,1.1669515923834013,4.889768662813136e-05,0.6533984257977823,3.9232323953825854,0.9999875363777364,0.83345406033892,4.889768662376118e-05,4.370181788063837e-15,0.9999875363777376,816,6.339972078926586,81.00685423979557,0.012393160361919515,0.0002975656065948248,0.003854681751515178,0.021718774114725593,0.047521223914689895,1000,14,0.05779563581235635,0.999999999999211,7311.115214987717,0.0,363800.30294584675,3.923218338974892,9.243259538605408e-07,1.3132081740580295e-05,1.405399581859521e-06,2.9008626656524903e-05,1.8483660389298543e-05,0.999996417136107,81,0.9999941812454184,9.243313340940589e-07,0.0,11.047500177685611,0.0,9.243313340940589e-07,2.900879545247474e-05,,,14,1.0,1.0,12096399.737590406,False,False,flat on the feasible set (objective invisible to the circuit),flat on the feasible set (objective invisible to the circuit)
NPP,optimality,12,5,55,0.5,0.9999938078208186,1.9761969838327786e-14,1043394272.044301,179795228.28916734,5.805478938326139,5.8032367264285485,0.3367876570272817,2.205273569086559,6.547964342137156,1.3985384036792565,0.6341790983594574,1.3360276036351157,7.903337574167207e-05,0.692261231304512,3.9232281241066156,0.9999798550139728,0.8235480554773624,7.90333757381578e-05,3.5142651592587337e-15,0.9999798550139737,816,6.339978241075233,81.00720024316372,0.012395760215835085,0.0014811182840275881,0.005526079719839181,0.022915695144135845,0.05053537681860798,1000,14,0.10618659585670565,0.999999999970273,7310.9508215203805,0.0,198010.5836131791,3.923212391688466,1.765184579292976e-06,1.396723357008617e-05,3.1812085865385475e-06,5.328720380621941e-05,2.256496334935267e-05,0.9999959899303197,81,0.9999938078208384,1.765195511476157e-06,0.0,8.250985630030403,0.0,1.765195511476157e-06,5.3287533771287105e-05,,,14,1.0,1.0,6334190.977638241,False,False,flat on the feasible set (objective invisible to the circuit),flat on the feasible set (objective invisible to the circuit)
NPP,optimality,12,5,56,0.5,0.9628160970257963,2.398081733190338e-14,2292377883.128822,383235884.4819664,5.983437227514442,5.981636835046151,0.3367876570272817,2.211053520344126,6.5651263465543765,1.6905828090735902,0.7646051049955903,1.1086507287648981,3.9302382447112185e-05,0.6549801294142588,3.9232338199055548,0.9999899821462979,0.8330509575822258,3.930238244701858e-05,9.360730506696724e-17,0.9999899821462979,816,6.33997002377434,81.00673884375196,0.012392735232304084,0.0003103101896649138,0.0030731063678787916,0.02104344036317317,0.046528172895145714,1000,14,0.04216599958156036,0.9999999999998802,7311.150438107495,0.0,498649.860696721,3.9232202787579333,6.644142222277669e-07,1.2876733400400934e-05,9.362088618243442e-07,2.1169473230434636e-05,1.719670035549689e-05,0.999996548472958,81,0.9999943027227324,6.644180093777686e-07,0.0,13.047189775842483,0.0,6.644180093777686e-07,2.1169593839480384e-05,,,14,1.0,1.0,16828381.818152063,False,False,flat on the feasible set (objective invisible to the circuit),flat on the feasible set (objective invisible to the circuit)
NPP,optimality,12,5,57,0.5,0.9999933540252616,2.3647750424515834e-14,339871992.02924967,58553516.14567876,5.806767593312876,5.804467680192971,0.3367876570272817,2.154478143403582,6.397141042580005,1.2044847702647463,0.5590610301397332,1.509102091823686,0.00011709336834503324,0.6919754451066755,3.92322305385136,0.9999701537825564,0.8236206721849844,0.00011709336833996504,5.068197922973583e-15,0.9999701537825577,814,6.33998555590739,81.0076109713902,0.012396718679871778,0.002787296318703562,0.007045025314737204,0.02495314014370299,0.05376099504889461,1000,14,0.1676886649890118,0.9999999995509218,7310.84364365603,0.0,125387.54374877307,3.9232051945900617,2.8947637919080115e-06,1.4964497506374884e-05,5.8627974614487e-06,8.414012248499084e-05,2.7090448398067862e-05,0.9999954478088415,81,0.9999933540252852,2.8947830323392825e-06,0.0,6.441628962042799,0.0,2.8947830323392825e-06,8.414068168183377e-05,,,14,1.0,1.0,3862496.9234001394,False,False,flat on the feasible set (objective invisible to the circuit),flat on the feasible set (objective invisible to the circuit)
NPP,optimality,12,5,58,0.5,0.9628149842017002,2.042810365310288e-14,1943188576.7877102,325475996.40429044,5.972146939441974,5.970297650994747,0.3367876570272817,2.202236671102368,6.53894709366969,1.6271400631929571,0.7388579458984595,1.146458781436733,4.5346540976237754e-05,0.6572898697938359,3.923233011239608,0.999988441537669,0.8324621892427045,4.534654097271766e-05,3.5200927459358433e-15,0.9999884415376699,816,6.339971190432742,81.00680435117248,0.012393082909166778,0.00014115326631624497,0.0034879884245720065,0.0213686597691488,0.04705884615592935,1000,14,0.05227883972822771,0.9999999999995668,7311.124636127564,0.0,402190.82762332505,3.9232191639629033,8.316584507330824e-07,1.3015618255452147e-05,1.2286903142087445e-06,2.6241506741038242e-05,1.7876343921416793e-05,0.9999964704424475,81,0.9999942329292208,8.316632487702288e-07,0.0,11.683915320144113,0.0,8.316632487702288e-07,2.6241658077649538e-05,,,14,1.0,1.0,13444240.49708473,False,False,flat on the feasible set (objective invisible to the circuit),flat on the feasible set (objective invisible to the circuit)
NPP,optimality,12,5,59,0.5,0.8884867848807039,2.0539125955565396e-14,1383331207.9310417,215909048.29676145,6.40908958122529,6.407008964393602,0.3367876570272817,2.0047786931221587,5.952648950432766,1.2974232285554586,0.6471653120648971,1.285618292769435,7.382395096640568e-05,0.573370560766536,3.9232290025126257,0.9999811828595988,0.8538523852675126,7.382395096550148e-05,9.041975067985986e-16,0.999981182859599,816,6.3399769738033385,81.00712908598904,0.01239110277136307,0.0014896920834828414,0.005652855355807897,0.024862838999893087,0.049844489877512305,1000,14,0.09841991933152994,0.9999999999810907,7311.160583603587,0.0,213636.3244381072,3.9232135841043774,1.6258180241700289e-06,1.3792590223615175e-05,2.8583279633864276e-06,4.9373807503414405e-05,2.159181549997079e-05,0.9999960699698544,81,0.9999938828078192,1.6258279714485155e-06,0.0,7.787275251493457,0.0,1.6258279714485155e-06,4.937410953344295e-05,,,14,1.0,1.0,6877163.414771043,False,False,flat on the feasible set (objective invisible to the circuit),flat on the feasible set (objective invisible to the circuit)
NPP,optimality,12,5,60,0.5,0.9999942221913899,1.9761969838327786e-14,1283966608.0847383,221310956.3048682,5.803535932109139,5.801640504033621,0.3367876570272817,2.265280973526644,6.726140124972405,1.6696304610296253,0.7370522599809349,1.1550420057083182,4.580757801078002e-05,0.6926325020738733,3.923232879938822,0.9999883240227097,0.8234536354913823,4.5807578008285634e-05,2.494383280655932e-15,0.9999883240227103,816,6.33997137985972,81.00681498742942,0.012394476576276181,0.00016289297467197744,0.003504990877012357,0.020829413573807874,0.047184474258464594,1000,14,0.05280954304620351,0.9999999999995398,7311.063764539809,0.0,398149.05800429266,3.9232189925256735,8.40740572247333e-07,1.3046672575868077e-05,1.2485954008522562e-06,2.6510971856945416e-05,1.8048010753235325e-05,0.9999964602118779,81,0.9999942221914097,8.407454316898842e-07,0.0,11.95846086638302,0.0,8.407454316898842e-07,2.651112503226314e-05,,,14,1.0,1.0,13299008.745471654,False,False,flat on the feasible set (objective invisible to the circuit),flat on the feasible set (objective invisible to the circuit)
NPP,optimality,12,5,61,0.5,0.9628160958976154,2.3092638912203256e-14,1707993532.6427221,285415964.3918228,5.986048199102317,5.9842256416251685,0.3367876570272817,2.2080898941680136,6.556326658934374,1.6793510264396363,0.7605446820236452,1.114300826735461,4.021752719043685e-05,0.6544522078571147,3.923233743377649,0.9999897488832373,0.8331855171867293,4.0217527194811404e-05,-4.374552478071669e-15,0.9999897488832362,816,6.339970134180784,81.00674504302907,0.012392733249301575,0.00015191161465823811,0.0031032751127490618,0.021092325016048782,0.046573749712444504,1000,14,0.04378773552949104,0.9999999999998499,7311.148853311553,0.0,480181.71214453445,3.9232201656768986,6.909799175793997e-07,1.2886720832618276e-05,9.801640230328026e-07,2.1982638269586178e-05,1.725472489850544e-05,0.9999965391557989,81,0.9999942956455431,6.909838609726201e-07,0.0,12.788429596328768,0.0,6.909838609726201e-07,2.1982763667062076e-05,,,14,1.0,1.0,16181391.00059783,False,False,flat on the feasible set (objective invisible to the circuit),flat on the feasible set (objective invisible to the circuit)
NPP,optimality,12,5,52,0.75,0.8886494540235055,1.9539925233402755e-14,2748750816.911459,269309885.2982704,10.208711384160676,10.20664656949788,0.3367876570272817,1.308147914488282,3.8841919743582367,1.057921048260562,0.808716687573054,0.9181784019309519,3.054598044445117e-05,0.16780099502392357,3.923234790432862,0.9999922140830013,0.9572289184850419,3.054598043377624e-05,1.0674932617547872e-14,0.9999922140830041,816,6.339968623599393,81.00666022453726,0.012373671361994621,0.00036681163742129607,0.004321765608279984,0.03534565926392453,0.0462373504523163,1000,14,0.02615297512217657,0.9999999999999931,7311.990680736757,0.0,803964.7389735742,3.9232216279269174,4.051129076607021e-07,1.2757393037519318e-05,5.498982143361282e-07,1.3114146066734029e-05,1.6881936163265164e-05,0.9999966449864339,81,0.9999943871180383,4.0511518330074695e-07,0.0,9.79386623919945,0.0,4.0511518330074695e-07,1.3114219675301086e-05,,,14,1.0,1.0,27599753.023913324,False,False,flat on the feasible set (objective invisible to the circuit),flat on the feasible set (objective invisible to the circuit)
NPP,optimality,12,5,53,0.75,0.9628642592223859,2.2870594307278225e-14,3960887612.6166434,438284441.4531829,9.039064858157477,9.037253523040565,0.3367876570272817,1.4854817449185311,4.410736895854229,1.240867872757443,0.8353302738334871,0.9257182921003783,2.587395531001496e-05,0.24637426258299863,3.923235510804271,0.9999934049446588,0.9372012559774952,2.5873955299532284e-05,1.048267646731188e-14,0.9999934049446616,816,6.339967584323152,81.00660186967734,0.012376729487614178,0.00015032703369881743,0.0029296911505025114,0.030771178825689968,0.04571002441518609,1000,14,0.018530962241197636,0.9999999999999991,7311.866826870089,0.0,1134645.3327036824,3.9232225969537953,2.8471426611177053e-07,1.2629136209639358e-05,3.8424454154366827e-07,9.299790112234398e-06,1.6189920655901203e-05,0.9999967083672545,81,0.9999944476852511,2.8471584872013036e-07,0.0,13.19386401098633,0.0,2.8471584872013036e-07,9.299841747882897e-06,,,14,1.0,1.0,39271007.84583371,False,False,flat on the feasible set (objective invisible to the circuit),flat on the feasible set (objective invisible to the circuit)
NPP,optimality,12,5,54,0.75,0.9628625728490922,1.9206858326015208e-14,2195046593.9193964,244040333.25551352,8.99651045641159,8.994605787647213,0.3367876570272817,1.4841240243222698,4.406705511188159,1.1988025058300769,0.8077508929063486,0.9570687095791042,3.068420553371453e-05,0.24982565747609722,3.9232347259728426,0.9999921788504443,0.9363215114756744,3.068420553136286e-05,2.3516751697025273e-15,0.999992178850445,816,6.3399687165955285,81.00666544622747,0.012377269653132992,0.00029756556644252723,0.0038718836571291345,0.03114786689820929,0.046227297570024785,1000,14,0.026447093624858923,0.9999999999999927,7311.834878523065,0.0,795023.8357276291,3.9232215430100004,4.0995057759362056e-07,1.2773012264707116e-05,5.554237212377636e-07,1.3266393488069093e-05,1.686238832458149e-05,0.9999966397720853,81,0.9999943818085104,4.099528825637837e-07,0.0,11.047500560523902,0.0,4.099528825637837e-07,1.326646802162683e-05,,,14,1.0,1.0,27274058.89389043,False,False,flat on the feasible set (objective invisible to the circuit),flat on the feasible set (objective invisible to the circuit)
NPP,optimality,12,5,55,0.75,0.9999941996940648,1.709743457922741e-14,1540376835.2866173,179795261.21898133,8.569636173058127,8.5673939615712,0.3367876570272817,1.5344927351719235,4.5562617962796095,1.1333958764109953,0.7386127352919728,1.0567402820780394,4.5572436276410374e-05,0.2871299518987207,3.92323261330156,0.9999883839576267,0.9268129167449265,4.5572436276273344e-05,1.370296020750117e-16,0.9999883839576268,816,6.339971764535953,81.0068365868664,0.01237957884623951,0.001481118012758205,0.00553944660874122,0.03107335852815163,0.04768184291884121,1000,14,0.050983316524946545,0.9999999999996271,7311.708767168946,0.0,412410.78946276166,3.9232186334035624,8.10086372891288e-07,1.3169811624628513e-05,1.215441923581391e-06,2.5563876156551237e-05,1.87931181962847e-05,0.9999964366380035,81,0.9999941996940819,8.10091073443682e-07,0.0,8.250985524532927,0.0,8.10091073443682e-07,2.5564024435713464e-05,,,14,1.0,1.0,13802251.95238287,False,False,flat on the feasible set (objective invisible to the circuit),flat on the feasible set (objective invisible to the circuit)
NPP,optimality,12,5,56,0.75,0.9628637300388905,1.709743457922741e-14,3451669086.9256854,383235917.41178036,9.008443376710396,9.006642984396807,0.3367876570272817,1.4898258620569027,4.423635578593126,1.2410227676193861,0.8329985397796688,0.9291031841756272,2.625286156639856e-05,0.2488493796009421,3.923235399176891,0.9999933083644249,0.9365703674948611,2.6252861565740716e-05,6.578430562873688e-16,0.9999933083644251,816,6.339967745367433,81.00661091223331,0.012376902859428475,0.000310310163001294,0.003091241634892175,0.0307333180444842,0.04578729204949264,1000,14,0.01906497471464521,0.999999999999999,7311.858689733279,0.0,1102863.7662619818,3.923222451830235,2.931327308459033e-07,1.2654213925533791e-05,3.95920140673645e-07,9.567575444720662e-06,1.6289365980853563e-05,0.9999966998292636,81,0.9999944386171931,2.931343628546966e-07,0.0,13.047190010406034,0.0,2.931343628546966e-07,9.567628653966162e-06,,,14,1.0,1.0,38143185.68427772,False,False,flat on the feasible set (objective invisible to the circuit),flat on the feasible set (objective invisible to the circuit)
NPP,optimality,12,5,57,0.75,0.9999939858534511,2.0650148258027912e-14,501728399.56730604,58553549.075492755,8.571010220409644,8.568710308583183,0.3367876570272817,1.510256092123446,4.484297629711254,1.0193468360208269,0.674949660085534,1.151196426602916,6.395176990039857e-05,0.28699856440710103,3.9232301765068835,0.9999836992052408,0.9268463609079813,6.395176989395086e-05,6.447709662189827e-15,0.9999836992052424,814,6.339975280087616,81.00703398413886,0.012380233237628015,0.0027872947511615297,0.007055335976060851,0.03260759548981699,0.04924581973799311,1000,14,0.08149038037564854,0.9999999999938629,7311.647950410294,0.0,258019.0412728299,3.9232152242011713,1.3286474785334873e-06,1.362365823307889e-05,2.2325414455322998e-06,4.0851539343241643e-05,2.0867689111968875e-05,0.9999961887768396,81,0.9999939858534718,1.3286554710385557e-06,0.0,6.441630549724659,0.0,1.3286554710385557e-06,4.085178503097442e-05,,,14,1.0,1.0,8415336.958933536,False,False,flat on the feasible set (objective invisible to the circuit),flat on the feasible set (objective invisible to the circuit)
NPP,optimality,12,5,58,0.75,0.9628629984703189,2.4424906541753444e-14,2925759723.1306133,325476029.3341044,8.9910204082239,8.989171119963773,0.3367876570272817,1.487902483871838,4.417924626469638,1.2157249800704104,0.8170730227607632,0.9468546305414305,2.8992070508518555e-05,0.25027132496415055,3.9232350217212266,0.9999926101621881,0.9362079193373559,2.8992070508738082e-05,-2.1952722300579153e-16,0.999992610162188,816,6.339968289920861,81.006641488644,0.01237713600298362,0.00014115325203516008,0.003505601318114121,0.030926460399965806,0.04601555724647316,1000,14,0.023745894084943812,0.9999999999999961,7311.843622353708,0.0,885461.2819491492,3.923221937620053,3.6695153864465677e-07,1.2717149634236908e-05,4.933413455132087e-07,1.1912866150469368e-05,1.6585863013328272e-05,0.9999966649713562,81,0.9999944064792942,3.669535929835444e-07,0.0,11.683915488378352,0.0,3.669535929835444e-07,1.1912932785705573e-05,,,14,1.0,1.0,30470007.65255556,False,False,flat on the feasible set (objective invisible to the circuit),flat on the feasible set (objective invisible to the circuit)
NPP,optimality,12,5,59,0.75,0.8886319006641954,1.3322676295501878e-14,2178211913.354695,215909081.22657546,10.09064150973994,10.088560893225582,0.3367876570272817,1.3104141522909174,3.8909209555288617,0.9997527807275423,0.7629288641150092,0.9738672540176444,3.9812962864472525e-05,0.17446007157064788,3.9232334553065664,0.99998985200261,0.9555315599853806,3.98129628715235e-05,-7.0509733034879174e-15,0.9999898520026083,816,6.339970549779455,81.00676837873029,0.012374501448119475,0.0014896918562794141,0.005671621211671148,0.03592288391443245,0.04707385547257603,1000,14,0.04167314730435382,0.9999999999998883,7311.938147799383,0.0,504547.2007170997,3.923219789475642,6.558897199048415e-07,1.300994120495112e-05,9.417363009033198e-07,2.0889302723175587e-05,1.79819238403574e-05,0.9999965166918869,81,0.9999942720969872,6.5589347857541e-07,0.0,7.787274923425799,0.0,6.5589347857541e-07,2.088942237576095e-05,,,14,1.0,1.0,17047097.824670285,False,False,flat on the feasible set (objective invisible to the circuit),flat on the feasible set (objective invisible to the circuit)
NPP,optimality,12,5,60,0.75,0.9999943955604303,2.0872192862952943e-14,1895665789.2912626,221310989.23468217,8.567515218508284,8.565619790714795,0.3367876570272817,1.5601336365486642,4.632395528741971,1.2682656213797732,0.8129211444895432,0.9645818343561804,2.974041224377858e-05,0.2873072963867698,3.9232348924410547,0.9999924194158496,0.9267677556242354,2.9740412235818096e-05,7.960483400931695e-15,0.9999924194158517,816,6.3399684764327535,81.00665196119883,0.012378703828195607,0.00016289295043443112,0.003521027040570517,0.02955605095378329,0.04611138925654354,1000,14,0.024927842843597975,0.9999999999999949,7311.774592968738,0.0,843477.3096655266,3.923221762959331,3.8579143100400463e-07,1.2743690292551801e-05,5.203618409679047e-07,1.2507143075857672e-05,1.671290732662791e-05,0.9999966534041209,81,0.9999943955604512,3.857935949372191e-07,0.0,11.958461609114655,0.0,3.857935949372191e-07,1.2507213171777818e-05,,,14,1.0,1.0,28982023.17569184,False,False,flat on the feasible set (objective invisible to the circuit),flat on the feasible set (objective invisible to the circuit)
NPP,optimality,12,5,61,0.75,0.9628633840217684,1.887379141862766e-14,2562320111.1629605,285415997.32163674,8.979315533161524,8.977492975894652,0.3367876570272817,1.4937866115836997,4.435395954735641,1.2399442810504315,0.8300678767872027,0.9331056017906342,2.6747670591585428e-05,0.2512294864810464,3.923235355015194,0.9999931822416523,0.9359636973703624,2.6747670592424668e-05,-8.392402441395608e-16,0.9999931822416521,816,6.339967809079335,81.00661448962506,0.012377016883883096,0.0001519115971314658,0.0031211513624010223,0.03066758241541017,0.04581082402177941,1000,14,0.019955147763106324,0.9999999999999987,7311.8528450234335,0.0,1053666.4557481604,3.9232223887196573,3.0710059213201863e-07,1.265919494392769e-05,4.133845615690803e-07,1.0013632258557625e-05,1.6320653772229742e-05,0.9999966949993148,81,0.9999944346734366,3.0710230303299064e-07,0.0,12.788430182812164,0.0,3.0710230303299064e-07,1.0013687988001381e-05,,,14,1.0,1.0,36408318.53927433,False,False,flat on the feasible set (objective invisible to the circuit),flat on the feasible set (objective invisible to the circuit)
NPP,optimality,12,10,52,0.25,0.8888455950770057,3.674838211509268e-14,510727208.93472433,269309628.69331235,1.8984961154766942,1.8964312988464902,0.6735753140545634,5.519650299090831,8.194555506889772,1.3422126865998254,0.2431698774143188,3.610511980267925,0.0007098545191684825,1.269063420620343,3.9224464873331533,0.9998190276090545,0.6764612532717632,0.0007098545191765967,-8.114169058881515e-15,0.9998190276090524,816,6.341105904572174,81.07054320216218,0.012345793685570008,0.0003668119869286096,0.004479146145015728,0.035131001091512154,0.19391084068212536,1000,14,0.30561332241813055,0.9999999844862492,7312.151612195394,0.0,68799.58521152381,3.9223389395602353,2.0458177986681337e-09,0.0001075457271007785,2.9474199195950007e-05,0.00015663490950120336,0.0005237454104707274,0.9999725814556641,81,0.9999325836045052,2.04595750598603e-09,0.019811546686672316,9.794502870670843,0.0035892756992115197,7.137445837454744e-14,0.00015664546997504745,,,14,1.0,1.0,5465299161.701871,False,True,flat on the feasible set (objective invisible to the circuit),flat on the feasible set (objective invisible to the circuit)
NPP,optimality,12,10,53,0.25,0.9629151758095731,4.318767565791859e-14,781875707.4326277,438284184.84822476,1.7857582237507876,1.7839468875733826,0.6735753140545634,6.009841697498836,8.922300999011975,1.6224308664244984,0.26996232980641044,3.289056251256054,0.0005359162573908918,1.3555314242099277,3.922577001005227,0.9998633764850878,0.6544283454824342,0.0005359162573820874,8.804372161885787e-15,0.99986337648509,816,6.340917613144624,81.05996307830772,0.01234571193860478,0.00015032712171171757,0.0030425662569270933,0.029341362251750026,0.17633694232198566,1000,14,0.1985925203194759,0.9999999987772589,7312.419424123688,0.0,105875.43671664178,3.9224901351707686,1.3508056323004122e-09,8.686448365216778e-05,1.982275599328369e-05,0.000102318030512008,0.00041377547088589713,0.9999778549064974,81,0.999943704742681,1.3508834568907587e-09,0.02168717930271728,13.194655755655257,0.003608610741235165,9.891822564379525e-15,0.00010232379085614411,,,14,1.0,1.0,8277283708.819331,False,True,flat on the feasible set (objective invisible to the circuit),flat on the feasible set (objective invisible to the circuit)
NPP,optimality,12,10,54,0.25,0.962907814164888,3.83026943495679e-14,436798909.8653197,244040076.6505554,1.7917701545858966,1.789865483818785,0.6735753140545634,5.886863068880682,8.739725085001872,1.4727817440266149,0.2501810772212589,3.539755823271468,0.0006600186729229056,1.3507434179292779,3.922486109124845,0.9998317346054107,0.6556409939127495,0.000660018672969057,-4.6151342296407716e-14,0.999831734605399,816,6.341048742409787,81.06733110562186,0.012345818661221851,0.00029756587932883985,0.004012850783238317,0.032150741453563184,0.1892670125001123,1000,14,0.2725325070772563,0.9999999920871284,7312.239499830842,0.0,77150.68577680788,3.922385936409385,1.888350394302759e-09,0.0001001708271095732,2.6690849919617802e-05,0.00014002715457095297,0.0004933006684321272,0.9999744619323885,81,0.999936056079327,1.8884729269090426e-09,0.021470311533242706,11.048198348322332,0.003647156606502321,3.9012373459799403e-14,0.00014003610902880005,,,14,1.0,1.0,5921043823.1043825,False,True,flat on the feasible set (objective invisible to the circuit),flat on the feasible set (objective invisible to the circuit)
NPP,optimality,12,10,55,0.25,0.9999124185625441,4.707345624410664e-14,313381474.27886724,179795004.61402324,1.7452354360594589,1.7429932213724297,0.6735753140545634,5.815966664123687,8.63447122061923,1.2359510888269436,0.21251000224107525,4.160675447885103,0.001004200491627911,1.387837698536037,3.922220104796196,0.9997439714078259,0.6461601691248913,0.0010042004916163412,1.1569738223027315e-14,0.9997439714078289,816,6.34143250553557,81.08889823495491,0.012345553549633423,0.0014811201266224162,0.005755370718235479,0.03778210867934141,0.21973948457934786,1000,14,0.4786028335463065,0.9999997874547731,7311.69885019283,0.0,43932.18832760781,3.9220693057680758,2.831274176935157e-09,0.0001507961968459766,4.620737510539515e-05,0.00024525790802789536,0.0007127352084943118,0.9999615526349641,81,0.9999124185625912,2.8315239420737483e-09,0.019633961247426925,8.251558000456964,0.0033758723839565274,3.880375603306565e-13,0.0002452793899494339,,,14,1.0,1.0,3949108626.5516405,False,True,flat on the feasible set (objective invisible to the circuit),flat on the feasible set (objective invisible to the circuit)
NPP,optimality,12,10,56,0.25,0.9629148993382309,3.674838211509268e-14,685195757.4784756,383235660.8068223,1.7897231458953664,1.7879227523762784,0.6735753140545634,5.989707628271808,8.892409658271129,1.609015969631764,0.2686301351400032,3.3039649167894107,0.0005450290627971176,1.352381295423264,3.9225724970673372,0.9998610531575377,0.6552310259569822,0.0005450290627926828,4.434820566334707e-15,0.9998610531575388,816,6.340924110953523,81.06032816817121,0.012345714982254487,0.0003103103707771732,0.0032064768710759074,0.029626433777207646,0.1774536763938302,1000,14,0.2017466718036089,0.9999999986578241,7312.4122896552835,0.0,104220.15703907613,3.922485114694084,1.4085882019668806e-09,8.738096466526441e-05,2.029621062011252e-05,0.00010394170709290844,0.0004207911450837059,0.9999777231973868,81,0.9999433378811425,1.4086697964385046e-09,0.02189998170294446,13.047966352272285,0.003656268896928312,8.112431599505662e-15,0.0001039475969840037,,,14,1.0,1.0,7937736925.129385,False,True,flat on the feasible set (objective invisible to the circuit),flat on the feasible set (objective invisible to the circuit)
NPP,optimality,12,10,57,0.25,0.9998871932555767,3.985700658404312e-14,102114336.91978455,58553292.47053465,1.7462554299784008,1.7439555080727664,0.6735753140545634,5.611233635606303,8.330521500008182,1.0346946178334415,0.18439699449827684,4.772092399485712,0.0014809914161498195,1.3867805864070804,3.921944150742098,0.9996223833488629,0.6464048101896918,0.0014809914066188652,9.530954367745204e-12,0.9996223833512922,814,6.341830623080821,81.11127813292879,0.012345332881407866,0.002787306966250087,0.007370259687016253,0.0453635290515242,0.2545453600437163,1000,14,0.7307263507177111,0.9999975819727143,7311.102441114627,0.0,28774.20500414622,3.9217384935672017,5.0266387251988264e-09,0.0002056521482574826,7.636974207262237e-05,0.0003740551954236893,0.0010305664786530863,0.9999475624417402,81,0.9998871932556166,5.027207604279306e-09,0.020425382382019245,6.442179604702389,0.0036400876720600584,2.6126088213806396e-13,0.00037409739613391776,,,14,1.0,1.0,2224351644.3065753,False,True,flat on the feasible set (objective invisible to the circuit),flat on the feasible set (objective invisible to the circuit)
NPP,optimality,12,10,58,0.25,0.9629108819707402,4.1744385725905886e-14,582666148.2453346,325475772.7291463,1.7920475074214428,1.7901982177033386,0.6735753140545634,5.9216735805532235,8.791405292019853,1.5211453172885845,0.25687760336605275,3.4500965863362123,0.0006173151888096279,1.3505287899660823,3.9225228713806577,0.9998426229217645,0.6556989380942169,0.0006173151887876095,2.2018411399704618e-14,0.9998426229217702,816,6.340995705685538,81.06435094243139,0.012345813985557527,0.0001411533633203228,0.0036364361889882615,0.031222334774423897,0.18488847495689417,1000,14,0.24633330908618684,0.9999999956365697,7312.309865437813,0.0,85356.17816154327,3.922428441517995,1.7323395818077563e-09,9.4428130323487e-05,2.4368557379255978e-05,0.00012666338197424802,0.0004662832494559906,0.9999759262429414,81,0.9999391847542224,1.732446717228624e-09,0.021748956287673434,11.684643305362094,0.0036727718932527804,2.891205235995527e-14,0.00012667108550655813,,,14,1.0,1.0,6454280345.003405,False,True,flat on the feasible set (objective invisible to the circuit),flat on the feasible set (objective invisible to the circuit)
NPP,optimality,12,10,59,0.25,0.8888347710136403,4.1744385725905886e-14,408319286.42839193,215908824.62161735,1.8932459622470892,1.8911653432599436,0.6735753140545634,5.381746012953871,7.9898207381720034,1.1625055370739943,0.21600899304349216,4.050020020334431,0.0009954342517749385,1.272811304535756,3.9222866783162544,0.9997462107353656,0.6754925356241059,0.0009954342517775926,-2.654126918244515e-15,0.999746210735365,816,6.341336460248266,81.08350004124867,0.012345718121395538,0.0014896936267596945,0.005890366253842418,0.04061713092854349,0.2185910824323143,1000,14,0.46024500374874283,0.9999998305909756,7311.805071292403,0.0,45684.51508701577,3.922147946942149,3.5790441612078247e-09,0.00013872779506108452,4.6558804457508377e-05,0.0002355021553759257,0.0007133732919419058,0.9999646299759596,81,0.9999183399835864,3.579338226237488e-09,0.020834760806417753,7.787832879571288,0.0038713757126903523,3.5718322038456255e-13,0.00023552138805545218,,,14,1.0,1.0,3124021340.677802,False,True,flat on the feasible set (objective invisible to the circuit),flat on the feasible set (objective invisible to the circuit)
NPP,optimality,12,10,60,0.25,0.9999379443856895,4.107825191113079e-14,385450481.6830158,221310732.6297241,1.7435664149583585,1.741670984967162,0.6735753140545634,6.082258123866247,9.0298115102442,1.5575424442616366,0.25607963564551406,3.4725749078226285,0.0006133841444000328,1.389234531885614,3.9225091376973795,0.9998436245467206,0.6458301349678607,0.000613384144380449,1.958372700117117e-14,0.9998436245467256,816,6.341015519202264,81.06546426219552,0.012345786892356624,0.00016289313930524738,0.003650720164288142,0.030337792764241138,0.1845222865004763,1000,14,0.24808335376771876,0.9999999954506439,7312.28981866978,0.0,84754.05341855322,3.9224115714858647,1.6174139895861066e-09,9.756459410145448e-05,2.395680483045279e-05,0.0001276312217165479,0.0004617961178538746,0.9999751265814585,81,0.9999379443857306,1.6175161417900592e-09,0.021508623056832404,11.959176093864219,0.0035362890917822864,7.238305681972639e-14,0.00012763914244104879,,,14,1.0,1.0,6912889154.70448,False,True,flat on the feasible set (objective invisible to the circuit),flat on the feasible set (objective invisible to the circuit)
NPP,optimality,12,10,61,0.25,0.9629141307294384,3.3639757646142243e-14,510611964.5386934,285415740.7166787,1.7908337860246988,1.7890112271192444,0.6735753140545634,5.976380725550431,8.87262433888174,1.5939190043327631,0.26670305616882556,3.3268976636085075,0.0005549089774431316,1.3515146808607972,3.922563898421414,0.9998585341139589,0.6554512008320127,0.0005549089774299132,1.3218484466726022e-14,0.9998585341139622,816,6.340936516177272,81.06102518022354,0.012345749473056219,0.00015191173370861783,0.0032389435377145216,0.029854409198527228,0.1784213157067736,1000,14,0.20916641168823277,0.9999999983383314,7312.393804231249,0.0,100523.16549189981,3.9224750356240548,1.4398062427082923e-09,8.886135755371624e-05,2.083854957885037e-05,0.00010771003612821772,0.0004263603917360623,0.9999773457361918,81,0.9999426008492341,1.439890667465102e-09,0.021702159551433717,12.789192987960934,0.0036313214549153284,1.6766248849297654e-14,0.00010771621894770903,,,14,1.0,1.0,7765629310.346507,False,True,flat on the feasible set (objective invisible to the circuit),flat on the feasible set (objective invisible to the circuit)
NPP,optimality,12,10,52,0.5,0.8888590246355174,3.5416114485542494e-14,861154685.3855252,269309638.3246655,3.1997026387399186,3.197637822183559,0.6735753140545634,3.4184952447449466,5.075149242283587,1.007446187253455,0.29470457471080097,2.724631812021352,0.00045120176606095125,0.5750745233631145,3.9226910502067605,0.999884976471436,0.8533979566571263,0.0004512017660008565,6.009477854576617e-14,0.9998849764714514,816,6.3407530749271075,81.050718781402,0.012345798398895828,0.0003668119738102682,0.004518315223542242,0.04882002629666751,0.16689102774348114,1000,14,0.11762199267617394,0.9999999999453566,7312.59329737904,0.0,178759.68038876975,3.9226106486161445,1.1350152461458018e-09,8.040045560148546e-05,1.4714488117061027e-05,6.014377816181705e-05,0.00037634349978259076,0.9999795034608673,81,0.9999524564388477,1.1350709877357399e-09,0.014756551434976593,9.794318298201176,0.004316680404239549,8.71528046721561e-15,6.014663774716689e-05,,,14,1.0,1.0,9850967323.394121,False,True,flat on the feasible set (objective invisible to the circuit),flat on the feasible set (objective invisible to the circuit)
NPP,optimality,12,10,53,0.5,0.9629254881378512,4.218847493575595e-14,1310407715.1194215,438284194.4795779,2.991669815235643,2.9898584790980425,0.6735753140545634,3.699763196151018,5.492723855748841,1.1517781090701007,0.3113113050771283,2.627405277340856,0.0003899981966090814,0.6549724243682588,3.922736596913257,0.9999005800703223,0.8330317603064027,0.00038999819657433826,3.474315019708074e-14,0.9999005800703312,816,6.340687364919531,81.04702727217183,0.012345673668516577,0.00015032711840825918,0.003096063057311118,0.04322779293774117,0.15993259736189167,1000,14,0.07525952237422487,0.9999999999961818,7312.691227801868,0.0,279380.8564573637,3.9226622775537474,7.323166540216982e-10,7.431862719321712e-05,1.1507671729822312e-05,3.881943050114888e-05,0.00033967109437823764,0.9999810542059928,81,0.999956171474898,7.323505281448241e-10,0.015968056588653808,13.194451246687436,0.004315967196296749,1.6501406872494593e-15,3.8821131974106095e-05,,,14,1.0,1.0,15267971263.56682,False,False,flat on the feasible set (objective invisible to the circuit),flat on the feasible set (objective invisible to the circuit)
NPP,optimality,12,10,54,0.5,0.9629228941413007,3.785860513971784e-14,730942190.0957823,244040086.28190857,2.9970773131545303,2.995172642462589,0.6735753140545634,3.6603246108317853,5.434172741276083,1.0934105315036222,0.2987195529784315,2.7315900210600152,0.0004357900159977728,0.6527624993636241,3.92270269509454,0.9998889056729834,0.8335936852466735,0.00043579001594358757,5.418522618441668e-14,0.9998889056729972,816,6.3407362749053,81.04977496037516,0.01234579219330873,0.00029756586758502304,0.004054295998010939,0.04516597392851124,0.16532212594271645,1000,14,0.10565764060349028,0.999999999971144,7312.62348274245,0.0,199001.88663486487,3.92262436812816,1.0337994643181262e-09,7.832593258169674e-05,1.3893268891508822e-05,5.419291890617065e-05,0.00036770382820038646,0.999980032397949,81,0.9999534457574445,1.0338493706672717e-09,0.015885921218321768,11.048002003334222,0.004340030709656594,4.567488065363826e-15,5.4195441933919844e-05,,,14,1.0,1.0,10815440983.85744,False,True,flat on the feasible set (objective invisible to the circuit),flat on the feasible set (objective invisible to the circuit)
NPP,optimality,12,10,55,0.5,0.9999450203133299,4.04121180963557e-14,522083310.8872175,179795014.2453764,2.906011894045909,2.9037696794789922,0.6735753140545634,3.691815936960418,5.480925235721094,0.9965042898243271,0.2699225277858188,3.028828529617206,0.0005665312091915006,0.6908102406898917,3.922603457159891,0.999855572653372,0.8238898608451073,0.0005665312091864242,5.076451412011629e-15,0.9998555726533733,816,6.340879444981448,81.05781857175295,0.012345761031199517,0.0014811200472810001,0.0057606342291869755,0.0485038808957884,0.17906740049550157,1000,14,0.19393165280328023,0.9999999989375332,7312.418015073165,0.0,108420.00010597252,3.922508158442878,1.769862671696493e-09,9.529694714932938e-05,2.0861930177816224e-05,9.887942324873825e-05,0.0004467898557647504,0.9999757052381018,81,0.9999450203133703,1.7699617598979395e-09,0.01552392435632243,8.251372251274681,0.00420495621163165,5.00083358888569e-14,9.888485990734838e-05,,,14,1.0,1.0,6317442043.167094,False,True,flat on the feasible set (objective invisible to the circuit),flat on the feasible set (objective invisible to the circuit)
NPP,optimality,12,10,56,0.5,0.9629253268837079,3.7636560534792807e-14,1143539006.4641833,383235670.43817544,2.985705845585617,2.9839054521117756,0.6735753140545634,3.7043147555830234,5.499481169054472,1.1491525278233303,0.31022000117332493,2.6373691639256465,0.00039413494446404406,0.657398797732041,3.9227339110724286,0.9998995254449068,0.8324131045757533,0.00039413494442931793,3.472612822297272e-14,0.9998995254449157,816,6.340691239768755,81.04724495187791,0.01234567492359762,0.0003103103629785547,0.003258725628008027,0.043326921711902666,0.16049655541139152,1000,14,0.07717745073739478,0.9999999999955632,7312.686988218594,0.0,272437.99343705596,3.9226593438105057,7.587977869778244e-10,7.456650312510011e-05,1.1708196499381684e-05,3.979707537263903e-05,0.0003426296725923449,0.9999809909966841,81,0.999955960961378,7.588329815318396e-10,0.01607350180489799,13.047764148068667,0.004339129600332296,9.31775551308499e-16,3.979882807476573e-05,,,14,1.0,1.0,14735138597.241632,False,False,flat on the feasible set (objective invisible to the circuit),flat on the feasible set (objective invisible to the circuit)
NPP,optimality,12,10,57,0.5,0.9999358716958227,3.8968828164342995e-14,170092259.57393646,58553302.10188783,2.907213111187595,2.9049131896602716,0.6735753140545634,3.605124938064287,5.352222480309384,0.8784748835146562,0.24367390828522545,3.337089857687223,0.0007537398118075012,0.6902179883984875,3.922496853101171,0.9998078418313551,0.824036063189498,0.0007537398092922462,2.5152550398380158e-12,0.9998078418319961,814,6.341033242128347,81.06646012481035,0.0123457022280005,0.002787306507769748,0.007333666435217932,0.05463943869101855,0.19698200302682567,1000,14,0.30391665133807416,0.9999999849850111,7312.183891316858,0.0,69183.67165770676,3.9223834362907604,3.0132125183186076e-09,0.0001134137971976233,3.177895348400835e-05,0.0001545582847206594,0.0005674025736022751,0.9999710855573228,81,0.9999358716958616,3.013407539278186e-09,0.015814019050019147,6.441971179084465,0.004386538420083223,3.364758593953002e-14,0.00015456819691700142,,,14,1.0,1.0,3710660854.417242,False,True,flat on the feasible set (objective invisible to the circuit),flat on the feasible set (objective invisible to the circuit)
NPP,optimality,12,10,58,0.5,0.962923939863994,3.963496197911809e-14,974359752.1036863,325475782.36049944,2.9954967587229313,2.993647469059551,0.6735753140545634,3.673641699153586,5.453943490060861,1.113243092506056,0.30303529404148183,2.694888839009529,0.0004203221121208625,0.6534010593913343,3.9227158991536792,0.9998928492088321,0.8334314601951407,0.0004203221120755,4.536247679570726e-14,0.9998928492088438,816,6.340717225474712,81.04870478142166,0.012345768943226565,0.0001411533591433672,0.003682377903532078,0.04451280353823892,0.16352409122430578,1000,14,0.09499630457507824,0.9999999999846872,7312.649199817909,0.0,221335.6604926203,3.9226393265344415,9.362588686643214e-10,7.657168297885255e-05,1.3094369562725718e-05,4.880155871014411e-05,0.00035842618384820675,0.9999804796928439,81,0.9999545226884459,9.363032254938719e-10,0.015988832975221096,11.684444281996115,0.0043523114894152455,3.6142225379823684e-15,4.8803778174769184e-05,,,14,1.0,1.0,11942204041.797602,False,False,flat on the feasible set (objective invisible to the circuit),flat on the feasible set (objective invisible to the circuit)
NPP,optimality,12,10,59,0.5,0.8888556891266075,4.39648317751562e-14,692641660.9659791,215908834.25297052,3.2101089673520082,3.208028348457676,0.6735753140545634,3.3538097783194085,4.979116229974739,0.9199797779978873,0.27430887223988254,2.9133623677008695,0.0005550386167039749,0.5712688161233932,3.922632820187312,0.9998585035505114,0.854365972470471,0.0005550386167129724,-8.997468568805456e-15,0.9998585035505091,816,6.3408370830874405,81.05543850374887,0.012345792646926618,0.0014896935603068073,0.005903845645157823,0.05305880392895301,0.17794913544285487,1000,14,0.17975705812969053,0.9999999993220889,7312.465678950726,0.0,116969.36986092223,3.9225430735568225,1.8733444830463736e-09,8.97447571454692e-05,2.040952583564248e-05,9.155790204865058e-05,0.0004430711888195049,0.9999771208179293,81,0.999947562308521,1.8734444984140407e-09,0.015073754766724649,7.787644343279033,0.004494516911533992,4.297650642167763e-14,9.156270338544169e-05,,,14,1.0,1.0,5968472636.559855,False,True,flat on the feasible set (objective invisible to the circuit),flat on the feasible set (objective invisible to the circuit)
NPP,optimality,12,10,60,0.5,0.999954068893297,5.0737192225369654e-14,642285202.0561695,221310742.26107726,2.904082623779643,2.902187193870935,0.6735753140545634,3.7876288934391154,5.6231705859878,1.1453128992552097,0.30238255422517946,2.7189544284444915,0.00041935402824807655,0.6916122302352845,3.9227106041669435,0.9998930958537184,0.8236902234132154,0.0004193540282017655,4.631104527641483e-14,0.9998930958537302,816,6.340724864525817,81.04913393437457,0.012345769944807768,0.00016289313221620443,0.003694097921409053,0.04313694152873381,0.16338672610882587,1000,14,0.09638305418541376,0.999999999983306,7312.642316978809,0.0,218151.10545298608,3.9226330203154802,9.150064099532019e-10,7.758293645666623e-05,1.3014993471634522e-05,4.953823686792168e-05,0.00035680079790853764,0.9999802218773465,81,0.9999540688933477,9.150502154974915e-10,0.01617766666194967,11.958983330341633,0.0042711857779869685,9.231250319029049e-15,4.9540512318476586e-05,,,14,1.0,1.0,12219579904.017118,False,False,flat on the feasible set (objective invisible to the circuit),flat on the feasible set (objective invisible to the circuit)
NPP,optimality,12,10,61,0.5,0.9629251009181202,4.196643033083092e-14,854781843.0662155,285415750.3480318,2.996688266233635,2.994865707389683,0.6735753140545634,3.68837163877051,5.475811779039947,1.1407516354324123,0.3092832683782031,2.6428156936835427,0.0003971071855168339,0.6529250002890443,3.922731473863531,0.9998987676856897,0.8335534806194692,0.0003971071854785982,3.8235690655308296e-14,0.9998987676856995,816,6.3406947559180145,81.04744248118905,0.01234570578134753,0.0001519117285823571,0.003290635836734779,0.043597146018339895,0.16080247690538152,1000,14,0.07970597461112033,0.9999999999946222,7312.681206350234,0.0,263795.40454862686,3.9226565332353527,7.790527697668747e-10,7.493984912441838e-05,1.186638350849711e-05,4.106815703253052e-05,0.00034417264497606047,0.9999808958047021,81,0.9999557592181403,7.790890135513775e-10,0.015963602439071557,12.788992172557347,0.00432808946670919,1.824464644016037e-15,4.1069973999402964e-05,,,14,1.0,1.0,14352032404.916895,False,False,flat on the feasible set (objective invisible to the circuit),flat on the feasible set (objective invisible to the circuit)
NPP,optimality,12,10,52,0.75,0.888856934307804,3.6415315207705135e-14,1373860139.2060518,269309654.7895725,5.1034791726273765,5.101414356197255,0.6735753140545634,2.2132390464746896,3.28580783810525,0.7574664141095336,0.34224338094705486,2.0326495059587986,0.00023204438528669617,0.16770911959245,3.9227562479105855,0.999940846595959,0.9572471219230666,0.00023204438526803307,1.8663103831459416e-14,0.9999408465959638,816,6.340659014523213,81.04543463290831,0.01234560434954842,0.00036681195138431755,0.004565481039886914,0.05786229893494977,0.1280630993216217,1000,14,0.049700223373673684,0.9999999999996798,7312.668605291341,0.0,423057.85347074765,3.922637851317882,5.414079318158858e-10,0.00011839605129641022,3.722890000569132e-06,2.5231825634903035e-05,0.00020308966965185935,0.9999698180092718,81,0.9999544165610337,5.414343885331567e-10,0.010191661373969905,9.794230196074592,0.004604862448185827,1.0382961268253242e-15,2.523297584071721e-05,,,14,1.0,1.0,20651673621.652836,False,False,flat on the feasible set (objective invisible to the circuit),flat on the feasible set (objective invisible to the circuit)
NPP,optimality,12,10,53,0.75,0.9629234890111659,4.4297898682543746e-14,1969000838.7118578,438284210.94448495,4.494331918704142,4.4925205826345875,0.6735753140545634,2.5257873010401473,3.7498216581546875,0.8853789970955166,0.3505358494481731,2.0919990117924194,0.00021107969649349065,0.25029064359725156,3.922769403044069,0.9999461911535433,0.9361954227023832,0.00021107969648208165,1.1409005250956339e-14,0.9999461911535462,816,6.340640035677336,81.04436847640802,0.012345516117978008,0.00015032711276096006,0.0031352061107207557,0.04938123573363074,0.12472649812567446,1000,14,0.035456910447868036,0.9999999999999575,7312.702247191141,0.0,593003.4385933739,3.9226523464403593,3.82227517435836e-10,0.00011705622148168058,2.991743968824167e-06,1.810630145391607e-05,0.00018998165107091315,0.9999701597030866,81,0.999955458567312,3.822463195122647e-10,0.011536187795730162,13.19436148116645,0.004567363131083695,1.862466368670776e-16,1.810710797044691e-05,,,14,1.0,1.0,29252115495.71956,False,False,flat on the feasible set (objective invisible to the circuit),flat on the feasible set (objective invisible to the circuit)
NPP,optimality,12,10,54,0.75,0.9629224308722887,3.83026943495679e-14,1099966125.1232028,244040102.74681556,4.5092217579701135,4.507317087406676,0.6735753140545634,2.504358440122736,3.718008050277016,0.856137878599539,0.3418591623639868,2.1384208920448042,0.00023230958535843071,0.24786468910449821,3.922754632051129,0.9999407789660204,0.9368136138112481,0.00023230958534231202,1.6118698173070434e-14,0.9999407789660245,816,6.340661345715624,81.04556559104525,0.0123456126026092,0.0002975658475088377,0.004088002896821704,0.05120894224573721,0.1282455467228697,1000,14,0.04990942913596038,0.9999999999996717,7312.672560309866,0.0,421284.5184064331,3.922636697902791,5.401313808404659e-10,0.00011793360820623956,3.748291327199471e-06,2.5388246971721162e-05,0.00020317304705876537,0.9999699358844995,81,0.9999543335717036,5.401578241943092e-10,0.011482662593262681,11.047918432771944,0.004585071533410341,7.216604385231071e-16,2.538940641522871e-05,,,14,1.0,1.0,20700482429.343487,False,False,flat on the feasible set (objective invisible to the circuit),flat on the feasible set (objective invisible to the circuit)
NPP,optimality,12,10,55,0.75,0.9999547777646821,3.5638159090467525e-14,770628809.4744086,179795030.7102834,4.288394097592317,4.286151883230732,0.6735753140545634,2.5665510506503173,3.8103401313819707,0.778802182519739,0.30344309041599027,2.4306245913066324,0.00042559258028855844,0.2863406787441804,3.9227233217606017,0.9998915058378123,0.927004620194405,0.0004255925802476583,4.0900117494191424e-14,0.9998915058378227,816,6.340706516916467,81.04810319097449,0.012345696133651279,0.0014811199116459733,0.005816474175557548,0.0637942656083491,0.16373123942257378,1000,14,0.09378007653477322,0.9999999999858191,7312.636838353759,0.0,224206.14905007783,3.9226428732182206,1.008102362099389e-09,8.044753427908867e-05,1.3129898195089047e-05,4.781021386473855e-05,0.0003646524682283181,0.999979491660313,81,0.9999547777647178,1.0081497291609964e-09,0.011716133559300542,8.251284875796271,0.00456493298909129,1.0610743821394328e-14,4.781237604814558e-05,,,14,1.0,1.0,11091131755.191547,False,False,flat on the feasible set (objective invisible to the circuit),flat on the feasible set (objective invisible to the circuit)
NPP,optimality,12,10,56,0.75,0.9629234476258915,3.674838211509268e-14,1719576737.165451,383235686.90308243,4.488795722723219,4.486995329326728,0.6735753140545634,2.527888076766448,3.752940501263196,0.8844324150812721,0.3498700845223319,2.096613298079411,0.00021301544745942747,0.2511944509450823,3.922768562367099,0.9999456976765076,0.9359650086536063,0.00021301544744670197,1.2725497738896863e-14,0.9999456976765109,816,6.3406412485178265,81.04443660857049,0.01234551703074356,0.0003103103496467293,0.003297352550418634,0.049478604075380996,0.1250763732972034,1000,14,0.03632777521485092,0.9999999999999509,7312.700780495285,0.0,578787.7097655993,3.922651452282731,3.938633643902831e-10,0.00011710969050452805,3.0527192306688376e-06,1.85473055484009e-05,0.00019141542268120816,0.9999701460632953,81,0.9999553943395507,3.938827100669443e-10,0.011580277678641004,13.047675729680776,0.004581008860745898,-4.1224088210814755e-16,1.8548132899230804e-05,,,14,1.0,1.0,28387926172.932045,False,False,flat on the feasible set (objective invisible to the circuit),flat on the feasible set (objective invisible to the circuit)
NPP,optimality,12,10,57,0.75,0.9999505442746605,4.6629367034256575e-14,251045236.0510826,58553318.56679483,4.289763760606474,4.287463839725876,0.6735753140545634,2.528367773015218,3.7536526654989704,0.7173981701891454,0.2837396433563969,2.5854435319672335,0.0005143050966091285,0.2860583735075878,3.922671841267239,0.999868889084425,0.9270756298046142,0.0005143050956647741,9.443544037035512e-13,0.9998688890846656,814,6.340780787568971,81.05227569471471,0.012345680307220075,0.002787305723992781,0.007369075465609162,0.06857172611080202,0.17337454243857797,1000,14,0.1498446281533194,0.9999999997696102,7312.523721321371,0.0,140319.1430791194,3.922584189400721,1.6921600965535965e-09,8.765017435712474e-05,1.798375832770882e-05,7.607516483075014e-05,0.0004202461734505768,0.9999776550601058,81,0.9999505442747071,1.6922455640553877e-09,0.011850716368890946,6.4418804581946185,0.004687101495032233,7.497890646747431e-15,7.607892736964444e-05,,,14,1.0,1.0,6607533534.12622,False,True,flat on the feasible set (objective invisible to the circuit),flat on the feasible set (objective invisible to the circuit)
NPP,optimality,12,10,58,0.75,0.9629228486601566,4.2299497238218464e-14,1459918659.746647,325475798.8254065,4.487339962041562,4.485490672471732,0.6735753140545634,2.520943205055964,3.742630040702106,0.869018590038487,0.34471962251890365,2.125809404053813,0.00022552884895162017,0.2514336236046824,3.922760139540065,0.9999425076117506,0.9359039006564999,0.00022552884893568213,1.5938042986080037e-14,0.9999425076117547,816,6.3406534000886,81.04511923471593,0.012345591766874053,0.00014115335200281498,0.0037172118717072166,0.05042457412511575,0.12711748750855134,1000,14,0.04516434021888853,0.9999999999998194,7312.683320437229,0.0,465545.82034366997,3.9226425994832437,4.900328767951151e-10,0.00011753956678932453,3.501091714157918e-06,2.299893422394045e-05,0.0001990288230135389,0.9999700363895216,81,0.9999547580814687,4.900568241831394e-10,0.011567249229244505,11.684359247959753,0.004588460861016389,5.655061295182938e-16,2.299997478603759e-05,,,14,1.0,1.0,22816786888.96227,False,False,flat on the feasible set (objective invisible to the circuit),flat on the feasible set (objective invisible to the circuit)
NPP,optimality,12,10,59,0.75,0.8888558881867703,3.985700658404312e-14,1081854548.0445027,215908850.7178775,5.012780941799931,5.010700323064264,0.6735753140545634,2.2308641627240338,3.31197434967654,0.7280667920582754,0.32636088033672894,2.1389367921409375,0.0002795819231710172,0.178044339565906,3.9227303663872384,0.9999287277235349,0.9546121392661812,0.0002795819231418608,2.915641903258881e-14,0.9999287277235424,816,6.340696353668516,81.04753223935688,0.012345621002960125,0.0014896934467048598,0.005932207398724409,0.06062397550813952,0.135243854362968,1000,14,0.08009511862462149,0.9999999999944637,7312.611810069142,0.0,262513.7483849058,3.9226094274872,9.058216600743282e-10,0.00012093799421686224,5.55401301381754e-06,4.0545483675448196e-05,0.00023348242648219336,0.9999691697137599,81,0.9999523683103595,9.058665843025559e-10,0.010481757082031844,7.787566374425074,0.004698518743173013,7.878925873662214e-15,4.0547415017336025e-05,,,14,1.0,1.0,12343482916.730019,False,False,flat on the feasible set (objective invisible to the circuit),flat on the feasible set (objective invisible to the circuit)
NPP,optimality,12,10,60,0.75,0.9999544149934033,4.529709940470639e-14,948177180.7819605,221310758.72598425,4.286265454254146,4.284370024486452,0.6735753140545634,2.6371097527147898,3.915092637289212,0.9055049272615177,0.343370209119791,2.168441473420211,0.00022675901653732537,0.2866737502312955,3.9227555047403184,0.9999421939459996,0.9269203115297717,0.00022675901652404698,1.3278386636755846e-14,0.999942193946003,816,6.340660086691239,81.04549486348608,0.01234560267649427,0.00016289312009740693,0.00372481535465368,0.04831168814041535,0.12740322396520476,1000,14,0.04717342827210828,0.9999999999997656,7312.678222985408,0.0,445718.5027172368,3.9226378295296565,4.997857104759338e-10,0.00011767471087656833,3.562966475448782e-06,2.4029365046096836e-05,0.00019916668501539662,0.9999700019003174,81,0.9999544149934486,4.998102706066815e-10,0.011956262457520558,11.958905449994525,0.004533850912049491,1.8025831696147105e-15,2.4030460474795012e-05,,,14,1.0,1.0,22371538538.43707,False,False,flat on the feasible set (objective invisible to the circuit),flat on the feasible set (objective invisible to the circuit)
NPP,optimality,12,10,61,0.75,0.9629233349115788,4.0745185003743245e-14,1284084009.9826455,285415766.81293887,4.500817215975926,4.4989946572371124,0.6735753140545634,2.5200930432768893,3.741367877791239,0.8799271835597332,0.3491645619621883,2.098489242885149,0.00021444195732491026,0.24923061286432924,3.9227672308511714,0.9999453340092069,0.9364656126154468,0.0002144419573098443,1.506596496864132e-14,0.9999453340092108,816,6.340643169489276,81.0445445206019,0.012345540796963086,0.00015191171981895722,0.003328863515865539,0.04971980793779212,0.12529854209709299,1000,14,0.03760043765820356,0.9999999999999396,7312.697885040821,0.0,559197.4755351194,3.9226500325985123,4.0629075854875197e-10,0.00011719784636834181,3.105549161392814e-06,1.918651901814918e-05,0.00019214988914504594,0.9999701235771173,81,0.9999552923493236,4.063107000234409e-10,0.011528285288628651,12.788905389589505,0.004574547483230367,-1.9865515095380782e-16,1.918737684069037e-05,,,14,1.0,1.0,27519609799.771984,False,False,flat on the feasible set (objective invisible to the circuit),flat on the feasible set (objective invisible to the circuit)
NPP,optimality,12,20,52,0.25,0.8874215696396921,7.815970093361102e-14,255232466.44735336,269309526.48709345,0.9497938850655991,0.9477290676517723,1.3471506281091268,9.934970202270353,7.374802783720756,1.5825657124464656,0.15929244680420032,5.4265168938138055,0.002692303630085615,1.269358748285341,3.921999352936922,0.9993135379718843,0.6763490673870705,0.0026923036300768362,8.778568150180632e-15,0.9993135379718865,816,6.341750983148243,81.10680073594098,0.012508662471084274,0.0003668121261381902,0.0045576925755313,0.03397397275291352,0.33753040695294073,1000,14,1.3206835077760457,0.9999343903845952,7303.432655466857,0.0,15920.596943691491,3.9218122642697564,1.3874905634708454e-05,0.00017321376153135295,0.0001763259165403057,0.0006914798362283392,0.001824497877316677,0.9999522976292626,81,0.9998928598107315,1.3876392355787929e-05,0.0,9.794350402904623,0.0,1.3876392355787929e-05,0.0006915539294481178,,,14,0.9999999999999996,0.9999999999999902,805844.4893437522,False,True,flat on the feasible set (objective invisible to the circuit),flat on the feasible set (objective invisible to the circuit)
NPP,optimality,12,20,53,0.25,0.9623946529720471,7.771561172376096e-14,392693583.0116272,438284082.6420059,0.8977909045650445,0.8959795679652427,1.3471506281091268,11.06245655242509,8.21174434513864,2.1442719525338316,0.19383325415761915,4.530817983621729,0.0016580980059775563,1.3489945109997161,3.9224378965331193,0.9995772787104054,0.6560826336620813,0.0016580980059623745,1.518186618088002e-14,0.9995772787104091,816,6.341118298476734,81.0712396659764,0.012513110515984227,0.00015032715676744352,0.0030410727739020134,0.024666767117023928,0.2728750395208651,1000,14,0.8856607428130332,0.9999928234695675,7304.25537058588,0.0,23740.546239748783,3.922357877643847,8.31720782289693e-06,7.170168144878691e-05,0.00010642752148000516,0.00046387121520655936,0.0010877992692908448,0.9999795997052386,81,0.9999339845200774,8.31775692538856e-06,0.0,13.194252100906471,0.0,8.31775692538856e-06,0.0004639018399091579,,,14,1.0,0.9999999999999996,1344323.297323694,False,True,flat on the feasible set (objective invisible to the circuit),flat on the feasible set (objective invisible to the circuit)
NPP,optimality,12,20,54,0.25,0.9623525398310246,9.481304630298837e-14,218394470.96586227,244039974.44433653,0.8968173655328022,0.8949126939679967,1.3471506281091268,10.647779170225935,7.903926218830671,1.773728019260622,0.16658196896310964,5.243548301161625,0.0023643854650641245,1.3503226603880996,3.922061339012334,0.9993971574484198,0.6557109785722672,0.002364385465066038,-1.9133999940024182e-15,0.9993971574484194,816,6.34166155614459,81.1017733994853,0.012515797643626425,0.00029756600395220724,0.0040680981097323855,0.03002975208337001,0.31975016872035605,1000,14,1.1820338026104389,0.9999642350557875,7303.361044409219,0.0,17788.044445978165,3.9219047669541305,1.1993968407246902e-05,0.0001445780897965725,0.00015145732206023755,0.0006204914343763519,0.0015924367086272205,0.9999600791408727,81,0.9998999327619987,1.1995168732427603e-05,0.0,11.048006069514715,0.0,1.1995168732427603e-05,0.0006205535314551644,,,14,0.9999999999999998,0.9999999999999959,932219.9180545425,False,True,flat on the feasible set (objective invisible to the circuit),flat on the feasible set (objective invisible to the circuit)
NPP,optimality,12,20,55,0.25,0.9998147417757349,9.114931032172535e-14,156998368.97850037,179794902.40780434,0.8754503374155065,0.8732081214538681,1.3471506281091268,10.196492982949218,7.568933102351822,1.3302261298320983,0.13045918160847356,6.652509792419323,0.004291552801864061,1.384190689035241,3.9212023818314248,0.9989055518221277,0.6469984065477525,0.0042915528018578255,6.235463534398633e-15,0.9989055518221293,816,6.34290076940987,81.17146627744788,0.012527519763652574,0.0014811209685800348,0.005956139731383216,0.04063690047405197,0.41435387053247663,1000,14,1.9912097572429912,0.9994191711762146,7300.8454518608705,0.0,10559.444950990774,3.9208165798061407,2.3675713165641318e-05,0.00036212631211820866,0.00028478407224684084,0.0010482664153574702,0.002958502314259742,0.9999016112947723,81,0.9998147417758261,2.3680100100710426e-05,0.0,8.251709513148938,0.0,2.3680100100710426e-05,0.001048460651315849,,,14,0.9999999999999858,0.9999999999997603,472256.78772084805,False,True,flat on the feasible set (objective invisible to the circuit),flat on the feasible set (objective invisible to the circuit)
NPP,optimality,12,20,56,0.25,0.962388982026327,8.548717289613705e-14,343093755.4836273,383235558.6006034,0.8970559301411496,0.8952555361419093,1.3471506281091268,11.024711249573544,8.183725724158947,2.102152275477645,0.19067640211973444,4.603643957841022,0.0016992145817946909,1.3500656696774285,3.9223734607146996,0.9995667891905721,0.6558038944533773,0.0016992145817973595,-2.6686552273558206e-15,0.9995667891905714,816,6.341211259712323,81.07646372595545,0.012513225425686619,0.0003103104535347591,0.0032112792909043046,0.025101599856468558,0.2767378903199026,1000,14,0.8997820838198886,0.9999921561809254,7304.160090446761,0.0,23367.957859552032,3.9222860291199453,8.485701106291248e-06,7.894589364838821e-05,0.00010751825550081237,0.00047153541926755674,0.0011201609070263996,0.9999777095180686,81,0.9999286583034722,8.486306535573034e-06,0.0,13.047606942034522,0.0,8.486306535573034e-06,0.0004715690618044559,,,14,1.0,0.9999999999999994,1317630.2234789736,False,True,flat on the feasible set (objective invisible to the circuit),flat on the feasible set (objective invisible to the circuit)
NPP,optimality,12,20,57,0.25,0.9996971810522444,8.382183835919932e-14,51184740.86523056,58553190.26431578,0.8764579459047218,0.8741580199845099,1.3471506281091268,9.661508950492605,7.17181044858628,1.0567926899802589,0.10938174309990956,7.867539585780814,0.006410312699041379,1.3817441203346923,3.920047584945227,0.9983647359987007,0.6475185337950435,0.00641031267220713,2.6834249232388085e-11,0.9983647360055349,814,6.344566789150688,81.26525697812728,0.012531151075137225,0.0027873118315717644,0.007750925929679941,0.050615069822585575,0.4890179501207187,1000,14,2.992871258077654,0.9955941390385358,7298.030861162011,0.0,7025.383988948555,3.9193786797795656,3.9479412318989355e-05,0.0006294257533432608,0.00043611597156346124,0.0015726549139104954,0.00440154181356756,0.9998293629984926,81,0.9996971810523282,3.949137105619036e-05,0.0,6.442547242140604,0.0,3.949137105619036e-05,0.0015731312878716384,,,14,0.9999999999996114,0.9999999999949161,283211.3142053255,False,True,flat on the feasible set (objective invisible to the circuit),flat on the feasible set (objective invisible to the circuit)
NPP,optimality,12,20,58,0.25,0.9623712674378485,8.22675261247241e-14,292453004.8146844,325475670.52292746,0.9003895847079628,0.8985402944091427,1.3471506281091268,10.74789934306787,7.978246172927018,1.88350708053718,0.17524420544113076,4.991087536701816,0.0020974186907310164,1.344750287059819,3.922200942427947,0.9994652444580179,0.6571439590172087,0.0020974186907265855,4.4309174385137595e-15,0.999465244458019,816,6.341460150989132,81.09045210516703,0.012513809382011649,0.0001411534076454532,0.003670443185393512,0.028189902165795793,0.30298223096890414,1000,14,1.0726798020116792,0.9999790763174917,7303.736761844175,0.0,19601.440968732008,3.9220729756865467,1.0559800058107533e-05,0.00011740694134212565,0.0001341743816934587,0.0005625242774546243,0.001400720031583423,0.9999673737416113,81,0.9999126955839657,1.0560722057555762e-05,0.0,11.684379990797597,0.0,1.0560722057555762e-05,0.0005625733925952537,,,14,0.9999999999999999,0.9999999999999981,1058828.4043204817,False,True,flat on the feasible set (objective invisible to the circuit),flat on the feasible set (objective invisible to the circuit)
NPP,optimality,12,20,59,0.25,0.8872729201921868,7.616129948928574e-14,204269452.10695267,215908722.41539848,0.9481723286430426,0.94609170867098,1.3471506281091268,9.465072521021511,7.025994215885699,1.259377791533994,0.13305527123399966,6.4459782818817954,0.004056976765708367,1.2711944643058575,3.921263749372063,0.9989653904901556,0.6758202085974395,0.004056976765707255,1.1119577481011333e-15,0.9989653904901559,816,6.342812234763199,81.16648513702737,0.012510668781309076,0.001489694331946364,0.0060914967069875155,0.04255836317892401,0.40281799386448736,1000,14,1.9222557268963274,0.9995160453219734,7301.734894292868,0.0,10938.227168885456,3.9209007648292133,2.1883360985574898e-05,0.00034110118186404033,0.000267269047047723,0.0010070395124287478,0.0027826682062321905,0.9999074317449553,81,0.9998214683444326,2.1887268557642164e-05,0.0,7.787934907161662,0.0,2.1887268557642164e-05,0.0010072193329637813,,,14,0.9999999999999915,0.9999999999998503,510936.88277087675,False,True,flat on the feasible set (objective invisible to the circuit),flat on the feasible set (objective invisible to the circuit)
NPP,optimality,12,20,60,0.25,0.9999122158225502,8.637535131583718e-14,192971272.23014832,221310630.42350522,0.8738430271517967,0.8719475962852483,1.3471506281091268,11.059163808712132,8.209300116821293,1.9270618955789935,0.17425023527193825,5.039803445278021,0.0021337864489142156,1.387067337646045,3.9221947208166137,0.9994559713117788,0.6463542897846609,0.002133786448923955,-9.73917127500279e-15,0.9994559713117762,816,6.341469126877061,81.09095662001862,0.012519936638658531,0.00016289321453295702,0.003685125804383505,0.027633085481861053,0.3055988188840464,1000,14,1.0844821906256363,0.9999777680579759,7303.453957922807,0.0,19388.119048182027,3.922066620469098,1.0810115814745033e-05,0.00011729023170193768,0.0001371760416626968,0.0005697435044005893,0.001426866902851495,0.9999673396257366,81,0.9999122158226366,1.0811064856956098e-05,0.0,11.9589336247437,0.0,1.0811064856956098e-05,0.0005697935232554067,,,14,0.9999999999999999,0.9999999999999978,1034310.4955743403,False,True,flat on the feasible set (objective invisible to the circuit),flat on the feasible set (objective invisible to the circuit)
NPP,optimality,12,20,61,0.25,0.9623866501095949,8.060219158778636e-14,255456305.9091568,285415638.5104598,0.8968551766997024,0.895032617141597,1.3471506281091268,10.99032522443694,8.158200720184546,2.0678554905632454,0.18815234748152654,4.663369679523008,0.0017708848354989967,1.3504139396602108,3.9223654825328795,0.9995485161075924,0.6557144035470716,0.0017708848354990006,-3.903127820947816e-18,0.9995485161075924,816,6.341222769795732,81.07711057130815,0.012513670231518113,0.00015191178810761288,0.0032471109761717737,0.025595307084593243,0.28130074907901464,1000,14,0.9319895454508809,0.9999904451041582,7304.095113133314,0.0,22560.413815920016,3.9222726183983614,8.872412113355139e-06,8.399172240420387e-05,0.00011306932217593133,0.0004884355742255192,0.0011693799390978838,0.9999763244565221,81,0.99992766080423,8.873053984720727e-06,0.0,12.788841095522436,0.0,8.873053984720727e-06,0.0004884709098182925,,,14,1.0,0.9999999999999993,1260200.281764523,False,True,flat on the feasible set (objective invisible to the circuit),flat on the feasible set (objective invisible to the circuit)
NPP,optimality,12,20,52,0.5,0.8880526679912197,7.671641100159832e-14,430596253.1045079,269309531.30277,1.6009545819593993,1.5988897645824947,1.3471506281091268,6.489161318052278,4.8169530434473575,1.5165516348346737,0.2337053373316148,3.390593878792466,0.0010735643456020335,0.5750345543676372,3.9227176246866167,0.9997263212781756,0.8534091389222602,0.001073564345608157,-6.123573870198129e-15,0.9997263212781741,816,6.340714736056905,81.04856492933294,0.012440430549521243,0.0003668121195790144,0.004447505980196298,0.03468662219595695,0.22508708700789742,1000,14,0.5582719239889495,0.999999482493206,7308.014334556079,0.0,37662.77492023629,3.92264369845649,4.67214725189326e-06,6.925408287583426e-05,6.207952490642583e-05,0.00028657576733191514,0.0007249090533634334,0.9999811543329906,81,0.9999548371007582,4.672358270915253e-06,0.0,9.79404704597828,0.0,4.672358270915253e-06,0.00028658871050985977,,,14,1.0,1.0,2393121.5435430165,False,True,flat on the feasible set (objective invisible to the circuit),flat on the feasible set (objective invisible to the circuit)
NPP,optimality,12,20,53,0.5,0.9626346583565076,8.482103908136196e-14,657140350.2076864,438284087.4576825,1.5011592915090985,1.499347954929199,1.3471506281091268,7.209069372181791,5.351346183388942,2.0090417122275244,0.27868253286339195,2.917768560202398,0.0006709953109058056,0.6514271368324093,3.922863141981459,0.9998289526586526,0.8339408964179744,0.0006709953109238049,-1.7999273946300853e-14,0.999828952658648,816,6.340504798977192,81.03677181948056,0.01244434908523235,0.00015032715511571355,0.002987526492726376,0.025581060041802255,0.18441563645530007,1000,14,0.3748384824564634,0.999999948725291,7308.210016916656,0.0,56093.67981561284,3.92282471819554,2.8858421474963576e-06,3.553794377200292e-05,3.650070446248769e-05,0.00019253195197281293,0.0004419626544702999,0.9999902051678765,81,0.9999677056122894,2.8859353487877047e-06,0.0,13.194029774520812,0.0,2.8859353487877047e-06,0.00019253816987511996,,,14,1.0,1.0,3874437.9175484525,False,True,flat on the feasible set (objective invisible to the circuit),flat on the feasible set (objective invisible to the circuit)
NPP,optimality,12,20,54,0.5,0.9626185155722127,8.992806499463768e-14,365994481.600821,244039979.2600131,1.5016363249661477,1.4997316534389276,1.3471506281091268,6.973869835302493,5.176755805763964,1.6862564791527235,0.2417963797684764,3.336811022971172,0.0009559724645590407,0.6509955493220259,3.9227185531717703,0.9997562984823914,0.8340447981424377,0.0009559724645707141,-1.1673387950716929e-14,0.9997562984823886,816,6.340713396535882,81.04848967697322,0.012445644927079466,0.00029756599808029383,0.003980201738456013,0.030858435203949743,0.21520271043346162,1000,14,0.5042259822127128,0.9999997125228793,7307.850896161413,0.0,41699.69529379193,3.922652232085835,4.130815872428975e-06,6.219027006278782e-05,5.331001055467134e-05,0.00025927300544604815,0.0006433894485581293,0.9999830930807203,81,0.9999554503535412,4.1309999087907925e-06,0.0,11.04769959025634,0.0,4.1309999087907925e-06,0.0002592845564822595,,,14,1.0,1.0,2706733.1461213864,False,True,flat on the feasible set (objective invisible to the circuit),flat on the feasible set (objective invisible to the circuit)
NPP,optimality,12,20,55,0.5,0.999926210755342,9.037215420448774e-14,261421220.32642365,179794907.2234809,1.4562390190562073,1.453996803154625,1.3471506281091268,6.78310328588552,5.035148367489052,1.2904672892668367,0.19024733000190028,4.212390893584574,0.0017615552439661703,0.6888619790316123,3.922400827700435,0.9995508987170495,0.8243774643920143,0.0017615552439708478,-4.677465012536963e-15,0.9995508987170484,816,6.341171777497728,81.0742449378906,0.012452266105076396,0.0014811209289092807,0.005777228281972643,0.041224079344572576,0.27962718805977566,1000,14,0.8700755696803104,0.9999935057459949,7306.786531202505,0.0,24165.797259666335,3.9222531479282123,8.089065482059594e-06,0.00013959070674013002,0.00010569255428748866,0.00044825973361838436,0.0012076029560606158,0.9999623496479045,81,0.9999262107554324,8.08966241391415e-06,0.0,8.251249782575563,0.0,8.08966241391415e-06,0.0004482928128064196,,,14,1.0,0.9999999999999997,1382238.3153726223,False,True,flat on the feasible set (objective invisible to the circuit),flat on the feasible set (objective invisible to the circuit)
NPP,optimality,12,20,56,0.5,0.962632378041293,8.693046282814976e-14,574952478.5578251,383235563.41628,1.5020590689088735,1.5002586749322568,1.3471506281091268,7.178470333965251,5.328632288165889,1.9691529165185078,0.27431372213121413,2.961334113231788,0.0006876656878423968,0.6506603933944562,3.9228353882373144,0.9998247018751018,0.8341351780027599,0.000687665687862045,-1.964812861021681e-14,0.9998247018750968,816,6.340544839166296,81.03902092452573,0.012444367179050982,0.0003103104496354478,0.0031548950155494216,0.026052368614417985,0.1870161552281269,1000,14,0.3802548987404241,0.9999999442451827,7308.171913849263,0.0,55294.671777091906,3.9227930857480287,2.940784291360247e-06,3.936170499484629e-05,3.6852505653979644e-05,0.00019537227405026815,0.00045544090813772625,0.9999892163486104,81,0.9999654795785328,2.9408858137543474e-06,0.0,13.047366880719547,0.0,2.9408858137543474e-06,0.00019537901861633664,,,14,1.0,1.0,3802052.490997437,False,True,flat on the feasible set (objective invisible to the circuit),flat on the feasible set (objective invisible to the circuit)
NPP,optimality,12,20,57,0.5,0.9998826297769513,8.926193117986259e-14,85206973.70767593,58553195.07999236,1.4575061461818877,1.455206220450832,1.3471506281091268,6.456645196892565,4.792816083198635,1.0208908913567645,0.15811475777670048,5.00493697420781,0.0027180498875531618,0.6875399845721515,3.921935799278442,0.9993069621669857,0.8246937176537553,0.002718049886279609,1.2735528777396699e-12,0.9993069621673102,814,6.3418426716960585,81.11195553365091,0.012453759497199807,0.0027873116023307757,0.007471430692516178,0.052283435237021586,0.33757559100015894,1000,14,1.3098494679112003,0.9999372671768847,7305.66602936117,0.0,16052.279542482898,3.921679291088667,1.3257689568005883e-05,0.00024325050020791315,0.00016882531512712733,0.0006749581676169077,0.0018742664048094187,0.9999345965352564,81,0.9998826297770406,1.3259245810418979e-05,0.0,6.441950293042482,0.0,1.3259245810418979e-05,0.0006750373969057998,,,14,0.9999999999999997,0.9999999999999926,843360.8426702323,False,True,flat on the feasible set (objective invisible to the circuit),flat on the feasible set (objective invisible to the circuit)
NPP,optimality,12,20,58,0.5,0.9626233472279757,8.848477506262498e-14,486473561.9723797,325475675.33860403,1.4965034190824171,1.4946541288109587,1.3471506281091268,7.067637134189764,5.2463599739473565,1.7828684013423854,0.25225805562622083,3.2085859515898525,0.0008589729951690691,0.6551661178707059,3.9227649485779748,0.9997810286860342,0.8329835902841419,0.0008589729951379928,3.1076270029517516e-14,0.9997810286860421,816,6.340646462113451,81.04472948660197,0.012445365029212941,0.00014115340555697408,0.003596514405894198,0.029054070240240915,0.2053436257292844,1000,14,0.4617391426679574,0.9999998273743741,7307.962031003878,0.0,45536.684838961526,3.9227079934595945,3.705069677866748e-06,5.325004870281545e-05,4.748519278371593e-05,0.00023735425180191393,0.0005741335505836457,0.999985480874045,81,0.999959442315703,3.7052199547842507e-06,0.0,11.684107046116068,0.0,3.7052199547842507e-06,0.00023736387873117104,,,14,1.0,1.0,3017761.395679615,False,True,flat on the feasible set (objective invisible to the circuit),flat on the feasible set (objective invisible to the circuit)
NPP,optimality,12,20,59,0.5,0.8879866744840144,7.4495964952348e-14,347151416.0335064,215908727.23107505,1.609942518263696,1.60786189833804,1.3471506281091268,6.178846401308211,4.58660395681283,1.209938445128447,0.19581947285051038,3.993340151024089,0.0016177184616386277,0.568391129570827,3.9224246791755837,0.9995875718225445,0.855091894412032,0.0016177184616423012,-3.673493800815386e-15,0.9995875718225437,816,6.3411373670929,81.07231122061826,0.012441025383768279,0.0014896942987198884,0.0059095539625852,0.04361238241282271,0.2694742121239471,1000,14,0.8090099144845274,0.9999956928667668,7307.366837811149,0.0,25989.87903736648,3.922286252208193,7.261334492267013e-06,0.000131165632897838,9.488628590272311e-05,0.0004155098324660572,0.001107322343269927,0.9999647088271381,81,0.9999286748882156,7.2618524464807644e-06,0.0,7.787517581095701,0.0,7.2618524464807644e-06,0.00041553947086437866,,,14,1.0,0.9999999999999998,1539801.8444797166,False,True,flat on the feasible set (objective invisible to the circuit),flat on the feasible set (objective invisible to the circuit)
NPP,optimality,12,20,60,0.5,0.9999598678415907,9.225953334635051e-14,321448079.2880058,221310635.2391818,1.4543700438984644,1.45247461307316,1.3471506281091268,7.269208756129719,5.395988098474814,1.8296613953997016,0.25170021343201215,3.2366962230882503,0.0008700056646901848,0.6904281611552984,3.922770173172677,0.9997782165086703,0.8239947458872181,0.0008700056646501879,3.999686866429375e-14,0.9997782165086805,816,6.340638924616599,81.0443060618446,0.012448630278711478,0.0001628932109884322,0.003610802819031405,0.028389401707627205,0.20636848747436767,1000,14,0.4663785170717161,0.9999998170651404,7307.822599127204,0.0,45083.701430977024,3.922713959909473,3.7671156088952094e-06,5.244614759520366e-05,4.852380959137874e-05,0.00023995163563406805,0.0005815302194649413,0.9999856700085087,81,0.999959867841683,3.76726679921909e-06,0.0,11.958648936464922,0.0,3.76726679921909e-06,0.000239961265797577,,,14,1.0,1.0,2968057.634256735,False,True,flat on the feasible set (objective invisible to the circuit),flat on the feasible set (objective invisible to the circuit)
NPP,optimality,12,20,61,0.5,0.9626316335748903,8.43769498715119e-14,427949019.4246173,285415643.32613635,1.5012113611972477,1.4993888016698933,1.3471506281091268,7.16396241466172,5.317862951017679,1.9426314726872642,0.27116717819617353,2.9942950417178875,0.0007159398109093799,0.651368260716451,3.9228349194167578,0.9998174942801275,0.8339547102804684,0.000715939810905881,3.4988288308279714e-15,0.9998174942801283,816,6.34054551553134,81.03905891729087,0.012444574532717856,0.00015191178554448064,0.0031879118723472997,0.02650115755671349,0.18985329668132384,1000,14,0.39454870551474275,0.9999999308509654,7308.147164101616,0.0,53291.44291590486,3.9227913505905554,3.0712486947810793e-06,4.0497577506929704e-05,3.891786854060713e-05,0.00020271345109086806,0.00047430849127788876,0.9999888935356451,81,0.9999653571731283,3.071355096980369e-06,0.0,12.788600254239618,0.0,3.071355096980369e-06,0.00020272047390203695,,,14,1.0,1.0,3640544.075687463,False,True,flat on the feasible set (objective invisible to the circuit),flat on the feasible set (objective invisible to the circuit)
NPP,optimality,12,20,52,0.75,0.8883785724141186,8.58202398035246e-14,693560502.6930571,269309539.53522354,2.5773932066831673,2.5753283893693815,1.3471506281091268,4.337827360037754,3.220001735163327,1.4036819433362027,0.32359101154361886,2.1305942889174263,0.00047313894398947487,0.16251860221315118,3.9229747655034544,0.9998793928148225,0.9585726108558604,0.00047313894396446384,2.5011026236199108e-14,0.999879392814829,816,6.34034376027558,81.02772671443259,0.012403853436714546,0.0003668121083660298,0.004397048839124772,0.03651437697990854,0.15839306349818,1000,14,0.2471539773046291,0.9999999955501804,7310.196084842898,0.0,85072.75523859942,3.922936061213988,1.7595675229569236e-06,3.6944721943500963e-05,2.300875645097453e-05,0.0001256266580734383,0.0003245035294651862,0.9999901339438105,81,0.9999754513263475,1.7596107208426258e-06,0.0,9.793946394020786,0.0,1.7596107208426258e-06,0.0001256297421169786,,,14,1.0,1.0,6354411.575138306,False,False,flat on the feasible set (objective invisible to the circuit),flat on the feasible set (objective invisible to the circuit)
NPP,optimality,12,20,53,0.75,0.9627461718733401,8.559819519859957e-14,988261504.098773,438284095.690136,2.256653603962916,2.2548422674170396,1.3471506281091268,5.068828643721033,3.7626294624794023,1.82512542096347,0.3600684791789772,2.039135487821577,0.0003387608842361587,0.2476647800342173,3.9230087407146246,0.9999136476855837,0.9368686647409554,0.0003387608842316415,4.517219931443606e-15,0.9999136476855849,816,6.3402947444068944,81.02497382707108,0.012410785471578157,0.00015032715229206257,0.0029687178594677544,0.027411412973922047,0.1389437552470824,1000,14,0.18440868064318164,0.9999999992113564,7310.002663063591,0.0,114018.8723445568,3.922980934516763,1.2570135630239282e-06,2.6549184298651775e-05,1.5144307720670206e-05,9.392004206368268e-05,0.000229696534452094,0.9999929120224553,81,0.99997852828816,1.2570405556128282e-06,0.0,13.193958623267775,0.0,1.2570405556128282e-06,9.392205873017521e-05,,,14,1.0,1.0,8894905.003551269,False,False,flat on the feasible set (objective invisible to the circuit),flat on the feasible set (objective invisible to the circuit)
NPP,optimality,12,20,54,0.75,0.9627378602719325,8.149037000748649e-14,549554021.269083,244039987.4924666,2.2538062016826723,2.2519015302197043,1.3471506281091268,4.940463722021889,3.667343219782609,1.5691852642572592,0.31761902374926637,2.2899227871691625,0.00047677994395232,0.24858090056268356,3.9229410178503907,0.9998784636470998,0.9366340458774229,0.0004767799439204877,3.183228420439166e-14,0.9998784636471079,816,6.34039244784732,81.03046125618546,0.012411718909657601,0.00029756598804219197,0.003944160364054518,0.03239395319174685,0.16004115055670048,1000,14,0.2514596438594383,0.9999999950734038,7309.817085661689,0.0,83616.08047626237,3.922900836158425,1.8019844762991228e-06,3.837970748963538e-05,2.2688861713304296e-05,0.00012811554878551978,0.00032597553345366215,0.9999897572530958,81,0.999973017000987,1.8020331023329482e-06,0.0,11.04760292437011,0.0,1.8020331023329482e-06,0.00012811900582052738,,,14,1.0,1.0,6204834.938046358,False,False,flat on the feasible set (objective invisible to the circuit),flat on the feasible set (objective invisible to the circuit)
NPP,optimality,12,20,55,0.75,0.9999601017297208,8.804068585277491e-14,385755751.60235167,179794915.45593444,2.147774255034451,2.1455320392355355,1.3471506281091268,4.923106073983572,3.6544585076530676,1.2417588894247473,0.25223078088584994,2.879750228750953,0.0008926606387179912,0.2855095801924003,3.9227934711679042,0.9997724426112975,0.9272177894934148,0.000892660638684256,3.3735275857538216e-14,0.9997724426113062,816,6.340605312714465,81.04241791398633,0.01241707103301955,0.0014811208610916832,0.005696508729844089,0.04213168027256281,0.2074187310569878,1000,14,0.45387888218215894,0.9999998437493319,7309.20131404027,0.0,46325.28774283115,3.92271724125593,3.6213823088361066e-06,7.260852966632169e-05,4.837747942389517e-05,0.0002315242193650042,0.0006127589399291612,0.9999805674419174,81,0.9999601017298089,3.6215268032672667e-06,0.0,8.251110332166464,0.0,3.6215268032672667e-06,0.00023153345714943584,,,14,1.0,1.0,3087499.5480726403,False,True,flat on the feasible set (objective invisible to the circuit),flat on the feasible set (objective invisible to the circuit)
NPP,optimality,12,20,56,0.75,0.9627442046424838,8.448797217397441e-14,862002847.3511338,383235571.6487335,2.251077108107965,2.249276714170023,1.3471506281091268,5.063272171584055,3.7585048515999366,1.7930305048486734,0.35412485129902077,2.072536710014623,0.0003490209668395571,0.24946018501337364,3.9229930844923055,0.9999110319698958,0.9364107507608167,0.00034902096682722203,1.2335076536584832e-14,0.999911031969899,816,6.340317331561217,81.0262423820064,0.012411031220058709,0.0003103104429695312,0.0031347355769771653,0.027869008281986584,0.14110837408382823,1000,14,0.18826955267054477,0.9999999991084293,7309.9705557324505,0.0,111680.67018397208,3.922962947228019,1.290027672739106e-06,2.884723661368599e-05,1.5438875039325507e-05,9.590828183939868e-05,0.00023767380996076806,0.9999923177880671,81,0.9999772983027442,1.2900569609980347e-06,0.0,13.047290057400556,0.0,1.2900569609980347e-06,9.591045917049416e-05,,,14,1.0,1.0,8667268.514992723,False,False,flat on the feasible set (objective invisible to the circuit),flat on the feasible set (objective invisible to the circuit)
NPP,optimality,12,20,57,0.75,0.9999392569051297,8.093525849517391e-14,125709250.5812645,58553203.312445864,2.1492234662166734,2.146923540808982,1.3471506281091268,4.709004216225125,3.4955290952391325,0.9892489238651103,0.2100760327324831,3.398389937065432,0.00138128958321317,0.2849031196719971,3.9225569835519636,0.9996478599064321,0.927368009982608,0.0013812895827129167,5.002532676295912e-13,0.9996478599065597,814,6.340946492225142,81.06158570856853,0.012418132674628957,0.0027873112104408043,0.007334494889524614,0.05325668033294003,0.2507859322299683,1000,14,0.6884236878586047,0.9999982785685325,7308.625667068403,0.0,30542.33924298318,3.9224294236045156,5.9281769313703284e-06,0.00012163177051626094,7.853981883405915e-05,0.00035124364825520445,0.0009515061161244666,0.9999674804093394,81,0.9999392569052107,5.928537050834605e-06,0.0,6.441768790506368,0.0,5.928537050834605e-06,0.00035126498517749525,,,14,1.0,0.9999999999999999,1886080.0501247153,False,True,flat on the feasible set (objective invisible to the circuit),flat on the feasible set (objective invisible to the circuit)
NPP,optimality,12,20,58,0.75,0.9627396730505321,8.93729534823251e-14,729465735.219419,325475683.57105756,2.243078887520122,2.241229597295439,1.3471506281091268,5.0031885529025155,3.7139043314889277,1.6476343247661507,0.3293168561097509,2.2189619807248744,0.0004310033214294129,0.25208262099558276,3.922960655928229,0.9998901331521697,0.9357417412242856,0.0004310033214062995,2.3113401383806353e-14,0.9998901331521756,816,6.340364116089854,81.0288699893073,0.01241165829539624,0.0001411534019866955,0.0035668001527594845,0.030677579729826307,0.15348571573502123,1000,14,0.2300739121882376,0.9999999970831556,7309.864196956859,0.0,91388.32654908023,3.9229244104719645,1.6229053386009346e-06,3.462255092688367e-05,2.011169920485051e-05,0.00011721192273607123,0.0002936796994887073,0.9999907606883057,81,0.9999746479368101,1.6229464854190985e-06,0.0,11.684018507004824,0.0,1.6229464854190985e-06,0.00011721489437548023,,,14,1.0,1.0,6889506.103018159,False,False,flat on the feasible set (objective invisible to the circuit),flat on the feasible set (objective invisible to the circuit)
NPP,optimality,12,20,59,0.75,0.888332465556686,8.482103908136196e-14,549551326.6548514,215908735.46352854,2.547375165132019,2.545294545285696,1.3471506281091268,4.218805000198854,3.1316505461014468,1.1432034281662835,0.27097802057985576,2.511936459721702,0.0007295594798480427,0.16904509569573584,3.922835194042361,0.999814022398658,0.9569074184017554,0.0007295594798522916,-4.248988313970692e-15,0.9998140223986569,816,6.340545119330373,81.03903666189508,0.012405359772720356,0.0014896942419188562,0.00582077402122971,0.045202146030633765,0.1906990396937565,1000,14,0.37308702933627885,0.9999999501087977,7309.838452402224,0.0,56357.011003272906,3.9227681911917625,2.8378573679560245e-06,6.416499322998547e-05,3.725547527625633e-05,0.00018971748844306068,0.0005025865161287632,0.9999829197895694,81,0.9999637205208082,2.837960329455023e-06,0.0,7.78738141263676,0.0,2.837960329455023e-06,0.00018972437154356214,,,14,1.0,1.0,3939950.036499401,False,True,flat on the feasible set (objective invisible to the circuit),flat on the feasible set (objective invisible to the circuit)
NPP,optimality,12,20,60,0.75,0.99997470050366,7.09432512735475e-14,474443820.94591856,221310643.47163528,2.145686680481684,2.143791249726887,1.3471506281091268,5.219380948059596,3.8743855654698156,1.7016677921312282,0.3260286629899769,2.2755501031730483,0.00044748863065433475,0.2862273152699705,3.922961153416356,0.9998859309044483,0.9270379430036655,0.0004474886306269653,2.73694370118982e-14,0.9998859309044553,816,6.340363398366085,81.02882967841008,0.012414853579058064,0.00016289320492902736,0.003581805704145136,0.029822067839531285,0.1556527327133904,1000,14,0.2390976706722432,0.9999999963399665,7309.718063344893,0.0,87939.24992395999,3.9229251720093568,1.7007375110809377e-06,3.42806694880089e-05,2.1304462751470014e-05,0.00012190972863162555,0.00030427443927127744,0.9999908279981391,81,0.9999747005037309,1.700780541748193e-06,0.0,11.958560689435176,0.0,1.700780541748193e-06,0.00012191281296438229,,,14,1.0,1.0,6574216.281188858,False,False,flat on the feasible set (objective invisible to the circuit),flat on the feasible set (objective invisible to the circuit)
NPP,optimality,12,20,61,0.75,0.9627429682134198,7.80486786311485e-14,638779113.650322,285415651.55858994,2.239888727752854,2.2380661682780696,1.3471506281091268,5.07627290699209,3.7681553948552833,1.776895323793933,0.35003936083625964,2.0986730219542356,0.00036481420425866687,0.25314335275848454,3.9229930693905235,0.9999070061563184,0.9354718837681217,0.0003648142042478334,1.0833456527692409e-14,0.9999070061563212,816,6.340317353348459,81.02624360564569,0.012411437526375664,0.00015191178116277725,0.0031665236779338194,0.02823644313884174,0.14333589129552501,1000,14,0.1971092276939197,0.9999999988302999,7309.944049887031,0.0,106672.1739183785,3.9229626916502283,1.3582947826193174e-06,2.9019445512800975e-05,1.648504976395488e-05,0.00010041163704353524,0.00024791751745130945,0.9999922564889211,81,0.9999772807926247,1.3583256444775932e-06,0.0,12.788524377947263,0.0,1.3583256444775932e-06,0.00010041391836728168,,,14,1.0,1.0,8231656.614938794,False,False,flat on the feasible set (objective invisible to the circuit),flat on the feasible set (objective invisible to the circuit)
NPP,optimality,15,5,52,0.25,0.9628494535314565,2.7644553313166398e-14,4721150434.04483,779910408.6446631,6.0548843273565724,6.053452270561817,0.24098563043068372,2.215160054991603,9.192083573749697,1.6438555104416692,0.7420933339500385,1.2009415742570344,3.369464892781049e-05,1.3538035000563196,4.904044274090342,0.999993129211923,0.7239414196953924,3.369455617985741e-05,9.274795307581598e-11,0.9999931292308354,5980,7.924959645469918,243.02478506919445,0.004127625704184422,4.2292037180680736e-05,0.0022770185845495455,0.0232051225499823,0.05140306054390568,1000,41,0.024853970167058207,1.0,9578.03467877712,0.0,2195714.7044166215,4.904022749234239,3.828995960360354e-07,2.114195650727936e-05,5.228077153190045e-07,1.2480747234640435e-05,2.069109397818008e-05,0.9999956107949073,243,0.9999930505830719,3.829022560952818e-07,0.0,16.985642976184153,0.0,3.829022560952818e-07,1.2480833969159297e-05,,,41,1.0,1.0,72810836.02890897,False,False,flat on the feasible set (objective invisible to the circuit),flat on the feasible set (objective invisible to the circuit)
NPP,optimality,15,5,53,0.25,0.9134348882608707,2.0872192862952943e-14,6702100338.574383,1075431517.3610144,6.233289256784982,6.232010342249006,0.24098563043068372,2.1637016454959084,8.978550470536325,1.6602880856410838,0.7673368872724387,1.1580616832065083,2.801951068553097e-05,1.3031710874858442,4.904045006593085,0.9999942864491154,0.7342660832570178,2.8009455059974487e-05,1.0055625556483266e-08,0.9999942884995795,5958,7.924958588691813,243.02460705293282,0.00412716374077596,0.00010032995895895754,0.0017642899466873562,0.023556482465153725,0.050969199871948624,1000,41,0.015164932675893568,1.0,9578.070964624707,0.0,3598580.2855353705,4.904023785655253,2.317072544053696e-07,2.0989230576283305e-05,3.398066473143371e-07,7.623457076325874e-06,2.0056246962507497e-05,0.9999956727685404,243,0.9999931123556666,2.317088494453395e-07,0.0,21.209552868577177,0.0,2.317088494453395e-07,7.623509583460299e-06,,,41,1.0,1.0,120320961.96028966,False,False,flat on the feasible set (objective invisible to the circuit),flat on the feasible set (objective invisible to the circuit)
NPP,optimality,15,5,54,0.25,0.9628573645109986,2.4202861936828413e-14,4382591874.757782,724335708.507791,6.051915661853127,6.050498164430398,0.24098563043068372,2.2193875926246056,9.20962626965836,1.6610719632913884,0.7484370773322366,1.1910392842184567,3.221986571180007e-05,1.3546575581664593,4.904044444694121,0.9999934299401085,0.7237672754715515,3.2219863411738235e-05,2.300061833701572e-12,0.9999934299405776,5971,7.924959399340617,243.0247436082385,0.0041276109139317,7.292198821567812e-06,0.0021774360720274795,0.023124766249535376,0.05132281929656305,1000,41,0.02223917973602664,1.0,9578.038303123121,0.0,2453877.724210159,4.904022990479225,3.4187136113756656e-07,2.1112343534945042e-05,4.714714538401569e-07,1.1170359736882775e-05,2.0578034520411003e-05,0.9999956251997432,243,0.9999930649646462,3.418737311557962e-07,0.0,17.984899801923255,0.0,3.418737311557962e-07,1.1170437204259703e-05,,,41,1.0,1.0,81548918.33818863,False,False,flat on the feasible set (objective invisible to the circuit),flat on the feasible set (objective invisible to the circuit)
NPP,optimality,15,5,55,0.25,0.9628536273822783,2.9531932455029164e-14,3425170232.844539,565731516.2090834,6.05591404170304,6.054409441065437,0.24098563043068372,2.2068711663675633,9.157687794178832,1.6030389381737264,0.7263853742818505,1.2263492103170799,3.7562709253283997e-05,1.3535219586172698,4.904043746590104,0.9999923404620362,0.7239988000599699,3.7555523870016644e-05,7.1853832673529606e-09,0.9999923419272205,5957,7.924960406491915,243.02491326486353,0.004127698650201051,3.5670630717596192e-06,0.0026301318316713676,0.023438627643237706,0.05172603152508701,1000,41,0.03134012930532229,1.0,9578.023495821843,0.0,1741289.1704206879,4.904021994706388,4.855250993606165e-07,2.1266358617169346e-05,6.628362569450754e-07,1.5731682197537636e-05,2.1168190797740188e-05,0.9999955645004734,243,0.999993005591211,4.85528494457203e-07,0.0,15.08179007027817,0.0,4.85528494457203e-07,1.573179223301174e-05,,,41,1.0,1.0,57420800.1310136,False,False,flat on the feasible set (objective invisible to the circuit),flat on the feasible set (objective invisible to the circuit)
NPP,optimality,15,5,56,0.25,0.96288028459368,1.8318679906315083e-14,5366313819.569768,886310508.9103708,6.055999438806792,6.054665679375852,0.24098563043068372,2.2256246930869152,9.235507897750303,1.7010962154316425,0.7643230328615028,1.1666824278676335,2.867960527816224e-05,1.3534607283113802,4.9040449326545605,0.9999941518469606,0.7240113524859668,2.867936090217925e-05,2.4437598299120733e-10,0.9999941518967919,5970,7.924958695362581,243.0246250218187,0.004127522713820552,4.233053723590008e-05,0.0018014239628988521,0.022928864936376404,0.05103104798685407,1000,41,0.016253222164694933,1.0,9578.049781478929,0.0,3357625.1653953837,4.90402367905674,2.485939115976156e-07,2.1005003906819326e-05,3.592711995507255e-07,8.170148572024432e-06,2.0150185506455796e-05,0.9999956661086691,243,0.9999931060037186,2.4859562452673575e-07,0.0,21.07624958860536,0.0,2.4859562452673575e-07,8.170204898274859e-06,,,41,1.0,1.0,112147717.3439215,False,False,flat on the feasible set (objective invisible to the circuit),flat on the feasible set (objective invisible to the circuit)
NPP,optimality,15,5,57,0.25,0.9999928806426972,2.4313884239290928e-14,1818099870.3930526,306471515.5012131,5.9339702758961765,5.932361666367837,0.24098563043068372,2.2336986615063954,9.269011839064358,1.545288084479829,0.6918068722115338,1.2895414460834944,4.7100381953439315e-05,1.3891298504259604,4.9040422556382754,0.9999903956003031,0.7167377893555362,4.7100103677691195e-05,2.7827574812055826e-10,0.9999903956570467,5976,7.92496255748065,243.02527560355995,0.004128135218892157,0.00033629226465450114,0.0034571503725937883,0.023575257169702376,0.05266002038463325,1000,41,0.04686475739578794,1.0,9577.981814679422,0.0,1164461.9708166148,4.904019900792671,7.3579095768421e-07,2.1619054646071018e-05,1.0510532026686921e-06,2.3515122304941403e-05,2.253420644655763e-05,0.9999954415471075,243,0.9999928806427215,7.357961951920322e-07,0.0,12.5031963940349,0.0,7.357961951920322e-07,2.35152897178022e-05,,,41,1.0,1.0,37890163.47665244,False,False,flat on the feasible set (objective invisible to the circuit),flat on the feasible set (objective invisible to the circuit)
NPP,optimality,15,5,58,0.25,0.9999929932187285,2.5202062658991053e-14,2527082897.7576456,426018599.82547677,5.9333304949435295,5.931860484009133,0.24098563043068372,2.251499019924272,9.342876651609672,1.6313617498600375,0.7245669375929409,1.232414202224663,3.800867443147278e-05,1.3892900008942775,4.904043591158607,0.999992249523536,0.716705209676562,3.800858602887678e-05,8.840259600062126e-11,0.9999922495415624,5976,7.924960630732228,243.02495103860312,0.004127970581386615,8.369118159302447e-05,0.002691063576141975,0.023015100906423207,0.051818477134270076,1000,41,0.03193438616073567,1.0,9578.007532340702,0.0,1708886.0729704588,4.904021787267107,4.950997061879494e-07,2.1308791793840193e-05,6.779255513133009e-07,1.603101148993176e-05,2.1299737390306937e-05,0.999995553895251,243,0.9999929932187537,4.951031743794178e-07,0.0,15.24370146824408,0.0,4.951031743794178e-07,1.6031123816509477e-05,,,41,1.0,1.0,56310353.92684196,False,False,flat on the feasible set (objective invisible to the circuit),flat on the feasible set (objective invisible to the circuit)
NPP,optimality,15,5,59,0.25,0.8886301221588072,1.9872992140790302e-14,4115959093.0910783,647777100.3213593,6.355481346976738,6.3539743702720735,0.24098563043068372,2.104830641725115,8.7342578807019,1.5376006859190228,0.7305104056537339,1.212177536315557,3.6522792786954534e-05,1.269558311334852,4.9040438945989235,0.9999925525151137,0.7411201166586046,3.652279270285444e-05,8.410009207050415e-14,0.9999925525151309,5969,7.9249601929602855,243.02487729502897,0.00412711335705988,1.4514251885927598e-05,0.0026545318502636892,0.024533471368123703,0.05163880228351255,1000,41,0.029608800255911862,1.0,9578.05803655165,0.0,1843108.376133732,4.904022209503081,4.5793674441863786e-07,2.1227159097908583e-05,6.241590757063405e-07,1.486112670123246e-05,2.1037507009344856e-05,0.9999955781195461,243,0.9999930184011177,4.5793994068346403e-07,0.0,14.797368797916198,0.0,4.5793994068346403e-07,1.4861230456382404e-05,,,41,1.0,1.0,60880110.700341284,False,False,flat on the feasible set (objective invisible to the circuit),flat on the feasible set (objective invisible to the circuit)
NPP,optimality,15,5,60,0.25,0.9999930839011318,2.942091015256665e-14,2783205650.432501,469229675.944744,5.932823608880878,5.931435697942192,0.24098563043068372,2.2678385728142856,9.410679668996275,1.7149832362664987,0.7562192727581495,1.1818500026834315,3.045982751407565e-05,1.3894264979620203,4.904044669100169,0.9999937888356307,0.7166774383772155,2.9853782443805863e-05,6.060450702697859e-07,0.999993912415537,4681,7.924959075591229,243.02468907203996,0.004127820115132052,5.221323640852821e-06,0.0019902783767520244,0.02257679029546191,0.051200515882387755,1000,41,0.019195515926906458,1.0,9578.029941782905,0.0,2842967.491300797,4.904023308176813,2.9436113120760235e-07,2.1066562224064936e-05,4.1363355351666956e-07,9.64589157282749e-06,2.040030238755791e-05,0.9999956442233305,243,0.9999930839011613,2.9436316616418346e-07,0.0,19.771024029398603,0.0,2.9436316616418346e-07,9.645958285228384e-06,,,41,1.0,1.0,94711008.91902642,False,False,flat on the feasible set (objective invisible to the circuit),flat on the feasible set (objective invisible to the circuit)
NPP,optimality,15,5,61,0.25,0.9999930916696473,3.2307490016592055e-14,2995154857.2513275,504966636.0063043,5.932764576180683,5.931391588441368,0.24098563043068372,2.2692124679123564,9.41638081846156,1.722195442973687,0.7589397058787019,1.1776984114994324,2.9856308628335802e-05,1.3894406912957822,4.904044761942749,0.999993911901282,0.7166745495313644,2.9853782728755543e-05,2.5258995802595067e-09,0.9999939124163434,3295,7.924958941647739,243.0246665090086,0.0041278040426215926,5.517196189502741e-06,0.0019156968515744238,0.022537127713242917,0.05114153119782392,1000,28,0.01820208950651747,1.0,9578.031944514856,0.0,2136300.815678705,4.904023438524107,2.788888607909653e-07,2.10445297788648e-05,3.949137000253241e-07,9.147930602410208e-06,2.031346432616529e-05,0.9999956518711234,243,0.9999930916696796,2.788907865724903e-07,0.0,20.312164921237166,0.0,2.788907865724903e-07,9.147993798884994e-06,,,28,1.0,1.0,71916232.31716068,False,False,flat on the feasible set (objective invisible to the circuit),flat on the feasible set (objective invisible to the circuit)
NPP,optimality,15,5,52,0.5,0.9628872276535708,2.475797344914099e-14,7293902978.3156,779910442.2952263,9.353663521733118,9.352231465000152,0.24098563043068372,1.4455879311692241,5.998647838818042,1.1269965658413745,0.7796112166831901,1.0688606667041867,2.5549081972605223e-05,0.6552432758874452,4.904045301864845,0.9999947902027,0.8663871894416885,2.5549042637689788e-05,3.933491543483994e-11,0.9999947902107209,5979,7.924958162704765,243.0245352946495,0.004123240804536787,4.229203535591882e-05,0.0023029278095251997,0.035223503868611006,0.050918672085956546,1000,41,0.01055681527279529,1.0,9578.294595336385,0.0,5169383.601849444,4.904024223356616,1.6044537462380198e-07,2.091806285387311e-05,2.679972095251843e-07,5.302384032285685e-06,1.9978700730806257e-05,0.9999957018120894,243,0.9999931384335787,1.6044647464976406e-07,0.0,16.985642962954813,0.0,1.6044647464976406e-07,5.302420414307389e-06,,,41,1.0,1.0,173761567.48264885,False,False,flat on the feasible set (objective invisible to the circuit),flat on the feasible set (objective invisible to the circuit)
NPP,optimality,15,5,53,0.5,0.9134848874593923,2.6756374893466273e-14,10458170562.989836,1075431551.0115778,9.725905789309719,9.72462687481376,0.24098563043068372,1.3939259912319004,5.784270160593017,1.1044033034345584,0.792296944300843,1.043948670939062,2.306054472331074e-05,0.6022109132997014,4.904045633429563,0.9999952976488298,0.8772012011481722,2.305066747916662e-05,9.877244144119838e-09,0.9999952996629214,5942,7.924957684357976,243.02445471629878,0.004122864665448986,0.00010032995582669844,0.001792219175668553,0.0363926695599803,0.05072868798997055,1000,41,0.0062793028596859375,1.0,9578.320226266533,0.0,8690809.947916927,4.904024690029062,9.517355958216384e-08,2.0848226941537036e-05,2.0478865177512763e-07,3.1594565841397173e-06,1.9696299488046917e-05,0.9999957293626393,243,0.9999931662310604,9.517420909254967e-08,0.0,21.20955296088175,0.0,9.517420909254967e-08,3.1594781752835368e-06,,,41,1.0,1.0,292930515.96486586,False,False,flat on the feasible set (objective invisible to the circuit),flat on the feasible set (objective invisible to the circuit)
NPP,optimality,15,5,54,0.5,0.9628924609390945,2.3092638912203256e-14,6783286215.38094,724335742.1583544,9.366254575765161,9.364837078408286,0.24098563043068372,1.4446326867235064,5.994683932571804,1.130961401376078,0.78287125285885,1.064268908583711,2.4903097753830647e-05,0.6533791487979748,4.904045380196701,0.9999949219275469,0.8667673118531036,2.4903091001142106e-05,6.752688540306211e-12,0.9999949219289239,5960,7.924958049695715,243.02451625807555,0.00412321638823939,7.292198482793147e-06,0.0022035840220165945,0.03522338133853978,0.050884848018581334,1000,41,0.00939876180855204,1.0,9578.297200135969,0.0,5806320.967649788,4.904024332797367,1.4272800095127293e-07,2.0904671333360385e-05,2.5059492226644246e-07,4.722449264308351e-06,1.993005356728146e-05,0.9999957081556752,243,0.9999931449530497,1.427289784769526e-07,0.0,17.984899918153534,0.0,1.427289784769526e-07,4.722481637141695e-06,,,41,1.0,1.0,195331256.74594072,False,False,flat on the feasible set (objective invisible to the circuit),flat on the feasible set (objective invisible to the circuit)
NPP,optimality,15,5,55,0.5,0.9628898721203429,2.886579864025407e-14,5286653287.985246,565731549.8596466,9.346313616939046,9.34480901639094,0.24098563043068372,1.44423497237465,5.9930335671614445,1.1142107648775674,0.7714885639734593,1.079911790365966,2.7213149356397203e-05,0.6563410063379741,4.904045067036767,0.9999944508769834,0.8661633412079218,2.7205175779798616e-05,7.973576598586788e-09,0.9999944525028925,5947,7.924958501490092,243.02459236364456,0.004123295902571927,3.567062852842399e-06,0.0026556450870405626,0.0353511045057652,0.051055301439297165,1000,41,0.013381225633164469,1.0,9578.288417980757,0.0,4078268.258453706,4.904023890566491,2.0383502671224887e-07,2.097263524964156e-05,3.137695648016489e-07,6.716871653583931e-06,2.018250813846545e-05,0.9999956818361196,243,0.9999931186067377,2.0383642850270227e-07,0.0,15.081790115127601,0.0,2.0383642850270227e-07,6.7169178753373425e-06,,,41,1.0,1.0,136773547.7341809,False,False,flat on the feasible set (objective invisible to the circuit),flat on the feasible set (objective invisible to the circuit)
NPP,optimality,15,5,56,0.5,0.9629071253416563,3.530509218307998e-14,8283776410.535211,886310542.5609341,9.34769264009473,9.34635888071443,0.24098563043068372,1.4497849305321524,6.0160638123573245,1.1459807066027845,0.7904487641364469,1.0548164494713943,2.342407361977487e-05,0.65611738061721,4.904045592607603,0.9999952235204226,0.8662089558045205,2.3423968719862996e-05,1.0489991187362792e-10,0.999995223541813,5963,7.924957743251563,243.02446463702492,0.004123180425537231,4.233053562873605e-05,0.0018276886768543018,0.0350139013879084,0.050762626591328415,1000,41,0.0068808367108311695,1.0,9578.301975275217,0.0,7931045.315032581,4.904024630368031,1.0434014350345008e-07,2.085789942821154e-05,2.134617052566218e-07,3.461518948170128e-06,1.9749092966215333e-05,0.9999957255210671,243,0.9999931626777061,1.0434085602733203e-07,0.0,21.076249791565953,0.0,1.0434085602733203e-07,3.4615426158526267e-06,,,41,1.0,1.0,267195720.9271121,False,False,flat on the feasible set (objective invisible to the circuit),flat on the feasible set (objective invisible to the circuit)
NPP,optimality,15,5,57,0.5,0.9999930619002704,2.5868196473766147e-14,2790571069.519501,306471549.15177625,9.107090267414224,9.105481658062509,0.24098563043068372,1.4759011492665177,6.124436326883154,1.1098791204125222,0.7520009866271204,1.1126576724651223,3.1436442120840645e-05,0.6927584956232002,4.904044385813901,0.9999935896905395,0.8587373112635018,3.1436324376838095e-05,1.1774400254978019e-10,0.999993589714549,5970,7.924959484286802,243.02475791758667,0.004123626006036331,0.0003362922277234011,0.003480907813712667,0.03486614154957576,0.05145897838350796,1000,41,0.020375350714787608,1.0,9578.262186146594,0.0,2678345.444102487,4.904022939073541,3.123711766545279e-07,2.113436918321941e-05,4.4099404277065205e-07,1.0220550727405823e-05,2.0774897350179072e-05,0.9999956267238482,243,0.9999930619002962,3.123733430437511e-07,0.0,12.503196633730862,0.0,3.123733430437511e-07,1.022062163909779e-05,,,41,1.0,1.0,89250359.17454648,False,False,flat on the feasible set (objective invisible to the circuit),flat on the feasible set (objective invisible to the circuit)
NPP,optimality,15,5,58,0.5,0.9999931116361351,3.497202527569243e-14,3878848384.623416,426018633.47603995,9.106349656514741,9.104879645696458,0.24098563043068372,1.4818476684786412,6.149112151750786,1.141176533280716,0.7701038086136884,1.0873532725744546,2.7489358943548076e-05,0.6928586299528919,4.90404498105017,0.9999943945540773,0.8587169096877817,2.7489321228570105e-05,3.771497797091161e-11,0.9999943945617679,5971,7.924958625542456,243.02461326049095,0.004123518183564281,8.369117498238547e-05,0.0027156037817330104,0.034483795656449594,0.051099732193803725,1000,41,0.013790559103096681,1.0,9578.275500982854,0.0,3957216.480562235,4.904023773580352,2.1018020371333636e-07,2.099728961476637e-05,3.210903047394523e-07,6.922621931155858e-06,2.0245646707862223e-05,0.999995675514825,243,0.9999931116361701,2.1018165063285076e-07,0.0,15.24370176975475,0.0,2.1018165063285076e-07,6.922669617022854e-06,,,41,1.0,1.0,132644460.65129004,False,False,flat on the feasible set (objective invisible to the circuit),flat on the feasible set (objective invisible to the circuit)
NPP,optimality,15,5,59,0.5,0.8887211794229741,1.9539925233402755e-14,6432204263.772291,647777133.9719225,9.93116322171868,9.929656245092298,0.24098563043068372,1.3600494667981604,5.643695287422378,1.0533701013716503,0.7745086683144715,1.0623652929870357,2.65894077003117e-05,0.5747589978232512,4.904045157852357,0.9999945780663015,0.8827989997394402,2.658304503091961e-05,6.3626693920928806e-09,0.9999945793637274,5960,7.9249583704708755,243.0245702932213,0.004122821636036846,1.45142511319449e-05,0.002682367646204171,0.03750262262421291,0.0510054219035934,1000,41,0.012325202537408599,1.0,9578.316024423633,0.0,4427694.197584819,4.904024021960853,1.8753928814565193e-07,2.094835221462468e-05,2.96328172119104e-07,6.1865368114473806e-06,2.010654271648157e-05,0.9999956901107507,243,0.9999931264353069,1.8754057632975852e-07,0.0,14.797368767288072,0.0,1.8754057632975852e-07,6.186579335300671e-06,,,41,1.0,1.0,148658129.3982429,False,False,flat on the feasible set (objective invisible to the circuit),flat on the feasible set (objective invisible to the circuit)
NPP,optimality,15,5,60,0.5,0.9999931522694799,3.1530333899354446e-14,4272029103.152454,469229709.5953071,9.105732788824218,9.104344877985065,0.24098563043068372,1.487024098241342,6.170592394176236,1.1691979229792637,0.7862669639059907,1.065720733266097,2.423720904673809e-05,0.692947745487939,4.904045468467782,0.9999950577111891,0.8586987518889291,2.3658437425110374e-05,5.787716216277147e-07,0.9999951757298399,4679,7.9249579223475015,243.02449480604596,0.004123419611111413,5.221323266408328e-06,0.00201544303261165,0.034188897098055795,0.050839713877102455,1000,41,0.008233445717279235,1.0,9578.287137350111,0.0,6628115.327755545,4.904024455624312,1.2495890921707042e-07,2.088788455938146e-05,2.3335551830226346e-07,4.13952087771131e-06,1.986433265101445e-05,0.999995715202152,243,0.9999931522695115,1.24959764019684e-07,0.0,19.771024771406516,0.0,1.24959764019684e-07,4.139549224228741e-06,,,41,1.0,1.0,223107259.77315828,False,False,flat on the feasible set (objective invisible to the circuit),flat on the feasible set (objective invisible to the circuit)
NPP,optimality,15,5,61,0.5,0.9999931557455884,2.8976820942716586e-14,4597375885.103247,504966669.65686744,9.105688502624748,9.104315514976927,0.24098563043068372,1.487443979721772,6.172334744870256,1.1715103078715534,0.7875996164176117,1.0639755714618537,2.397733441029061e-05,0.692952927639394,4.90404551022285,0.9999951107031204,0.8586976963825311,2.3976306384331326e-05,1.0280259592851274e-09,0.9999951109127476,3294,7.9249578621077195,243.02448465854988,0.0041234090694568445,5.517195821841329e-06,0.0019409134449257673,0.034162164876178805,0.050814306479334735,1000,28,0.007802583425350949,1.0,9578.288207286982,0.0,4983623.569277129,4.904024513983032,1.1838995098445739e-07,2.0877849865227346e-05,2.2693005820138407e-07,3.923726582816471e-06,1.9826677769087385e-05,0.9999957185878936,243,0.9999931557456174,1.1839076039276234e-07,0.0,20.312165624058174,0.0,1.1839076039276234e-07,3.923753438871307e-06,,,28,1.0,1.0,169411643.54838943,False,False,flat on the feasible set (objective invisible to the circuit),flat on the feasible set (objective invisible to the circuit)
NPP,optimality,15,5,52,0.75,0.9629085537439676,2.708944180085382e-14,10539238978.293724,779910499.8212441,13.514827479190982,13.513395422563644,0.24098563043068372,1.0038289338809634,4.165513653602269,0.7988313559129282,0.7957843502523066,0.9549491238716835,2.2430086764010812e-05,0.25035655324111317,4.904045725166676,0.9999954262076618,0.9489489765651391,2.2430067893686255e-05,1.8870324556820263e-11,0.9999954262115097,5973,7.924957552009188,243.02443242191936,0.004120763750070424,4.2292032236468094e-05,0.0023363462897363733,0.050531837044693315,0.05072532010762106,1000,41,0.005081617335623499,1.0,9578.43865679132,0.0,10739145.463861635,4.9040248307788845,7.685394115575684e-08,2.0817533850822483e-05,1.8947719475476513e-07,2.5544842563057208e-06,1.9686125313348004e-05,0.999995739357061,243,0.9999931746135399,7.685446482900898e-08,0.0,16.98564390853993,0.0,7.685446482900898e-08,2.554501690878788e-06,,,41,1.0,1.0,362756151.783687,False,False,flat on the feasible set (objective invisible to the circuit),flat on the feasible set (objective invisible to the circuit)
NPP,optimality,15,5,53,0.75,0.9135142843680343,2.4091839634365897e-14,15600109952.40009,1075431608.5375955,14.5071850348675,14.505906120439953,0.24098563043068372,0.9365047595500294,3.88614357576562,0.7518939009254466,0.8028724822356649,0.9250229696813423,2.111824222789283e-05,0.1981252710601642,4.904045908670196,0.999995693710332,0.9595996296221687,2.110848012427345e-05,9.762103619380728e-09,0.9999956957009458,5928,7.924957287269699,243.02438782610648,0.004120337129320122,0.00010032995043865614,0.001830938628799719,0.05405559877034767,0.05062332552875731,1000,41,0.0028276669402472025,1.0,9578.464910765933,0.0,19299383.17069651,4.904025089793333,4.277709884681987e-08,2.077609976409607e-05,1.6014970037348037e-07,1.425372274451444e-06,1.953272025359861e-05,0.9999957547549001,243,0.9999931900377849,4.277738927104956e-08,0.0,21.209553842961462,0.0,4.277738927104956e-08,1.4253819812488783e-06,,,41,1.0,1.0,651732842.891922,False,False,flat on the feasible set (objective invisible to the circuit),flat on the feasible set (objective invisible to the circuit)
NPP,optimality,15,5,54,0.75,0.9629121542503303,2.298161660974074e-14,9797153143.153992,724335799.6843721,13.527123595745964,13.525706098501665,0.24098563043068372,1.003259344525221,4.163150071364089,0.8000547703691007,0.7974555878646871,0.9527769126891984,2.21208282593434e-05,0.24963320232476516,4.904045764771066,0.9999954892696111,0.9490964778269319,2.212080973107699e-05,1.852826640825014e-11,0.9999954892733893,5952,7.924957494872213,243.02442279709896,0.004120749233744761,7.2921979036541084e-06,0.002237066398477272,0.05054446607253561,0.050709207901309346,1000,41,0.004524773622621421,1.0,9578.440066737612,0.0,12060764.208425835,4.904024885691988,6.842674413318008e-08,2.0810652332964412e-05,1.822219733521962e-07,2.2757499452033416e-06,1.9662856340694653e-05,0.9999957424787452,243,0.9999931778837772,6.84272100633825e-08,0.0,17.984901050366265,0.0,6.84272100633825e-08,2.275765470739879e-06,,,41,1.0,1.0,407431923.75304574,False,False,flat on the feasible set (objective invisible to the circuit),flat on the feasible set (objective invisible to the circuit)
NPP,optimality,15,5,55,0.75,0.962910352272939,2.353672812205332e-14,7633236952.664447,565731607.3856642,13.494187089780581,13.49268248938547,0.24098563043068372,1.0044797074151508,4.168214119738048,0.7950477419643135,0.7915020443869661,0.9603122387318689,2.3240533978325662e-05,0.2515776707504768,4.90404560544194,0.9999952609466045,0.9486999732483513,2.323210573124206e-05,8.428247083601593e-09,0.9999952626652278,5943,7.924957724735555,243.02446151797133,0.004120806097367874,3.5670624968710853e-06,0.002688769004549059,0.05056593640949464,0.05079245700978229,1000,41,0.006461537531951762,1.0,9578.434771195254,0.0,8445703.130112091,4.904024661848224,9.778208068917289e-08,2.0845811635741615e-05,2.085341495515312e-07,3.245263705159432e-06,1.978673612353716e-05,0.9999957293232157,243,0.9999931645526501,9.778274818983473e-08,0.0,15.081791302229192,0.0,9.778274818983473e-08,3.2452858881402557e-06,,,41,1.0,1.0,285116042.5681977,False,False,flat on the feasible set (objective invisible to the circuit),flat on the feasible set (objective invisible to the circuit)
NPP,optimality,15,5,56,0.75,0.9629223830564329,2.6978419498391304e-14,11992577278.761019,886310600.0869519,13.532230577615078,13.530896818321345,0.24098563043068372,1.003681804132189,4.164903120316482,0.8043314219210803,0.8013808944325014,0.9482362032803189,2.139639267369288e-05,0.2493297872677962,4.904045873937868,0.9999956369917363,0.9491583493146265,2.139633490866121e-05,5.776503166993402e-11,0.9999956370035152,5950,7.924957337377828,243.02439626690466,0.004120711222775796,4.233053287266325e-05,0.001861529439798417,0.05046245941999853,0.050648252311611505,1000,41,0.0032909186947606504,1.0,9578.44355112254,0.0,16582672.749048514,4.904025038372613,4.978749865677011e-08,2.078577775590222e-05,1.6611277911493313e-07,1.6581008406750098e-06,1.9572179053522018e-05,0.9999957513518858,243,0.9999931869758594,4.978783697432957e-08,0.0,21.076250903466843,0.0,4.978783697432957e-08,1.6581121383212085e-06,,,41,1.0,1.0,559964666.9588238,False,False,flat on the feasible set (objective invisible to the circuit),flat on the feasible set (objective invisible to the circuit)
NPP,optimality,15,5,57,0.75,0.999993133219307,2.842170943040401e-14,3961303933.7215014,306471606.677794,12.927125516350685,12.925516907300912,0.24098563043068372,1.0460205585976603,4.340593074899269,0.8158601229193209,0.7799656672265578,0.9867315555102639,2.548678177457246e-05,0.28739175318655974,4.904045228445891,0.9999948029064604,0.9413970019037456,2.5482360440365764e-05,4.421334206695525e-09,0.9999948038080245,5960,7.924958268625877,243.024553137249,0.0041211349340706605,0.00033629216460615013,0.003510929262875119,0.048759388079163184,0.05100332235544637,1000,41,0.010213928935246776,1.0,9578.41222045302,0.0,5342922.20994616,4.904024135830931,1.5503069433182196e-07,2.093758426620092e-05,2.6472343661705024e-07,5.124404882887908e-06,2.0097653455341376e-05,0.9999956989354754,243,0.9999931332193355,1.5503175801273218e-07,0.0,12.503198534770153,0.0,1.5503175801273218e-07,5.124440071293907e-06,,,41,1.0,1.0,179830451.6846277,False,False,flat on the feasible set (objective invisible to the circuit),flat on the feasible set (objective invisible to the circuit)
NPP,optimality,15,5,58,0.75,0.9999931590655372,2.5424107263916085e-14,5506213256.296178,426018691.0020577,12.92628615740613,12.924816146786346,0.24098563043068372,1.048297693088262,4.350042329141242,0.8282229288116938,0.7900646298016428,0.9747521284105021,2.3505783011861017e-05,0.2874415009378872,4.9040455391133575,0.9999952068587405,0.9413868613891673,2.35056992809743e-05,8.37308867158743e-11,0.9999952068758143,5961,7.924957820427468,243.0244776374393,0.0041210587508670295,8.369116368142587e-05,0.002746057592403077,0.04848136730899127,0.05082290550778022,1000,41,0.006889635383867259,1.0,9578.420170257657,0.0,7920916.669513141,4.9040245697217655,1.0431038261982394e-07,2.086508120969186e-05,2.1471811447158358e-07,3.4602215623813342e-06,1.9830843335083707e-05,0.9999957240626285,243,0.9999931590655626,1.0431109531701575e-07,0.0,15.243703466635335,0.0,1.0431109531701575e-07,3.4602452336921153e-06,,,41,1.0,1.0,267271954.8025931,False,False,flat on the feasible set (objective invisible to the circuit),flat on the feasible set (objective invisible to the circuit)
NPP,optimality,15,5,59,0.75,0.8887762890661793,2.3092638912203256e-14,9756674227.67583,647777191.4979402,15.063281851761307,15.061774875268753,0.24098563043068372,0.9004514720067306,3.736535951946452,0.7156847174005935,0.7948065383308562,0.9214474272571633,2.2616317513097376e-05,0.1737024824743027,4.904045698463863,0.9999953882327156,0.9645797586003912,2.2605200012342454e-05,1.1117500754921655e-08,0.9999953904997112,5949,7.924957590533327,243.02443891137622,0.004120223664919785,1.451424984300315e-05,0.002723476482627317,0.056355175704393155,0.05074510091821876,1000,41,0.005392212590204181,1.0,9578.468423805736,0.0,10120563.098361691,4.904024796158773,8.15167903112939e-08,2.0820788299494265e-05,1.9378642665754093e-07,2.7085674521240834e-06,1.971396363369568e-05,0.9999957377425956,243,0.9999931725517697,8.151734597859041e-08,0.0,14.797369740170474,0.0,8.151734597859041e-08,2.708585944854399e-06,,,41,1.0,1.0,342006104.83733,False,False,flat on the feasible set (objective invisible to the circuit),flat on the feasible set (objective invisible to the circuit)
NPP,optimality,15,5,60,0.75,0.9999931805095076,2.5202062658991053e-14,6064420030.954352,469229767.12132484,12.925589348610437,12.924201437941438,0.24098563043068372,1.0502323215663159,4.358070311866172,0.8388813595366198,0.7987578960486692,0.9646735881491547,2.1880501339996597e-05,0.28748525218948506,4.904045797432805,0.9999955382754885,0.9413779430159523,2.13159023072963e-05,5.645990327002984e-07,0.9999956534042214,4677,7.924957447751357,243.0244148595111,0.00412098907720602,5.221322626291362e-06,0.0020462417917764667,0.0482686349559613,0.05069328054863626,1000,41,0.004099398813111119,1.0,9578.42715819935,0.0,13312251.441456057,4.904024929784223,6.201441545105684e-08,2.0805634167824822e-05,1.767000652870591e-07,2.0634331992277268e-06,1.9640368075380855e-05,0.9999957448096033,243,0.9999931805095328,6.201483747247152e-08,0.0,19.77102691609115,0.0,6.201483747247152e-08,2.06344727088672e-06,,,41,1.0,1.0,449560635.66407293,False,False,flat on the feasible set (objective invisible to the circuit),flat on the feasible set (objective invisible to the circuit)
NPP,optimality,15,5,61,0.75,0.9999931823408745,2.2648549702353193e-14,6526249975.067913,504966727.18288517,12.925491793252414,12.924118805761005,0.24098563043068372,1.050391046041558,4.358728958918938,0.8397480046588586,0.7994622648617232,0.9638670304905211,2.1750375763581285e-05,0.2874910687448074,4.904045819443197,0.9999955648098398,0.9413767572062675,2.1749872631077605e-05,5.031325036806945e-10,0.9999955649124347,3290,7.924957415996995,243.02440951043542,0.004120981655670412,5.5171951933201074e-06,0.0019717404230228585,0.04824900429073407,0.050680322087407775,1000,28,0.003883692479138528,1.0,9578.427815117875,0.0,10012414.440304883,4.904024960537569,5.875479908049892e-08,2.0800150829276387e-05,1.7383565604077415e-07,1.9554448788289195e-06,1.9621095228294563e-05,0.9999957465924268,243,0.9999931823408972,5.875519876524141e-08,0.0,20.312167667922985,0.0,5.875519876524141e-08,1.9554582104763883e-06,,,28,1.0,1.0,341361670.07678,False,False,flat on the feasible set (objective invisible to the circuit),flat on the feasible set (objective invisible to the circuit)
NPP,optimality,15,10,52,0.25,0.9629173831308188,6.117328865684613e-14,2366156351.9155607,779909965.261803,3.035316040770047,3.03388398316116,0.48197126086136743,3.68846343337098,7.6528700627897335,1.0844444047709558,0.29400980228231643,2.9568064147897486,0.00042382359180019894,1.34917952305475,4.903471922662706,0.9999135666322791,0.7248521977215457,0.0004238192956149884,4.296185210535264e-09,0.9999135675083551,5980,7.925785374036311,243.1639204652691,0.0041151626584976725,4.229206122392321e-05,0.002490528210781615,0.046513349186170526,0.17156278763680582,1000,41,0.04476020406758512,1.0,9577.919104818353,0.0,1219213.1134286402,4.903338636117406,4.6424471610711756e-10,0.0001332860810552775,1.0800272769463109e-05,2.3295414119734306e-05,0.0003897279049116672,0.9999728179242376,243,0.9999488084736567,4.642675945406966e-10,0.01636760750807438,16.986356554151715,0.004437513832993488,3.0838124035504605e-17,2.3296606708590338e-05,,,41,1.0,1.0,60053005651.90205,False,True,flat on the feasible set (objective invisible to the circuit),flat on the feasible set (objective invisible to the circuit)
NPP,optimality,15,10,53,0.25,0.9135347803699116,5.0959236830294685e-14,3369637811.1373634,1075431073.9781544,3.13456926966743,3.133290354604178,0.48197126086136743,3.6364541395685723,7.544960529533626,1.1631847036152074,0.3198678325015828,2.7119363493200974,0.00023931754416251264,1.2930545338566728,4.903469927444038,0.9999511942465839,0.7362980597434428,0.0002393171698023361,3.743601765388016e-10,0.999951194322926,5975,7.925788252528339,243.1644056309383,0.0041151071867119166,0.00010033000032337895,0.0019383614966975748,0.03734022106987055,0.13578600148193637,1000,41,0.02813516492603484,1.0,9577.861948388656,0.0,1939644.8502224134,4.903279620608731,2.948170890267959e-10,0.00019030654048968293,2.895567706908693e-06,1.4526821508524877e-05,0.00022189515494715372,0.9999611893540445,243,0.9999448042889063,2.9483247438563586e-10,0.0162868739341859,21.210438424042156,0.004478778862344781,-2.1390432948663673e-16,1.4527623371027342e-05,,,41,1.0,1.0,94564797898.47664,False,False,flat on the feasible set (objective invisible to the circuit),flat on the feasible set (objective invisible to the circuit)
NPP,optimality,15,10,54,0.25,0.9629174494729105,5.917488721252084e-14,2192888686.002698,724335265.1249311,3.028867343113963,3.0274498448235505,0.48197126086136743,3.700563225914553,7.677974863689996,1.093976414009549,0.2956243002007309,2.9421036174415107,0.0004177877187976129,1.3528926633822178,4.90347668736179,0.9999147976536986,0.7240952186294348,0.00041778759255447595,1.2624313692945893e-10,0.999914797679442,5978,7.925778500028421,243.16276186509486,0.004115160226750205,7.292203285296315e-06,0.0023884794833269876,0.04617441963197044,0.1708713592680168,1000,41,0.040040282206256494,1.0,9577.930162136636,0.0,1362933.1451219032,4.903343711505712,4.169865582167756e-10,0.00013297543909153122,1.0480197044708557e-05,2.091978855114619e-05,0.0003863877332016974,0.9999728813116576,243,0.9999491518705043,4.1700687410321196e-10,0.016424723043391223,17.98562568471878,0.004438438702619933,5.264233109773172e-16,2.0920852338243302e-05,,,41,1.0,1.0,66858973281.255615,False,True,flat on the feasible set (objective invisible to the circuit),flat on the feasible set (objective invisible to the circuit)
NPP,optimality,15,10,55,0.25,0.9629161571777396,5.262457136723242e-14,1715047610.8188741,565731072.8262233,3.033064459844422,3.031559858027612,0.48197126086136743,3.6802431232112003,7.635814460459652,1.0667898182794515,0.2898693870389255,2.9980337340565315,0.0004389318896218628,1.350496439282574,4.90345823593588,0.9999104852394979,0.72458286085008,0.000438927488128782,4.401493080815125e-09,0.9999104861370479,5974,7.925805119809221,243.16724860619667,0.00411518279832557,3.567065867389386e-06,0.0028485624738837064,0.04705760398498478,0.1731834234605362,1000,41,0.05690815483343041,1.0,9577.886951157874,0.0,958952.6829445463,4.903322611681855,5.77617338840674e-10,0.0001356236764082254,1.1555408945269467e-05,2.941543550004741e-05,0.0003979610451768653,0.9999723411014227,243,0.9999477232530088,5.776466481965752e-10,0.016210746537107443,15.082435829799149,0.004404803159570267,9.753940344130365e-16,2.94169733237191e-05,,,41,1.0,1.0,48266004532.93625,False,True,flat on the feasible set (objective invisible to the circuit),flat on the feasible set (objective invisible to the circuit)
NPP,optimality,15,10,56,0.25,0.9629176682594451,5.484501741648273e-14,2684697677.2765627,886310065.5275108,3.0304065210835565,3.029072760985394,0.48197126086136743,3.7090242644323292,7.6955299322280135,1.1112978657820916,0.29962000422560653,2.903859624799943,0.00040506997167144825,1.3519783845534283,4.903489986135837,0.9999173914960943,0.7242824216270408,0.0004050679195098423,2.0521616059579993e-09,0.9999173919145701,5979,7.925759313953077,243.15952811997468,0.004115138099949465,4.2330558412049825e-05,0.002007980217596243,0.04568816777584507,0.16945852287806462,1000,41,0.028891698264149158,1.0,9577.960160275818,0.0,1888854.9665721375,4.903358796336176,3.1101400454081674e-10,0.00013118948864751097,9.832733665637394e-06,1.5303960287696592e-05,0.00037993327771826174,0.9999732456270877,243,0.9999501715695485,3.110286144745501e-10,0.016623103265328436,21.077073288200335,0.004481799546240667,-2.4890896317229973e-16,1.5304722898017097e-05,,,41,1.0,1.0,89640059942.18094,False,True,flat on the feasible set (objective invisible to the circuit),flat on the feasible set (objective invisible to the circuit)
NPP,optimality,15,10,57,0.25,0.9999450024269945,5.6621374255882984e-14,909368105.6401693,306471072.11835295,2.968831910793849,2.967223298938275,0.48197126086136743,3.7329275615239865,7.745124791989855,1.0459834597085103,0.2802045961163742,3.1080379622528453,0.0004781056078264401,1.3879568922828425,4.903423676705334,0.9999024955542598,0.7169412672054831,0.00047810560773671977,8.972033185838946e-14,0.9999024955542781,5979,7.925854978239615,243.17565242439431,0.004115205334743858,0.00033629275118076643,0.0036840173439736577,0.047552550792570404,0.17751022747435535,1000,41,0.08584144196559175,1.0,9577.808562836792,0.0,635732.8873950673,4.903282533847813,8.484674188996258e-10,0.00014114200905289304,1.3533012516141519e-05,4.4022605030338147e-05,0.0004205499902795979,0.9999712154472412,243,0.9999450024270511,8.485131969365533e-10,0.016288058528408665,12.503764212741382,0.004363347067404379,1.4897242982403141e-15,4.402502629993365e-05,,,41,1.0,1.0,32858382112.469925,False,True,flat on the feasible set (objective invisible to the circuit),flat on the feasible set (objective invisible to the circuit)
NPP,optimality,15,10,58,0.25,0.999947567735502,5.651035195342047e-14,1263878911.8966088,426018156.44261664,2.9681954742389807,2.9667254617746543,0.48197126086136743,3.758844048069709,7.798896642409743,1.0871183577974448,0.289216137699492,3.0142741714411363,0.000441887847291317,1.3882988405489176,4.903456076447574,0.9999098823685983,0.7168734013510928,0.000441887847170979,1.203379843689456e-13,0.9999098823686229,5981,7.925808235292205,243.16777372357907,0.004115185190476699,8.369126869549863e-05,0.002905774728058011,0.04618445433178502,0.1736001612783774,1000,41,0.058088856128218964,1.0,9577.883544410459,0.0,939461.2219336011,4.903320317158249,5.940817528763797e-10,0.00013575869524285006,1.1694368139381094e-05,3.003711552021777e-05,0.0004001563636320286,0.999972313550441,243,0.9999475677355585,5.941120153834628e-10,0.016616640414501782,15.24434874179638,0.004420678326102669,1.0096270338275022e-15,3.0038690516782425e-05,,,41,1.0,1.0,46928351880.205696,False,True,flat on the feasible set (objective invisible to the circuit),flat on the feasible set (objective invisible to the circuit)
NPP,optimality,15,10,59,0.25,0.8888515923339131,4.418687638008123e-14,2052024965.104647,647776656.9384992,3.169304000251373,3.1677970225152294,0.48197126086136743,3.5245185713307583,7.312715212587206,1.0251412771139785,0.2908599448028768,2.96792976577326,0.0004364713981589084,1.274068009438995,4.903462908231843,0.999910987111287,0.7401697467110206,0.00043647139807758073,8.132768547150504e-14,0.9999109871113036,5977,7.9257983791108275,243.16611245946697,0.004115179355654907,1.4514261820479028e-05,0.0028811944510249844,0.049061838245202855,0.17291936003884312,1000,41,0.05422910104622915,1.0,9577.895796921155,0.0,1006327.3538762903,4.903328206803075,5.60544632669845e-10,0.00013470086822364724,1.1438139096831988e-05,2.8023880691431375e-05,0.00039700937837160177,0.99997252932646,243,0.9999481023456647,5.60572836952577e-10,0.015668219923470457,14.798002871727055,0.004445492230036564,5.074673536487649e-16,2.8025335139698928e-05,,,41,1.0,1.0,49736062208.439804,False,True,flat on the feasible set (objective invisible to the circuit),flat on the feasible set (objective invisible to the circuit)
NPP,optimality,15,10,60,0.25,0.9999495511192046,5.917488721252084e-14,1391886354.458984,469229232.5618838,2.9677128082068727,2.966324895956725,0.48197126086136743,3.7821193845655006,7.847188601673444,1.1255762613974902,0.2976046356418226,2.9319631524626715,0.0004101069418321169,1.3885762103203922,4.903482016961593,0.9999163641387052,0.7168183332747669,0.0004014110568924952,8.695884939621714e-06,0.9999181374037119,4684,7.9257708110412,243.16146590833816,0.004115152021249908,5.2213285745723105e-06,0.0021947720380540814,0.044950623277270216,0.1700086236452649,1000,41,0.03437636938257045,1.0,9577.943547586852,0.0,1587492.4763465864,4.903349615299189,3.5869256597271527e-10,0.00013240130371161432,1.0090669091430288e-05,1.8084867149776296e-05,0.0003819314055914097,0.999972998440303,243,0.9999495511192638,3.5870977434567514e-10,0.016746307931354443,19.771794077924216,0.004427757621743689,5.628846018376209e-16,1.8085779556223936e-05,,,41,1.0,1.0,77724788536.83029,False,True,flat on the feasible set (objective invisible to the circuit),flat on the feasible set (objective invisible to the circuit)
NPP,optimality,15,10,61,0.25,0.9999497345357089,5.762057497804562e-14,1497864584.508352,504966192.62344414,2.967640050758476,2.9662670618136158,0.48197126086136743,3.7840250311388863,7.85114246101763,1.1287399981032893,0.2982908381458486,2.9254334707959493,0.0004079696835439111,1.388614471111379,4.903484363826378,0.9999168000439538,0.7168106660326352,0.00040792832680618476,4.135673772632251e-08,0.9999168084774052,3295,7.925767425231123,243.1608952419447,0.004115147910963065,5.517201033847298e-06,0.0021194083464867305,0.04486492910949371,0.16977001477059586,1000,28,0.032523127878282196,1.0,9577.948790157569,0.0,1195614.9729926868,4.903352328583588,3.4131336201025456e-10,0.0001320349014756676,9.985120584541965e-06,1.7151083499142858e-05,0.0003808334794607892,0.9999730731796018,243,0.9999497345357665,3.4132963096867803e-10,0.016782690313418676,20.31295649942101,0.004435142520282841,1.1031842294949578e-15,1.7151945648765347e-05,,,28,1.0,1.0,58763267634.88611,False,True,flat on the feasible set (objective invisible to the circuit),flat on the feasible set (objective invisible to the circuit)
NPP,optimality,15,10,52,0.5,0.9629136105752969,4.218847493575595e-14,3652119815.6406174,779909982.0870847,4.684177373732726,4.682745316154733,0.48197126086136743,2.440232338162916,5.063024574954514,0.7915339468285836,0.32436827200826107,2.4740076975190477,0.00023420527839263005,0.6528465144555372,4.903488174697976,0.9999522370055666,0.866860795581352,0.00023420352844159492,1.74995103512641e-09,0.9999522373624283,5980,7.92576192730557,243.15996858876142,0.0041151063022441346,4.2292060311541197e-05,0.0025557913124165353,0.05514769119128362,0.13457317941999247,1000,41,0.019835119730262273,1.0,9577.886487330612,0.0,2751293.085248251,4.903298308515807,2.2307454178372725e-10,0.00018986595909534058,2.6460873933274226e-06,1.020258084436044e-05,0.00022135661015529066,0.999961279363709,243,0.9999460744631389,2.230856836686462e-10,0.011345808872375117,16.98627353048017,0.004649478943024172,1.8495470720550592e-16,1.0203131053680173e-05,,,41,1.0,1.0,124977708939.2991,False,False,flat on the feasible set (objective invisible to the circuit),flat on the feasible set (objective invisible to the circuit)
NPP,optimality,15,10,53,0.5,0.9135351857160048,5.129230373768223e-14,5235956658.6164875,1075431090.803436,4.869983849642813,4.86870493459957,0.48197126086136743,2.3528900938358133,4.881805794044203,0.7725451852677664,0.32833883201417197,2.421759747717514,0.00022751694739101032,0.6000488763717796,4.90350066496953,0.9999536011182752,0.8776284704805871,0.00022741225858806182,1.0468880294850057e-07,0.9999536224670942,5970,7.925743907652688,243.1569314736813,0.004115081750982827,0.00010032999875370095,0.00204970428548974,0.0567030496272185,0.1334160437581629,1000,41,0.011657131224430831,1.0,9577.91069414982,0.0,4681445.778406451,4.903311581128256,1.370496730654566e-10,0.00018908370422372907,2.392951619033372e-06,6.084457216702127e-06,0.00021903953855479175,0.999961439009762,243,0.9999469753422764,1.370560522843936e-10,0.01110446954768397,21.210294185339986,0.004719502018719813,-1.6612203641681554e-16,6.084779860071531e-06,,,41,1.0,1.0,203425590291.9221,False,False,flat on the feasible set (objective invisible to the circuit),flat on the feasible set (objective invisible to the circuit)
NPP,optimality,15,10,54,0.5,0.9629135630230443,5.1736392947532295e-14,3383490503.6143026,724335281.9502126,4.672583721866718,4.671166223609232,0.48197126086136743,2.447754014352264,5.078630642785002,0.7963096818046232,0.32532259252175977,2.4686159146476467,0.00023164649143972554,0.6562782627471295,4.903490246879829,0.999952758855473,0.8661609935566345,0.00023164644151694197,4.9922783572006746e-11,0.9999527588656536,5977,7.92575893777906,243.15946471760472,0.0041151041909002544,7.292203118542013e-06,0.0024542891242413734,0.05480872876394623,0.1341582858534938,1000,41,0.017754972818915193,1.0,9577.891189137836,0.0,3073630.600031301,4.903300395569874,2.0023027125054458e-10,0.00018985110972467582,2.560767984264371e-06,9.157860126005465e-06,0.00021992786333029776,0.9999612824130576,243,0.9999462161901781,2.002401527983766e-10,0.01138153223135439,17.985547495726998,0.004649785952599581,-2.368341764737219e-16,9.158352697105208e-06,,,41,1.0,1.0,139236465012.75934,False,False,flat on the feasible set (objective invisible to the circuit),flat on the feasible set (objective invisible to the circuit)
NPP,optimality,15,10,55,0.5,0.9629130284924398,4.8405723873656825e-14,2643402335.1059294,565731089.6515049,4.674046704300468,4.672542102528407,0.48197126086136743,2.441548159958912,5.065754658473693,0.7856625210105906,0.32178866421533636,2.4941712843536923,0.0002404929066492848,0.6558573597048543,4.903481574644571,0.9999509546629292,0.8662465944409317,0.00024049102270887554,1.883940409274157e-09,0.999950955047115,5962,7.9257714491698605,243.1615734628319,0.0041151221008933515,3.567065761302079e-06,0.0029113339525248133,0.05552583138625584,0.13556899145130175,1000,41,0.025309668636762112,1.0,9577.872056344573,0.0,2156181.044570294,4.903291089804169,2.810350270490081e-10,0.00019048455936624583,2.8557508526849175e-06,1.295451083353444e-05,0.00022468264496379784,0.9999611531444541,243,0.9999455840622582,2.8104943248712833e-10,0.011307369795691899,15.08235679864404,0.004631229471992962,1.847462790685915e-16,1.295521580375105e-05,,,41,1.0,1.0,99202316028.71432,False,False,flat on the feasible set (objective invisible to the circuit),flat on the feasible set (objective invisible to the circuit)
NPP,optimality,15,10,56,0.5,0.9629134826601593,5.5067062021407764e-14,4148890835.8616753,886310082.3527924,4.682416508052037,4.681082747979194,0.48197126086136743,2.446279161421985,5.075570599479425,0.8017431454029444,0.32773984181629673,2.450046391819646,0.0002266203772178576,0.6533509463787344,4.903496880848362,0.9999537839254874,0.866758160093762,0.00022661949188580968,8.853320479344524e-10,0.9999537841060302,5973,7.92574936698564,243.15785161073205,0.004115087330974343,4.233055760846699e-05,0.0020760860428290593,0.054498746140474674,0.13331914700707004,1000,41,0.01278677073839827,1.0,9577.904939365919,0.0,4267866.287385842,4.9033074695090395,1.4716461421529456e-10,0.00018941119215685004,2.3884875309084576e-06,6.660821142930271e-06,0.0002175710685436192,0.999961372191331,243,0.9999466963761805,1.471715708620564e-10,0.011434635011775315,21.076991151432033,0.00467429686362064,-3.442413900353378e-16,6.661176207761045e-06,,,41,1.0,1.0,189443569955.24042,False,False,flat on the feasible set (objective invisible to the circuit),flat on the feasible set (objective invisible to the circuit)
NPP,optimality,15,10,57,0.5,0.9999444079116234,5.229150445984487e-14,1395689706.830308,306471088.9436345,4.555675070828919,4.554066459061658,0.48197126086136743,2.4948834719417503,5.176415430834931,0.7871733982715474,0.3155150960453058,2.557139526691676,0.00025769560351043136,0.6918802011776044,4.903465653290299,0.9999474462305374,0.8588997557853102,0.00025769560346357637,4.685498950635081e-14,0.999947446230547,5979,7.925794418828714,243.16544495520805,0.004115142507568729,0.00033629273271827383,0.003738946863875157,0.05544067846355492,0.1383180323719601,1000,41,0.038663546522254406,1.0,9577.837646225293,0.0,1411464.6137681766,4.903273794778817,4.2257308123972385e-10,0.00019185808890985194,3.4387366368732716e-06,1.9677590088630054e-05,0.00023457927678542418,0.9999608728754218,243,0.9999444079116757,4.2259568608661865e-10,0.011494790377301004,12.503684280276694,0.004607345596127056,2.06703496408206e-16,1.9678684066906605e-05,,,41,1.0,1.0,65975085915.46419,False,False,flat on the feasible set (objective invisible to the circuit),flat on the feasible set (objective invisible to the circuit)
NPP,optimality,15,10,58,0.5,0.9999455178837148,5.639932965095795e-14,1939863343.1643248,426018173.26789826,4.554945579619822,4.553475567213553,0.48197126086136743,2.504610708927591,5.196597623790702,0.8047513440632563,0.3213079546433106,2.5133719415164304,0.00024212342771295353,0.6920866232444138,4.903480607328337,0.9999506221300537,0.8588580890459567,0.00024212172258995866,1.7051229948665276e-09,0.9999506224777738,5979,7.925772844712231,243.16180867708925,0.004115124214171428,8.369126539017211e-05,0.002965522117227489,0.05424640717853521,0.13586613234020584,1000,41,0.026066134378992786,1.0,9577.87056077766,0.0,2093606.4767210968,4.903290115994723,2.9031191006621165e-10,0.00019049104330206835,2.904941581325873e-06,1.3344337528361861e-05,0.00022587414860340276,0.9999611518125862,243,0.9999455178837712,2.9032683955679886e-10,0.011615857349992592,15.244269597556574,0.0046377895409407555,-1.3879587928603252e-16,1.3345064595722246e-05,,,41,1.0,1.0,96032323920.65569,False,False,flat on the feasible set (objective invisible to the circuit),flat on the feasible set (objective invisible to the circuit)
NPP,optimality,15,10,59,0.5,0.8888468248283832,4.39648317751562e-14,3213072780.7525544,647776673.7637808,4.961662091161674,4.960155113464673,0.48197126086136743,2.3014969103567724,4.775174574192645,0.7429698666057032,0.3228202754747691,2.4489898329362987,0.00023905169629959955,0.5755555675736191,4.903485465147986,0.9999512486173359,0.8826231725036328,0.00023905169608761105,2.119884942499567e-13,0.999951248617379,5976,7.925765836359833,243.16062744373275,0.004115117659897547,1.4514261443487153e-05,0.002952095553773308,0.058785269540028766,0.1352941162208663,1000,41,0.023359616795692352,1.0,9577.878465279095,0.0,2336178.210295178,4.903295348052669,2.6280068789660676e-10,0.000190116832515155,2.7979251539054808e-06,1.1957475042639784e-05,0.00022429629610348588,0.9999612281719468,243,0.9999458733815054,2.628140250008862e-10,0.010728184334107289,14.797921419078476,0.004661394193418331,-1.7391620654929616e-16,1.1958122295363177e-05,,,41,1.0,1.0,106085443977.78024,False,False,flat on the feasible set (objective invisible to the circuit),flat on the feasible set (objective invisible to the circuit)
NPP,optimality,15,10,60,0.5,0.9999463454830992,5.651035195342047e-14,2136370939.4121542,469229249.3871655,4.554324333368394,4.552936421168013,0.48197126086136743,2.51299591096258,5.213995345845755,0.820208879989414,0.3263868740937348,2.4762285554960415,0.00022838736346628784,0.6922733281652589,4.9034920791260905,0.9999534235276042,0.8588203433401616,0.0002192656715611877,9.121691905100146e-06,0.9999552836884589,4681,7.92575629440642,243.15901918998517,0.004115098361699675,5.221328387349702e-06,0.002258685354667834,0.0531846578403054,0.1336528276786314,1000,41,0.015413492251556448,1.0,9577.896262108823,0.0,3540549.206389685,4.903302299847317,1.7397528869665787e-10,0.00018977910479880215,2.4600309677505978e-06,7.988055289861621e-06,0.00021793927720953595,0.999961297117297,243,0.9999463454831558,1.7398373557905832e-10,0.01166273395566122,19.771717690435526,0.004640968138779787,2.5719890775307616e-16,7.988483907217769e-06,,,41,1.0,1.0,160249064592.5887,False,False,flat on the feasible set (objective invisible to the circuit),flat on the feasible set (objective invisible to the circuit)
NPP,optimality,15,10,61,0.5,0.9999464294923543,4.851674617611934e-14,2299043442.704715,504966209.4487258,4.554238902867083,4.55286591396797,0.48197126086136743,2.5136889218313265,5.215433213463646,0.8214755806919772,0.3268008119690078,2.473253872328772,0.00022752279769253507,0.6922973276301474,4.90349322376267,0.9999535998547749,0.8588154819353626,0.0002275051638351789,1.7633857356166285e-08,0.9999536034507908,3295,7.9257546430448595,243.15874086142918,0.0041150952262403095,5.517200850016262e-06,0.002183622752245708,0.05311209216900559,0.13350727770051368,1000,28,0.014586185134390212,1.0,9577.8986293413,0.0,2665888.1881424645,4.903303537335259,1.652076009480072e-10,0.00018968626220411985,2.431160686546457e-06,7.572208334194359e-06,0.00021751942867179782,0.9999613160620899,243,0.9999464294924029,1.652155634987143e-10,0.011676129588536201,20.312878449975074,0.00464501772161595,-6.136739374085868e-16,7.5726140029703354e-06,,,28,1.0,1.0,121403294083.05461,False,False,flat on the feasible set (objective invisible to the circuit),flat on the feasible set (objective invisible to the circuit)
NPP,optimality,15,10,52,0.75,0.9629142962843542,5.295763827461997e-14,5275519976.574287,779910010.8500934,6.765699605295246,6.764267547770067,0.48197126086136743,1.6950953737852064,3.517005081912504,0.5590591274403275,0.3298098361226302,2.1699388371998714,0.00022814338832109746,0.249120936138541,4.903508605664061,0.9999534734398023,0.9491953708716284,0.000228142545590404,8.427306934699532e-10,0.9999534736116572,5980,7.92573245165212,243.15500064644044,0.004115083586871182,4.229205875181395e-05,0.0026907431839473463,0.07865156385957349,0.13332190203933475,1000,41,0.00949040333787687,1.0,9577.919028943368,0.0,5750253.7896508705,4.903319926265647,1.1494632629547218e-10,0.00018867928346423166,2.3707502183703616e-06,4.9246199992895875e-06,0.0002208480181029089,0.9999615215525072,243,0.9999475412386534,1.1495146837537058e-10,0.008144337961830759,16.98619373239531,0.004804648804889468,-3.581308101222151e-16,4.9248783523077325e-06,,,41,1.0,1.0,242543106785.81598,False,False,flat on the feasible set (objective invisible to the circuit),flat on the feasible set (objective invisible to the circuit)
NPP,optimality,15,10,53,0.75,0.9135351930495889,4.5630166312093934e-14,7816311832.728388,1075431119.5664449,7.269351867816558,7.26807295280752,0.48197126086136743,1.5796654536201606,3.2775096398839643,0.5243468384214335,0.3319353710114848,2.0934505795123015,0.00022656129910344802,0.1963913916244522,4.90351675022767,0.9999537961608691,0.9599488690203141,0.0002264527742954571,1.085248079909216e-07,0.9999538182918827,5954,7.925720701530408,243.15302026310457,0.004115063799028005,0.00010032999607031883,0.002207854521119315,0.08419523084375359,0.13300029752345216,1000,41,0.005165581005655543,1.0,9577.933253104056,0.0,10564586.577810565,4.903328513807128,6.56366278810351e-11,0.00018823635490632253,2.2789812419929536e-06,2.7432907372637667e-06,0.00022153902712443096,0.9999616119552291,243,0.9999481231410441,6.563914490140628e-11,0.007684745145958441,21.21020237552564,0.00486479281315364,1.9710879279812117e-16,2.7434330570653704e-06,,,41,1.0,1.0,424756806681.4285,False,False,flat on the feasible set (objective invisible to the circuit),flat on the feasible set (objective invisible to the circuit)
NPP,optimality,15,10,54,0.75,0.9629142299022159,5.6288307348495437e-14,4886246361.45687,724335310.7132214,6.747252319708927,6.74583482150773,0.48197126086136743,1.7002237024004643,3.527645402262918,0.5615547970601922,0.3302828894029414,2.1694275392478115,0.00022701371538310112,0.2512931389722504,4.903509639593673,0.9999537038300995,0.9487523921757655,0.0002270136862054314,2.917766972043018e-11,0.9999537038360496,5967,7.925730960007017,243.15474924141836,0.004115081935484372,7.292202831605354e-06,0.0025892751397997146,0.07830372385104185,0.13313384727776192,1000,41,0.008483094581954783,1.0,9577.921304159823,0.0,6433056.620048496,4.903320932926046,1.0317587957582638e-10,0.00018870656445142567,2.3323812532594898e-06,4.41965010054553e-06,0.00022026168402981518,0.9999615159994582,243,0.9999476094739365,1.0318039711932922e-10,0.008170016851673758,17.98546881056435,0.004805259943229178,9.954387961402074e-17,4.4198816595826954e-06,,,41,1.0,1.0,270213046647.91702,False,False,flat on the feasible set (objective invisible to the circuit),flat on the feasible set (objective invisible to the circuit)
NPP,optimality,15,10,55,0.75,0.9629139733443851,5.295763827461997e-14,3817018114.0420027,565731118.4145137,6.748558086643261,6.747053484947696,0.48197126086136743,1.6980642934922898,3.523165033652733,0.5578555470819296,0.3285243964082345,2.1799425299114583,0.00023056609804490753,0.25114369258023217,4.903505049694956,0.9999529793289273,0.9487828216683787,0.0002304466340117946,1.1946403311293634e-07,0.99995300369077,5954,7.925737581831088,243.1558652996435,0.004115095513905847,3.567065579944645e-06,0.003044414727012927,0.0787459706847194,0.13371572107611263,1000,41,0.012167086397536634,1.0,9577.911681733132,0.0,4485233.849411189,4.903316125509143,1.454603827313736e-10,0.00018892404035191502,2.456721036526487e-06,6.2681681285409135e-06,0.0002218412088795556,0.9999614716037002,243,0.9999472835546797,1.454671631116844e-10,0.008134889862087179,15.082282887645214,0.0047906842475067424,-2.721266794040098e-16,6.268498582391778e-06,,,41,1.0,1.0,191663222211.48453,False,False,flat on the feasible set (objective invisible to the circuit),flat on the feasible set (objective invisible to the circuit)
NPP,optimality,15,10,56,0.75,0.9629140837346389,4.2521541843143495e-14,5991196802.97008,886310111.1158012,6.761040918766122,6.759707158736563,0.48197126086136743,1.6979568745534956,3.522942159495045,0.5627883432624337,0.3314503163753365,2.160644633545834,0.00022529058623404742,0.24966203393540562,4.903513244202927,0.9999540552711874,0.9490850699280636,0.0002252901525591549,4.3367489251946133e-10,0.999954055359625,5970,7.925725759654983,243.15387276511552,0.004115069338946799,4.2330556234733135e-05,0.002212641033955291,0.07823296971338262,0.13283620874157342,1000,41,0.006072399196909692,1.0,9577.928364190955,0.0,8986930.204903875,4.903324710447184,7.549519561213907e-11,0.00018853368024538387,2.2642508732302156e-06,3.2097942884926367e-06,0.00021981654107287643,0.9999615512906047,243,0.9999478654749611,7.54982435450397e-11,0.008189886438802517,21.076904993059003,0.0048233771785023555,3.2400984226307425e-16,3.2099616383180437e-06,,,41,1.0,1.0,369289152681.7097,False,False,flat on the feasible set (objective invisible to the circuit),flat on the feasible set (objective invisible to the circuit)
NPP,optimality,15,10,57,0.75,0.9999466091542222,5.129230373768223e-14,1981114986.492321,306471117.70664334,6.4658881865309485,6.464279574914659,0.48197126086136743,1.7683819075066887,3.6690608986649518,0.5746552532980621,0.32496105669181563,2.2385780679152445,0.00023840953709546047,0.28681952783210307,4.903495679234214,0.9999513796783578,0.9415071315252191,0.0002384075020059165,2.0350895439864326e-09,0.9999513800933659,5975,7.925751100548284,243.15814379280084,0.004115112886158832,0.0003362927011564388,0.003858058034540341,0.07635571069689533,0.13502605733120462,1000,41,0.019364268689687807,1.0,9577.892721382805,0.0,2818192.0336606093,4.903306184264829,2.2706881484941274e-10,0.0001894947423168969,2.7248108738816847e-06,9.889748834235361e-06,0.00022579497738729434,0.9999613551266726,243,0.9999466091542735,2.2708005071431598e-10,0.008426107339613558,12.503617699206417,0.004764868552344476,-7.694761169126437e-17,9.890276884482693e-06,,,41,1.0,1.0,122779246160.39005,False,False,flat on the feasible set (objective invisible to the circuit),flat on the feasible set (objective invisible to the circuit)
NPP,optimality,15,10,58,0.75,0.9999471937953984,5.540012892879531e-14,2753614805.918187,426018202.03090715,6.465078357657521,6.463608345350501,0.48197126086136743,1.771975789946091,3.6765175308985407,0.5812582472034391,0.3280283232431312,2.219331141177297,0.00023174381167849722,0.28691970899113717,4.903503765743375,0.9999527391386344,0.9414867974619288,0.0002317429642827495,8.473957477286419e-10,0.9999527393114406,5976,7.925739434181642,243.1561775001974,0.004115098216592427,8.369125973967971e-05,0.003087748718661233,0.075587849238164,0.1339398388641217,1000,41,0.012972345970396953,1.0,9577.909762481851,0.0,4206812.544429219,4.903314801885295,1.5493133657415986e-10,0.00018896370314781528,2.4940809628089535e-06,6.681413864945128e-06,0.00022256831684998714,0.9999614635030158,243,0.9999471937954538,1.5493863016363802e-10,0.008485679924201406,15.244198155841664,0.004788823849822218,9.88312931009379e-17,6.681766704572591e-06,,,41,1.0,1.0,179946701747.4097,False,False,flat on the feasible set (objective invisible to the circuit),flat on the feasible set (objective invisible to the circuit)
NPP,optimality,15,10,59,0.75,0.8888464726106869,4.4075854077618715e-14,4879693369.715824,647776702.5267897,7.534493808866146,7.532986831236059,0.48197126086136743,1.5219504059776772,3.157761737199193,0.5016813978887869,0.32963058186282657,2.0729872574363486,0.00022987730371348833,0.17320894095651126,4.903509657648607,0.9999531198427732,0.964676537205074,0.00022987671294318323,5.907703050985359e-10,0.9999531199632467,5967,7.925730933959118,243.15474485125267,0.00411508892175216,1.4514260799015334e-05,0.0031181691432621036,0.08774791114331655,0.13354796898826377,1000,41,0.01013786107502781,1.0,9577.918737786724,0.0,5383011.993858087,4.9033210984900135,1.2332155149146659e-10,0.0001885590352729379,2.415223288036979e-06,5.230946981209525e-06,0.00022223113344407971,0.9999615460819375,243,0.9999476206959117,1.2332712314829596e-10,0.007349030300349303,14.797841886433304,0.004828692361777978,3.5453830170107436e-16,5.231220988924457e-06,,,41,1.0,1.0,226071086344.9788,False,False,flat on the feasible set (objective invisible to the circuit),flat on the feasible set (objective invisible to the circuit)
NPP,optimality,15,10,60,0.75,0.9999476124415857,5.806466418789569e-14,3032619655.7376533,469229278.1501743,6.464368371674521,6.462980459559217,0.48197126086136743,1.7750391491729207,3.6828734269354846,0.5869235932221096,0.33065388642024407,2.20312814690722,0.00022548605948351846,0.2870121341217805,4.903509753744658,0.9999540153745363,0.9414680201456521,0.00021616849318837724,9.317566295141211e-06,0.9999559154738534,4681,7.92573079532183,243.15472148504452,0.004115078470365656,5.221328067290572e-06,0.0023834115745205247,0.07487453020123785,0.1329052223831274,1000,41,0.007604228987904841,1.0,9577.922695671856,0.0,7176562.91594367,4.903320976710082,9.260218174770927e-11,0.0001887769419741871,2.288556593524128e-06,3.9863334620142106e-06,0.0002192111694287262,0.9999615016500308,243,0.9999476124416438,9.260614502559281e-11,0.008508743274953122,19.77163888141442,0.004793552457092436,-3.684711418360107e-16,3.98654230723197e-06,,,41,1.0,1.0,301067342002.30975,False,False,flat on the feasible set (objective invisible to the circuit),flat on the feasible set (objective invisible to the circuit)
NPP,optimality,15,10,61,0.75,0.9999476581527069,4.884981308350689e-14,3263544909.108896,504966238.21173465,6.464270232538172,6.462897243717265,0.48197126086136743,1.7752883144940035,3.6833903982599523,0.587372119120601,0.33086012808461207,2.2018700097120005,0.00022517259990116416,0.28702425764908746,4.903510389069018,0.999954079306041,0.9414655553113691,0.00022516380698022113,8.79292094303351e-09,0.9999540810991476,3295,7.925729878742666,243.15456700299927,0.004115076093935255,5.517200535755061e-06,0.002308563708265166,0.07483338615185368,0.13285083596940322,1000,28,0.007188726350921723,1.0,9577.923943924208,0.0,5409183.318661768,4.903321651128471,8.787024724937317e-11,0.00018873785267536114,2.2766409476820004e-06,3.777796549627889e-06,0.00021911816240454,0.9999615096276807,243,0.9999476581527558,8.787395860270737e-11,0.008515350346916046,20.312797620689196,0.004796601361814917,-2.9174593899433724e-16,3.7779942959400306e-06,,,28,1.0,1.0,228255176049.34268,False,False,flat on the feasible set (objective invisible to the circuit),flat on the feasible set (objective invisible to the circuit)
NPP,optimality,15,20,52,0.25,0.9627172916148136,1.0169642905566434e-13,1184749926.1144547,779909743.5703729,1.5205179982566168,1.5190859402406636,0.9639425217227349,7.551859826580134,7.834346609260096,2.4726032790108654,0.32741646902768134,2.664364866284904,0.00046775595620524263,1.346951897476071,4.903846049461085,0.9999046144696454,0.7253274503541773,0.000467743443632622,1.2512572620604692e-08,0.9999046170209855,5981,7.92524562315954,243.0729633420193,0.004141409660983425,4.22920732455547e-05,0.002303613220132516,0.020977456213449455,0.15841880884219275,1000,41,0.24654558183417255,1.0,9576.792270488811,0.0,221347.4171913866,4.903801213185341,1.711031859376524e-06,4.312524388345883e-05,2.367649348560089e-05,0.0001259463022231872,0.0003181331604967244,0.9999908569161243,243,0.9999793170229948,1.7110672484529384e-06,0.0,16.985745130139833,0.0,1.7110672484529384e-06,0.00012594890722065084,,,41,1.0,1.0,16293816.798710952,False,False,flat on the feasible set (objective invisible to the circuit),flat on the feasible set (objective invisible to the circuit)
NPP,optimality,15,20,53,0.25,0.9132715524749917,9.325873406851315e-14,1680300302.8733656,1075430852.2867243,1.5637227482339406,1.5624438329070505,0.9639425217227349,7.5649704339062165,7.847947635286681,2.8646907882299475,0.3786783852307467,2.304272398021067,0.00029966294796260253,1.2980069615379963,4.9038804373355145,0.9999388926888019,0.7353102347978006,0.00029966294791243856,5.016397453677657e-14,0.9999388926888121,5981,7.925196011943671,243.06460472320327,0.004140309624909063,0.00010033002100471566,0.0017711442599959454,0.01759351571527201,0.13309442621449713,1000,41,0.15742806426144082,1.0,9576.992270921683,0.0,346648.6615011262,4.90384443326247,1.0242693366358308e-06,3.49798037079006e-05,1.304425020716166e-05,8.042946196661344e-05,0.00020618923578902019,0.9999926580442764,243,0.9999820607445222,1.0242877107065798e-06,0.0,21.209656953621167,0.0,1.0242877107065798e-06,8.043090483627539e-05,,,41,1.0,1.0,27218660.820787843,False,False,flat on the feasible set (objective invisible to the circuit),flat on the feasible set (objective invisible to the circuit)
NPP,optimality,15,20,54,0.25,0.962734915956843,1.021405182655144e-13,1098382638.4646819,724335043.4335009,1.5178188497594283,1.5164013510351735,0.9639425217227349,7.623301857031491,7.908461018409385,2.5890196785493718,0.33961920006635216,2.5721547775334006,0.00042429405842672914,1.350053707177942,4.903861114262418,0.9999134775540048,0.724695770185775,0.00042429388887427476,1.69552454379069e-10,0.9999134775885771,5981,7.9252238892455065,243.06930152372334,0.004141406812225485,7.292205515845998e-06,0.0021979017052945068,0.019950821231382115,0.15209113254249856,1000,41,0.22370034821231388,1.0,9576.836150292245,0.0,243952.3594623432,4.903819184724841,1.5300001976703488e-06,4.039953737973588e-05,2.0965647982376246e-05,0.00011429342556272862,0.00028903498488178965,0.9999914496890103,243,0.9999804609012797,1.5300300921912076e-06,0.0,17.98499663161675,0.0,1.5300300921912076e-06,0.00011429565879688915,,,41,1.0,1.0,18221722.910328045,False,False,flat on the feasible set (objective invisible to the circuit),flat on the feasible set (objective invisible to the circuit)
NPP,optimality,15,20,55,0.25,0.9627220510836104,1.0458300891968975e-13,857621023.8039494,565730851.1347933,1.5174569710701642,1.5159523686637502,0.9639425217227349,7.433181448124541,7.711228917301146,2.237136233510876,0.3009661810523037,2.891750099746599,0.0005841028468746004,1.350513248809158,4.903806711120488,0.9998808878731802,0.724599004739203,0.0005841027386295541,1.0824504628140913e-10,0.9998808878952513,5979,7.9253023763884425,243.08252561712294,0.004141675331759229,3.567067265205912e-06,0.0026728411664648666,0.023385732262900603,0.17383039120740032,1000,41,0.3044129984653,1.0,9576.659804909601,0.0,179270.35978774875,4.903750145336505,2.1896751880339247e-06,5.437610879542325e-05,3.074593856739184e-05,0.00015549755758177575,0.00039785935072577294,0.9999884649238203,243,0.9999760450477376,2.1897276419668714e-06,0.0,15.081900240168485,0.0,2.1897276419668714e-06,0.00015550128260757734,,,41,1.0,1.0,12732134.7945306,False,False,flat on the feasible set (objective invisible to the circuit),flat on the feasible set (objective invisible to the circuit)
NPP,optimality,15,20,56,0.25,0.9627863069232135,1.000310945187266e-13,1346334377.070889,886309843.8360807,1.5203672975566167,1.5190335371248431,0.9639425217227349,7.770072972116164,8.060722291023822,2.9204942508755045,0.37586445601682855,2.3304721275698763,0.0003164168150049712,1.3470644290637794,4.9038916685151435,0.999935476385615,0.7253070581243776,0.0003164168149868422,1.8128998736238744e-14,0.9999354763856187,5982,7.925179808776448,243.0618748362845,0.004141126209897521,4.2330569000132645e-05,0.0018080951371725843,0.01740157950578935,0.1352115425900644,1000,41,0.1682984803643159,1.0,9576.951687021525,0.0,324258.58891184983,4.903857786237089,1.1037969737921717e-06,3.2778481079850724e-05,1.4454610496267279e-05,8.60065611420334e-05,0.00021595564336663396,0.9999930907368383,243,0.9999829032532759,1.1038158445639433e-06,0.0,21.076341292640272,0.0,1.1038158445639433e-06,8.600803159867763e-05,,,41,1.0,1.0,25257579.35733186,False,False,flat on the feasible set (objective invisible to the circuit),flat on the feasible set (objective invisible to the circuit)
NPP,optimality,15,20,57,0.25,0.9999655344226808,1.0458300891968975e-13,455003191.2163831,306470850.42692286,1.486262669294204,1.4846540562750106,0.9639425217227349,7.325719211581947,7.599746921102306,1.8772949321163122,0.25626083636243013,3.388799799660384,0.0008560475194748197,1.3868573721765451,4.9036766906035325,0.9998254274142675,0.717180095736317,0.000856047519310968,1.6385167962013059e-13,0.9998254274143009,5980,7.9254899563433625,243.11413338753366,0.0041426752676977305,0.0003362929944428711,0.0035423862238501704,0.028122269131445634,0.20601584724950922,1000,41,0.4338970962369886,1.0,9576.281779058041,0.0,125772.28156681452,4.903588879640407,3.3468962983328268e-06,8.446406682779668e-05,4.675566763931803e-05,0.00022177102265460763,0.0005875208291805119,0.9999820928318349,243,0.9999655344227854,3.3470116541332828e-06,0.0,12.503340222762375,0.0,3.3470116541332828e-06,0.00022177866638524663,,,41,1.0,1.0,8329878.53865876,False,True,flat on the feasible set (objective invisible to the circuit),flat on the feasible set (objective invisible to the circuit)
NPP,optimality,15,20,58,0.25,0.9999744809585225,1.1435297153639112e-13,632293613.6741191,426017934.7511866,1.4856648371946417,1.4841948239653493,0.9639425217227349,7.567563632191027,7.8506378354037745,2.2439636408724115,0.2965239210314667,2.942837838451307,0.0005965759568628802,1.38751218777469,4.903785313300826,0.999878343785719,0.7170528277387553,0.0005965759567989762,6.390396024846812e-14,0.999878343785732,5983,7.92533324691673,243.08772710881505,0.004142242096520732,8.369131224568441e-05,0.0027367991109625606,0.02326884912952844,0.17608849643555927,1000,41,0.3088382424722891,1.0,9576.5948373072,0.0,176701.6523668966,4.9037258956125465,2.232021077601665e-06,5.718566720230466e-05,3.1048761656642824e-05,0.00015786438626010015,0.00040766280894583625,0.9999878833014736,243,0.9999744809586368,2.2320780372052734e-06,0.0,15.243818771117327,0.0,2.2320780372052734e-06,0.00015786841491159832,,,41,1.0,1.0,12490580.814782148,False,True,flat on the feasible set (objective invisible to the circuit),flat on the feasible set (objective invisible to the circuit)
NPP,optimality,15,20,59,0.25,0.8883298087066164,9.692247004977617e-14,1025031470.9963276,647776435.2470691,1.5838916023627765,1.582384624110893,0.9639425217227349,7.145833068465374,7.413131911324457,2.1857113077227295,0.30587214769517823,2.8283197899467742,0.0005608227946453154,1.275943617080168,4.903815437560068,0.9998856354196469,0.7398059463438894,0.0005608227945889918,5.6323543919101215e-14,0.9998856354196585,5977,7.925289786797319,243.08040438140284,0.004140542136210015,1.4514266787759843e-05,0.002695386570059684,0.023909568584329712,0.1708537858426441,1000,41,0.2921931869684384,1.0,9576.747989415742,0.0,186767.62564226534,4.903761048875543,2.0832139490488377e-06,5.230547057446191e-05,2.9293840286758376e-05,0.00014912445097111556,0.00038240450338725493,0.9999889089046646,243,0.9999767462041316,2.0832623919191024e-06,0.0,14.797474000458687,0.0,2.0832623919191024e-06,0.0001491279187612967,,,41,1.0,1.0,13382801.926454006,False,False,flat on the feasible set (objective invisible to the circuit),flat on the feasible set (objective invisible to the circuit)
NPP,optimality,15,20,60,0.25,0.9999819339219849,1.0791367799356522e-13,696223952.0740695,469229010.87045383,1.4851494364794613,1.4837615235735822,0.9639425217227349,7.87101735916283,8.165442629396551,2.808495585719546,0.35681481282087535,2.4593504339336465,0.00037042694654094304,1.3881250757772985,4.903879443811206,0.9999244624687892,0.71693327870669,0.00036737411229126175,3.0528342496812964e-06,0.9999250849566749,4685,7.92519744529627,243.06484621391758,0.004141896324389314,5.221331041435551e-06,0.0020029565626768315,0.018276139719422914,0.14385181299006305,1000,41,0.196771863218175,1.0,9576.862725807056,0.0,277337.55663244205,4.903842426718877,1.3213131481733675e-06,3.569577918204477e-05,1.7792388314935787e-05,0.00010059102414677235,0.00025204353407914736,0.9999924514677098,243,0.9999819339220928,1.3213370186627327e-06,0.0,19.771106231228462,0.0,1.3213370186627327e-06,0.00010059284146488317,,,41,1.0,1.0,21099645.981282342,False,False,flat on the feasible set (objective invisible to the circuit),flat on the feasible set (objective invisible to the circuit)
NPP,optimality,15,20,61,0.25,0.9999824157983723,1.2234657731369225e-13,749222933.803685,504965970.93201417,1.4850827381884106,1.4837097486407775,0.9639425217227349,7.900445805329335,8.195971883478954,2.870271540748152,0.3633050098023554,2.4166714490708303,0.0003520554855348249,1.388194112031081,4.903885444941767,0.9999282088683581,0.7169195472412659,0.0003519791616610782,7.63238737466732e-08,0.9999282244312003,3295,7.925188787494728,243.0633875543768,0.004141851177590948,5.517203456022766e-06,0.0019259633264714728,0.017835155844050172,0.14090568217552116,1000,28,0.18763872000409362,1.0,9576.883181043015,0.0,207234.0861149646,4.903850055601305,1.2507220989206952e-06,3.413861836271177e-05,1.6720185785086303e-05,9.59230234019019e-05,0.0002394122763481705,0.9999927834080019,243,0.9999824157984947,1.2507440913686665e-06,0.0,20.312246595281113,0.0,1.2507440913686665e-06,9.592471016044659e-05,,,28,1.0,1.0,16036045.15086458,False,False,flat on the feasible set (objective invisible to the circuit),flat on the feasible set (objective invisible to the circuit)
NPP,optimality,15,20,52,0.5,0.9628025170604079,1.0891287871572786e-13,1819778917.939402,779909751.9830137,2.334751923936785,2.3333198659362786,0.9639425217227349,5.159377199186911,5.3523701703356705,2.1422220966340926,0.41520943593185916,1.9584499123858992,0.00024061515835461936,0.6579256439621095,4.903918980761748,0.9999509341081493,0.8658367630984167,0.00024060989681357905,5.261541040314441e-09,0.9999509351810224,5980,7.925140405533705,243.05523636107324,0.0041320995063062835,4.229207278936343e-05,0.002298266348088521,0.023552035466361348,0.12151383477958619,1000,41,0.11442714575621347,1.0,9577.538428575637,0.0,476916.7962574862,4.903883947732433,7.116303351533084e-07,3.432139897882079e-05,9.478042187211593e-06,5.810789158037798e-05,0.00017302922458720446,0.999992856115802,243,0.9999845462560641,7.11641331788061e-07,0.0,16.985700901404783,0.0,7.11641331788061e-07,5.810878957873255e-05,,,41,1.0,1.0,39176575.669849046,False,False,flat on the feasible set (objective invisible to the circuit),flat on the feasible set (objective invisible to the circuit)
NPP,optimality,15,20,53,0.5,0.9133800503099488,9.936496070395151e-14,2616010570.5843306,1075430860.6993651,2.4338021636111633,2.432523248294278,0.9639425217227349,5.043399956500231,5.232054653514805,2.309468525270942,0.45791897235799495,1.7664052963436263,0.00016442688804049483,0.6013426753241147,4.90392328719124,0.9999664703384594,0.8773751871496875,0.0001644265790324849,3.0900800993514943e-10,0.9999664704014697,5978,7.925134192669145,243.05418966307425,0.004131197432269942,0.00010033002022076313,0.0017762548138109022,0.021172178212405898,0.10677976267546305,1000,41,0.06971167761555717,1.0,9577.638301234912,0.0,782827.6355633588,4.903888652184678,4.1630017923132147e-07,3.42187063832247e-05,5.1561989331151754e-06,3.5446089411770684e-05,0.00012382459969607942,0.9999929372862228,243,0.9999848405799265,4.1630648930811233e-07,0.0,21.20962763938907,0.0,4.1630648930811233e-07,3.5446626762075954e-05,,,41,1.0,1.0,66969079.25536846,False,False,flat on the feasible set (objective invisible to the circuit),flat on the feasible set (objective invisible to the circuit)
NPP,optimality,15,20,54,0.5,0.9628143521354631,9.336975637097567e-14,1696531526.1273644,724335051.8461417,2.3436091706465536,2.342191671938762,0.9639425217227349,5.169837490503383,5.363221741960271,2.211261426441255,0.42772358521968673,1.9020342499934542,0.00021961513616230186,0.6526731123349024,4.903925494345961,0.999955216461503,0.8669080284585462,0.00021961506630195608,6.986034577975524e-11,0.9999552164757481,5979,7.925131008418048,243.05365320547637,0.004132003094039995,7.292205432468794e-06,0.0021950115902988725,0.022704986669435254,0.11738109130502591,1000,41,0.10233426707583143,1.0,9577.56433062428,0.0,533274.2327504314,4.903891351554519,6.294165403731814e-07,3.351337490190712e-05,8.29914768104365e-06,5.198125424045793e-05,0.0001593347342410823,0.9999930376610572,243,0.9999850092993832,6.294259750213683e-07,0.0,17.98495593837778,0.0,6.294259750213683e-07,5.1982033487559396e-05,,,41,1.0,1.0,44293783.033525825,False,False,flat on the feasible set (objective invisible to the circuit),flat on the feasible set (objective invisible to the circuit)
NPP,optimality,15,20,55,0.5,0.9628075169930558,1.0802470029602773e-13,1324032150.9889326,565730859.547434,2.3418969084500634,2.340392306066023,0.9639425217227349,5.082805742688013,5.272934462528061,1.987274743493033,0.3909798729475099,2.072618914144479,0.000290407111044376,0.6537185556405282,4.903907065155532,0.9999407804619488,0.8666943424997808,0.000290406932545511,1.7849886499443635e-10,0.999940780498346,5977,7.925157596119688,243.05813252881094,0.004132172657773217,3.5670672121622167e-06,0.0026603912701167447,0.025655112256320712,0.13039995190573253,1000,41,0.14134947027043776,1.0,9577.489728229655,0.0,386080.17175112927,4.9038684289449925,8.998258379319962e-07,3.7736384700558226e-05,1.2293356147553305e-05,7.174226349594767e-05,0.00020637149140088153,0.9999921213412029,243,0.9999835728943338,8.998406188207775e-07,0.0,15.081843696286374,0.0,8.998406188207775e-07,7.17434420330508e-05,,,41,1.0,1.0,30982928.572523467,False,False,flat on the feasible set (objective invisible to the circuit),flat on the feasible set (objective invisible to the circuit)
NPP,optimality,15,20,56,0.5,0.9628460919009004,7.938094626069869e-14,2076332638.214808,886309852.2487215,2.34400504286824,2.3426712824491265,0.9639425217227349,5.235408206177341,5.431245212443523,2.3928301048178606,0.4570474756857589,1.7851103076036168,0.000172969787801218,0.6524004307473552,4.903933108536644,0.999964728354981,0.866963839777571,0.00017296922540031563,5.624009023785272e-10,0.9999647284696606,5981,7.925120023462827,243.0518025556464,0.004131861682239909,4.233056859834102e-05,0.0018115998478540323,0.020621688850946986,0.10796295903548363,1000,41,0.07610543161068288,1.0,9577.608941938255,0.0,717060.8799396319,4.90390070994336,4.564188943866136e-07,3.194217438818635e-05,5.77752539450164e-06,3.8698190351529015e-05,0.0001284940720549997,0.999993393345185,243,0.9999855933042217,4.5642546908132315e-07,0.0,21.07631314404819,0.0,4.5642546908132315e-07,3.869874787261662e-05,,,41,1.0,1.0,61082571.371542916,False,False,flat on the feasible set (objective invisible to the circuit),flat on the feasible set (objective invisible to the circuit)
NPP,optimality,15,20,57,0.5,0.9999793950996244,1.176836406102666e-13,698237460.5024233,306470858.83956367,2.2799246106077775,2.2783159976327405,0.9639425217227349,5.077823816162687,5.2677661807964675,1.7321957870850662,0.34112955663634803,2.374951679892248,0.0004168688647743466,0.6913551366844704,4.903853140961598,0.9999149915683053,0.8590179769231624,0.00041686886473623404,3.811257949862257e-14,0.9999149915683131,5980,7.925235392286978,243.0712395960972,0.004132909995559591,0.0003362929852131671,0.003513137915461005,0.029816962381944444,0.15140528170866444,1000,41,0.2066221084212114,1.0,9577.306748879006,0.0,264116.1111747685,4.903802437801255,1.3885811836528254e-06,4.931457915983971e-05,1.9355206409162247e-05,0.00010487233569357692,0.0002926413226721253,0.9999896605467403,243,0.9999793950997421,1.388609794930975e-06,0.0,12.50325391151096,0.0,1.388609794930975e-06,0.00010487449662211942,,,41,1.0,1.0,20077500.679007024,False,False,flat on the feasible set (objective invisible to the circuit),flat on the feasible set (objective invisible to the circuit)
NPP,optimality,15,20,58,0.5,0.9999825548540118,1.0591527654923993e-13,970367049.6353879,426017943.1638274,2.27923099769999,2.277760984499726,0.9639425217227349,5.203268618647628,5.397903403356946,1.9977419772143006,0.3839398123815353,2.122058877111003,0.00029927463208256715,0.6917396902672134,4.903893166536042,0.9999389720326445,0.8589407096003608,0.0002992746320755562,7.01093913826889e-15,0.9999389720326458,5982,7.925177647589018,243.06151072477073,0.004132646129764352,8.369131059413867e-05,0.002723995670893918,0.025471242227542136,0.1325337153605423,1000,41,0.1450314356237541,1.0,9577.44080705903,0.0,376278.61521356675,4.903852259516017,9.289270749831715e-07,3.9978092949505734e-05,1.256241738260007e-05,7.36492889740532e-05,0.00021306292572579339,0.9999916582562801,243,0.9999825548541177,9.289432796460283e-07,0.0,15.243757532439886,0.0,9.289432796460283e-07,7.36505738199458e-05,,,41,1.0,1.0,30012301.73503072,False,False,flat on the feasible set (objective invisible to the circuit),flat on the feasible set (objective invisible to the circuit)
NPP,optimality,15,20,59,0.5,0.8885348375782499,9.336975637097567e-14,1607653869.059868,647776443.6597099,2.483310515232187,2.4818035369998745,0.9639425217227349,4.81249728721285,4.992514780458145,1.919960031119338,0.3989529586272826,2.004497334898376,0.00027369803531617225,0.5749517567016189,4.903911813326699,0.9999441878145988,0.8827565057064953,0.0002736980352995079,1.6664350021428076e-14,0.9999441878146023,5977,7.925150745956785,243.05697844994953,0.004131192826825416,1.4514266597791547e-05,0.0026839162833311686,0.02648850275413381,0.12747584764659908,1000,41,0.1315810390405328,1.0,9577.560631131408,0.0,414742.33793009544,4.903874139128491,8.295814856145385e-07,3.6844616722582964e-05,1.1307355741709855e-05,6.673883994411388e-05,0.00019565183963032222,0.9999923175212683,243,0.999983931478273,8.295948150886903e-07,0.0,14.7974210297291,0.0,8.295948150886903e-07,6.673991235586023e-05,,,41,1.0,1.0,33606390.874361165,False,False,flat on the feasible set (objective invisible to the circuit),flat on the feasible set (objective invisible to the circuit)
NPP,optimality,15,20,60,0.5,0.9999855088166132,1.092459456231154e-13,1068527759.2856437,469229019.2830946,2.2785867121329684,2.2771987992519724,0.9639425217227349,5.351281181457393,5.551452561604724,2.3647802742517485,0.44190917914123007,1.8552838534323777,0.00019757631417480456,0.6921289412298675,4.903931934971352,0.9999597106328565,0.8588624494777147,0.00019536475639636794,2.211557778436621e-06,0.9999601615913328,4685,7.925121716559988,243.05208779302976,0.004132429024631044,5.221330947824157e-06,0.0020029790539797254,0.021096683667950266,0.1128942863034618,1000,41,0.09053525401907551,1.0,9577.561507940705,0.0,602773.2329269606,4.903899354630209,5.508466117956777e-07,3.202949453106435e-05,7.146670406662841e-06,4.602480630706019e-05,0.000144404837460474,0.9999933562819437,243,0.9999855088167224,5.50854593442385e-07,0.0,19.77107124534253,0.0,5.50854593442385e-07,4.602547327062879e-05,,,41,1.0,1.0,50611620.52193049,False,False,flat on the feasible set (objective invisible to the circuit),flat on the feasible set (objective invisible to the circuit)
NPP,optimality,15,20,61,0.5,0.999985640765757,1.0325074129013956e-13,1149889938.6730046,504965979.3446549,2.278536176172169,2.2771631866474102,0.9639425217227349,5.363783754970461,5.564422809551378,2.398905033983312,0.44724119084038705,1.8341039644832953,0.00018944452561411632,0.6921536885813577,4.903933609518336,0.9999613688641203,0.8588574512432396,0.0001894105611656569,3.396444845941353e-08,0.9999613757898129,3295,7.925119300699036,243.0516807911756,0.004132401780192474,5.517203364107166e-06,0.0019270795423563707,0.02073576882412073,0.11122217996564172,1000,28,0.08611292383203079,1.0,9577.569840869864,0.0,451559.8464137418,4.903901471520162,5.215705484699305e-07,3.1616427624734854e-05,6.7183455774066505e-06,4.378354109670216e-05,0.00013894263894051258,0.9999934464858758,243,0.9999856407658603,5.215780370429379e-07,0.0,20.312214180016614,0.0,5.215780370429379e-07,4.3784169802959806e-05,,,28,1.0,1.0,38454310.98078,False,False,flat on the feasible set (objective invisible to the circuit),flat on the feasible set (objective invisible to the circuit)
NPP,optimality,15,20,52,0.75,0.9628497323283081,1.0080825063596421e-13,2637814888.9867587,779909766.3645182,3.38363728574385,3.3822052277697514,0.9639425217227349,3.658173534549582,3.7950121009412285,1.7511350055620016,0.47869107056388255,1.5385627060559917,0.00015049926403177752,0.24938029900479242,4.903942618273949,0.9999693105576988,0.9491469785809673,0.00015049677351655524,2.490515222275825e-09,0.999969311065543,5980,7.925106303812047,243.04949120785457,0.004126787007758776,4.229207201194493e-05,0.0023068941006427397,0.028103081766006104,0.10280594995568645,1000,41,0.057307185756315535,1.0,9577.919930750917,0.0,952275.4788726929,4.903908984589784,3.3493478594417565e-07,3.329874937914649e-05,4.475473951009773e-06,2.9031265957784625e-05,0.00011699252412294949,0.9999931415012812,243,0.9999861084540376,3.34939437882614e-07,0.0,16.985687946918066,0.0,3.34939437882614e-07,2.903166925255241e-05,,,41,1.0,1.0,83237814.8821774,False,False,flat on the feasible set (objective invisible to the circuit),flat on the feasible set (objective invisible to the circuit)
NPP,optimality,15,20,53,0.75,0.9134428566651249,1.0391687510491465e-13,3902435740.653891,1075430875.0808694,3.6299972560861575,3.6287183407863743,0.9639425217227349,3.447245165813269,3.5761936921845043,1.7506042012870013,0.5078270088382302,1.4185403201162607,0.00011158954815925489,0.1976363474888963,4.903938498847346,0.9999772449128012,0.9596984449263892,0.00011158934569008683,2.0246916805893161e-10,0.9999772449540872,5974,7.925112246888456,243.0504924344698,0.004125865497783019,0.00010033001887907148,0.001792913335074322,0.027319765923298742,0.09417793101024168,1000,41,0.0324677445404691,1.0,9577.988836266051,0.0,1680813.636158826,4.903902929134798,1.853950124028129e-07,3.538431753507965e-05,2.5647366419377947e-06,1.6490443244180142e-05,9.253436827214385e-05,0.9999927467050094,243,0.9999857315774625,1.8539765684676097e-07,0.0,21.209618474020782,0.0,1.8539765684676097e-07,1.6490678541037634e-05,,,41,1.0,1.0,150377506.97242188,False,False,flat on the feasible set (objective invisible to the circuit),flat on the feasible set (objective invisible to the circuit)
NPP,optimality,15,20,54,0.75,0.9628573740298834,8.670841822322473e-14,2450490508.0539174,724335066.2276461,3.3845072071706763,3.383089708491029,0.9639425217227349,3.6699200889949672,3.8071980499793434,1.7893371810189278,0.4875684313630246,1.5122792931242446,0.0001408175745054342,0.2491739703243266,4.903945287185442,0.9999712848398057,0.9491890802747237,0.0001408174748892271,9.961620710177005e-11,0.9999712848601187,5978,7.92510245338665,243.04884253113616,0.004126762858831381,7.292205285050509e-06,0.0022050052778968534,0.02738808892364576,0.10051209774006811,1000,41,0.05138555167318623,1.0,9577.93043609291,0.0,1062015.021382331,4.903911851880175,2.984477569772503e-07,3.313685750985027e-05,4.005953972633332e-06,2.6045077855874934e-05,0.00011076654267651502,0.9999931819579321,243,0.9999862866865153,2.9845184885284826e-07,0.0,17.984944808427056,0.0,2.9845184885284826e-07,2.6045435025090277e-05,,,41,1.0,1.0,93414137.19308224,False,False,flat on the feasible set (objective invisible to the circuit),flat on the feasible set (objective invisible to the circuit)
NPP,optimality,15,20,55,0.75,0.9628533764992603,1.0891287871572786e-13,1914874248.3579555,565730873.9289384,3.386284073650522,3.384779471304731,0.9639425217227349,3.628039282985959,3.7637506399261382,1.6693377390258748,0.46012118635385113,1.5959003974940569,0.00017523103637859252,0.24877594485512128,4.903939351925509,0.9999642672912931,0.9492701832135341,0.00017522823369821482,2.8026803777086995e-09,0.9999642678627888,5972,7.925111016156823,243.05028509349088,0.0041268603058745405,3.567067121483424e-06,0.0026651104513937163,0.02979857779461442,0.10811041081597421,1000,41,0.07168800883788082,1.0,9577.896822092465,0.0,761246.2480629691,4.903904811986567,4.250747680226239e-07,3.4114864174090684e-05,5.718839821539324e-06,3.6283978874507715e-05,0.0001332282176826213,0.9999929566953294,243,0.9999858488286808,4.2508078252544283e-07,0.0,15.081826916785397,0.0,4.2508078252544283e-07,3.628449234257508e-05,,,41,1.0,1.0,65586672.736053415,False,False,flat on the feasible set (objective invisible to the circuit),flat on the feasible set (objective invisible to the circuit)
NPP,optimality,15,20,56,0.75,0.9628786891400857,9.969802761133906e-14,2993672391.3182507,886309866.6302259,3.3790152057144174,3.3776814453169455,0.9639425217227349,3.7017305701344867,3.840198442038684,1.8742523336833128,0.5063178689461507,1.4607361021828924,0.00011846595867879433,0.25044486530258153,4.9039457887769,0.9999758427266978,0.9489299278397926,0.00011846267603209878,3.2826466955516694e-09,0.9999758433960705,5979,7.925101729743209,243.04872061995485,0.004126691451287896,4.233056791147373e-05,0.0018250356970691056,0.025758951157352935,0.09535269695377448,1000,41,0.037936332597823225,1.0,9577.948115313062,0.0,1438521.438998378,4.90391220857984,2.1745867929160686e-07,3.336273838151256e-05,2.9549057389235756e-06,1.9263255698193967e-05,9.624779724112028e-05,0.999993152412668,243,0.9999863088491537,2.1746165570376364e-07,0.0,21.07630594540894,0.0,2.1746165570376364e-07,1.926351943883264e-05,,,41,1.0,1.0,128204769.00303344,False,False,flat on the feasible set (objective invisible to the circuit),flat on the feasible set (objective invisible to the circuit)
NPP,optimality,15,20,57,0.75,0.9999839147083861,1.0247358517290195e-13,991012986.6097122,306470873.2210681,3.235237232134959,3.2336286192354082,0.9639425217227349,3.7179431615102003,3.857017485716453,1.534107397770655,0.4126226064057182,1.795181122123225,0.00024470620874765184,0.28669728847226106,4.903913607926782,0.9999500998124534,0.9415370433914582,0.00024470620874238966,5.262175244158396e-15,0.9999500998124545,5979,7.925148156896115,243.0565422602623,0.004127596786539839,0.00033629296943222517,0.003507661422301027,0.032949798356479924,0.12250547747261457,1000,41,0.1101253386096157,1.0,9577.78191915261,0.0,495546.51497958455,4.9038738719051205,6.803998565886532e-07,3.905562180448296e-05,9.277130515161254e-06,5.570926799789033e-05,0.0001797198102345827,0.9999918970795902,243,0.9999839147084886,6.804108003065688e-07,0.0,12.5032262428452,0.0,6.804108003065688e-07,5.571016411212022e-05,,,41,1.0,1.0,40974787.699718386,False,False,flat on the feasible set (objective invisible to the circuit),flat on the feasible set (objective invisible to the circuit)
NPP,optimality,15,20,58,0.75,0.9999851096867194,1.0436096431476471e-13,1377305484.3535647,426017957.5453318,3.2344451963787035,3.2329751832280644,0.9639425217227349,3.781812679980202,3.9232761235819718,1.7013474707782983,0.4498761876241858,1.656257881859021,0.00018409371868270864,0.2868819894642266,4.903929176693286,0.9999624599556703,0.941499565118583,0.00018409371867278695,9.921696710740724e-15,0.9999624599556723,5981,7.9251256959136755,243.0527581991295,0.004127417966821462,8.369130776888935e-05,0.002727446417795218,0.029215445130503934,0.11048734084580562,1000,41,0.07628125933355331,1.0,9577.847477283225,0.0,715408.0600624987,4.903892958569241,4.5596050838768047e-07,3.576216353755192e-05,6.064665344712551e-06,3.862659761959503e-05,0.00013940245571874283,0.9999926144683701,243,0.9999851096868237,4.5596729699534536e-07,0.0,15.243738574110106,0.0,4.5596729699534536e-07,3.862717279029499e-05,,,41,1.0,1.0,61143978.8680147,False,False,flat on the feasible set (objective invisible to the circuit),flat on the feasible set (objective invisible to the circuit)
NPP,optimality,15,20,59,0.75,0.8886545561375637,8.837375276016246e-14,2445217258.518096,647776458.0412143,3.7762925977814072,3.7747856195825515,0.9639425217227349,3.2717949948299303,3.3941805876377953,1.5512927489890016,0.47414118287983953,1.4876962936952127,0.0001576232922672467,0.17211442521278372,4.903943111603215,0.9999678578464961,0.964902850360245,0.00015762329222169182,4.5554868471214816e-14,0.9999678578465054,5976,7.925105592088287,243.04937130444446,0.00412564233691841,1.4514266277027629e-05,0.002692271411655274,0.03187427134001676,0.10428608143411794,1000,41,0.0605174625807072,1.0,9577.980472889003,0.0,901760.0116026547,4.90390890607931,3.540891685838664e-07,3.3851434736221047e-05,4.798932171387484e-06,3.061149615999806e-05,0.0001222128639356745,0.9999930248938198,243,0.9999861035717679,3.540940883387889e-07,0.0,14.797405287327837,0.0,3.540940883387889e-07,3.061192155725703e-05,,,41,1.0,1.0,78735081.9552957,False,False,flat on the feasible set (objective invisible to the circuit),flat on the feasible set (objective invisible to the circuit)
NPP,optimality,15,20,60,0.75,0.9999864549126132,1.2145839889399213e-13,1516707063.9668963,469229033.664599,3.2337263982081113,3.2323384853696537,0.9639425217227349,3.852855438814013,3.996976325858395,1.9093056389705434,0.49555600237061226,1.5130699130228924,0.0001322541478526062,0.2870656109350528,4.903947447986839,0.999973031083784,0.9414623394765581,0.00013039415592820385,1.8599919244023406e-06,0.9999734103583352,4684,7.925099336009445,243.04831735146794,0.004127267492602032,5.221330785762002e-06,0.002013439723776504,0.025552082695849434,0.09844848078772891,1000,41,0.04678677363348317,1.0,9577.909975190963,0.0,1166402.885277964,4.903914560320711,2.706067855597273e-07,3.261705934308079e-05,3.6277236108171715e-06,2.374007650354659e-05,0.00010488634773820225,0.9999932936340618,243,0.9999864549127346,2.7061045011372095e-07,0.0,19.77106249851769,0.0,2.7061045011372095e-07,2.3740398069310153e-05,,,41,1.0,1.0,103024909.98841313,False,False,flat on the feasible set (objective invisible to the circuit),flat on the feasible set (objective invisible to the circuit)
NPP,optimality,15,20,61,0.75,0.9999864776798583,1.0225154056797692e-13,1632183177.396655,504965993.72615933,3.2336365432206833,3.232263553735027,0.9639425217227349,3.8580745957301783,4.002390711880953,1.9255607563203965,0.4990988920876387,1.5030074042108725,0.0001281806661942982,0.2870861746528921,4.90394775622296,0.9999738617390383,0.9414581498572067,0.00012816342693644956,1.7239257848637246e-08,0.9999738652543302,3295,7.925098891318452,243.0482424351636,0.004127249380278324,5.5172032069764175e-06,0.0019381330623608772,0.025270632080616567,0.09749598364827083,1000,28,0.04441929856990954,1.0,9577.913746491731,0.0,875410.9117376199,4.903914927032987,2.562766573908059e-07,3.257291331570822e-05,3.4392503270365962e-06,2.254540185951555e-05,0.00010219601400769407,0.9999933055587854,243,0.9999864776799605,2.5628012200447073e-07,0.0,20.312206258605233,0.0,2.5628012200447073e-07,2.2545706730665697e-05,,,28,1.0,1.0,78261657.9804032,False,False,flat on the feasible set (objective invisible to the circuit),flat on the feasible set (objective invisible to the circuit)
