problem_type,M_strategy,n_bits,layers,vseed,eta_req,eta_eff,d_eta,M_star,s_conv,norm_final,gap_pen,beta_pred,beta_fit,beta_ratio,se_beta,rel_se,z_beta,D_therm,D_pred,D_unif,R_therm,R_pred,D_shape,D_shell,R_shape,n_levels,entropy_bits,n_eff_states,p_max,E_min,E_mean,E_sd,contrast,n_shots,n_cells,G2_therm,p_therm,dG2_unif,p_vs_unif,n_shots_detect,beta_identified,verdict
TSP_rand,feasibility,9,5,42,0.25,0.8400797542781278,1.5210055437364645e-14,1130607900.6753862,615707403.8568275,3.6725493102509135,1.8362746551254567,0.5185185185185185,1.1062113078536453,2.1334075222891733,0.01980274143839693,0.01790140933997475,29.677344985962797,0.2061622883172784,0.8502212309679134,3.4580691863143738,0.9403822546023126,0.7541341178676407,0.2060771841838697,8.510413340870326e-05,0.9404053982649059,83,4.011060733853331,16.12313889610835,0.1400132923796907,0.006666663376610107,0.85555729271464,2.40871354305171,2.66454615870402,1000,12,109.52682733873175,6.646536281734501e-19,6727.339960655061,0.0,167.14661145672818,True,near-thermal (small but resolvable deviation)
TSP_rand,feasibility,9,5,43,0.25,0.840079543433883,1.1102230246251565e-14,740942338.3884132,403503003.25653356,3.672549311447613,1.8362746557238065,0.5185185185185185,1.1062111469660267,2.133407212005909,0.01980273841668917,0.017901409211976905,29.677341389927065,0.20616231981109362,0.8502209522520403,3.4580685928244423,0.9403822352630933,0.7541341562696978,0.20607720797352114,8.511183757248242e-05,0.9404053810243451,83,4.01106159007828,16.12314846503143,0.1400132572389825,0.006666661656269699,0.8555577867924881,2.408713381987696,2.6645455930010264,1000,12,109.54104988891649,6.60280227207947e-19,6727.332685363005,0.0,167.12490953701806,True,near-thermal (small but resolvable deviation)
TSP_rand,feasibility,9,5,44,0.25,0.8400794348582129,1.0658141036401503e-14,783924661.5767479,426910353.2767033,3.672549309520468,1.836274654760234,0.5185185185185185,1.1062110648573975,2.1334070536535523,0.019802736873500235,0.017901409145688687,29.67733955629747,0.20616233601075218,0.8502208095818963,3.4580682871168626,0.940382225308038,0.7541341757913169,0.20607722021020275,8.511580054942902e-05,0.9404053721488305,83,4.011062031121095,16.123153394000944,0.14001323914303737,0.006666661930673095,0.8555580418594759,2.408713297599541,2.664545301873762,1000,12,109.54742079051316,6.583305196234366e-19,6727.356649661244,0.0,167.1151901265077,True,near-thermal (small but resolvable deviation)
TSP_rand,feasibility,9,5,45,0.25,0.8400795970678505,9.769962616701378e-15,1007238614.198286,548522853.690565,3.672549311013735,1.8362746555068674,0.5185185185185185,1.1062111879122578,2.1334072909736403,0.019802739185481307,0.01790140924433682,29.677342305483453,0.20616231185024136,0.8502210232104517,3.458068743749413,0.9403822401671779,0.7541341464806743,0.20607720197348264,8.510987675872106e-05,0.9404053853942931,83,4.011061372339586,16.12314603164604,0.14001326617797683,0.006666662975655885,0.8555576620383172,2.408713423081111,2.664545737086757,1000,12,109.53796481307998,6.612264338627161e-19,6727.337535539627,0.0,167.1296165171137,True,near-thermal (small but resolvable deviation)
TSP_rand,feasibility,9,5,46,0.25,0.8400793505361108,1.6986412276764895e-14,715366796.4972556,389575053.170935,3.672549310714575,1.8362746553572875,0.5185185185185185,1.1062110002945194,2.13340692913943,0.01980273566072463,0.017901409094153213,29.677338113520815,0.20616234839888134,0.8502206977003168,3.4580680496849743,0.940382217632281,0.7541341912638848,0.2060772295252349,8.511887364642812e-05,0.9404053653102087,83,4.011062373662912,16.123157222152255,0.1400132250893547,0.006666661478604572,0.8555582397858417,2.408713233575084,2.66454507553574,1000,12,109.46574505800154,6.837675418257623e-19,6727.382852174113,0.0,167.2398798690401,True,near-thermal (small but resolvable deviation)
TSP_rand,feasibility,9,5,47,0.25,0.8400796368281103,1.176836406102666e-14,1070670243.294444,583066503.7949595,3.672549310673331,1.8362746553366656,0.5185185185185185,1.1062112182887394,2.1334073495568546,0.019802739755976767,0.017901409268485585,29.67734298446488,0.2061623058957587,0.8502210758017104,3.45806885567023,0.9403822438186237,0.7541341392298785,0.20607719747202954,8.510842372916327e-05,0.9404053886499255,83,4.011061210871965,16.12314422713033,0.14001327280468717,0.006666663193135402,0.8555575687203922,2.4087134533480525,2.664545843736626,1000,12,109.53507967708771,6.621125431824035e-19,6727.339870396522,0.0,167.1340186837384,True,near-thermal (small but resolvable deviation)
TSP_rand,feasibility,9,5,48,0.25,0.8400796432074361,1.1657341758564144e-14,1166711356.0251892,635368653.9293975,3.672549310733969,1.8362746553669844,0.5185185185185185,1.1062112231223726,2.133407358878862,0.019802739846758313,0.017901409272329964,29.677343092504383,0.20616230497419955,0.8502210842173266,3.4580688736205447,0.9403822443945858,0.7541341380725138,0.20607719678320882,8.510819099072364e-05,0.940405389162488,83,4.01106118497517,16.123143937715206,0.1400132738679081,0.006666663477658253,0.8555575540537562,2.4087134583502405,2.6645458609129395,1000,12,109.53537538217886,6.620216690252378e-19,6727.336662874885,0.0,167.13356748356622,True,near-thermal (small but resolvable deviation)
TSP_rand,feasibility,9,5,49,0.25,0.8400794554934481,1.4876988529977098e-14,992757843.7142074,540636903.5999457,3.672549310280961,1.8362746551404805,0.5185185185185185,1.1062110803211334,2.1334070834764716,0.019802737164119517,0.017901409158160644,29.677339901650168,0.20616233307339252,0.8502208366345168,3.4580683451893472,0.9403822271586411,0.754134172097179,0.20607721802437978,8.511504901273503e-05,0.9404053737947085,83,4.011061947340245,16.123152457689795,0.14001324258224396,0.0066666629229347385,0.8555579946417954,2.4087133141911914,2.6645453574753355,1000,12,109.54291747723468,6.597080865354484e-19,6727.340071489672,0.0,167.12206023798606,True,near-thermal (small but resolvable deviation)
TSP_rand,feasibility,9,5,50,0.25,0.8400794469937899,1.1435297153639112e-14,926727978.233248,504678303.49846756,3.672549312340557,1.8362746561702785,0.5185185185185185,1.1062110732343091,2.133407069809025,0.019802737031343883,0.017901409152816735,29.677339742763213,0.20616233416044222,0.8502208245535248,3.4580683212218712,0.9403822264310854,0.7541341738866778,0.20607721880664004,8.511535380217872e-05,0.9404053731501835,83,4.011061981917958,16.12315284412056,0.14001324116563366,0.006666662657532327,0.8555580147413634,2.408713308866516,2.6645453345149925,1000,12,109.47390913918684,6.8118139510593625e-19,6727.373718020178,0.0,167.22740785659983,True,near-thermal (small but resolvable deviation)
TSP_rand,feasibility,9,5,51,0.25,0.8400792913404357,1.609823385706477e-14,1091865167.8948662,594608853.7556872,3.6725493103521516,1.8362746551760758,0.5185185185185185,1.1062109552860357,2.133406842337355,0.01980273481488998,0.01790140905788583,29.677337108287805,0.20616235750370834,0.8502206198320201,3.458067882983994,0.9403822121253995,0.7541342019294434,0.2060772364650329,8.512103867544529e-05,0.9404053603930916,83,4.011062614161559,16.123159909898252,0.14001321522340882,0.006666663261002755,0.8555583808543641,2.4087131885094784,2.6645449172711433,1000,12,109.47116303508206,6.820501901847757e-19,6727.379554853019,0.0,167.2316027866473,True,near-thermal (small but resolvable deviation)
TSP_rand,feasibility,9,5,42,0.5,0.8401172075568968,1.765254609153999e-14,1712836730.8760061,615707422.6240697,5.563800818174664,2.781900409087332,0.5185185185185185,0.7302382947361993,1.408316711276956,0.013072655155500058,0.017901903049637506,16.195621600911267,0.20599267732888693,0.3713229806863371,3.4582803020121373,0.9404349389466684,0.8926278530776439,0.20590737936040748,8.529796847944748e-05,0.940458135206476,83,4.010756158283055,16.11973540766706,0.1400195345928192,0.00666666317340501,1.2922590902210374,3.6483277195502106,2.6641486125631526,1000,12,109.39188410434188,7.076146912188483e-19,6727.885845302437,0.0,167.35279955333107,True,near-thermal (small but resolvable deviation)
TSP_rand,feasibility,9,5,43,0.5,0.840117115646292,1.3988810110276972e-14,1122505221.7487245,403503022.02377576,5.56380081675117,2.781900408375585,0.5185185185185185,0.7302382488128136,1.4083166227104265,0.01307265429243448,0.01790190299356049,16.195619157222218,0.20599269031643866,0.3713229290229444,3.4582800429808325,0.9404349307296452,0.8926278599743224,0.20590738896740785,8.53013490308141e-05,0.9404581279103307,83,4.010756531986255,16.119739583183936,0.1400195192743844,0.006666661346198035,1.2922594147518631,3.64832760855337,2.6641483639654533,1000,12,109.40120074987178,7.045614879748387e-19,6727.881375503806,0.0,167.33854772884297,True,near-thermal (small but resolvable deviation)
TSP_rand,feasibility,9,5,44,0.5,0.8401170683286255,1.5987211554602254e-14,1187622138.299048,426910372.0439455,5.56380081661167,2.781900408305835,0.5185185185185185,0.7302382250808738,1.4083165769416852,0.013072653846353623,0.01790190296448235,16.19561789448059,0.20599269703335243,0.3713229023471941,3.458279909579208,0.9404349264896789,0.8926278635460785,0.20590739394554042,8.530308781201645e-05,0.9404581241440171,83,4.010756724444109,16.11974173358343,0.1400195113881071,0.006666661637602542,1.2922595832935793,3.648327552077474,2.6641482361427036,1000,12,109.40538215701683,7.0319545882361685e-19,6727.897425874581,0.0,167.33215215135564,True,near-thermal (small but resolvable deviation)
TSP_rand,feasibility,9,5,45,0.5,0.840117139024727,1.454392162258955e-14,1525936003.5997815,548522872.4578072,5.563800819325571,2.7819004096627853,0.5185185185185185,0.7302382601946568,1.408316644661124,0.013072654506509481,0.017901903007690605,16.195619762666656,0.20599268705454277,0.3713229418395072,3.4582801088385846,0.9404349328071859,0.8926278583130125,0.20590738656595622,8.530048858654271e-05,0.9404581297534824,83,4.010756436973607,16.119738521574213,0.14001952317079053,0.006666662747561699,1.2922593337365238,3.648327638465965,2.6641484273334672,1000,12,109.39918160310576,7.052220739266796e-19,6727.8845034385295,0.0,167.34163624452037,True,near-thermal (small but resolvable deviation)
TSP_rand,feasibility,9,5,46,0.5,0.8401170316080984,1.1657341758564144e-14,1083759051.8640354,389575071.93817717,5.563800817502103,2.7819004087510515,0.5185185185185185,0.7302382065396087,1.4083165411835312,0.01307265349798168,0.017901902941958172,16.1956169077516,0.20599270217025,0.3713228814210692,3.4582798060627504,0.9404349232213305,0.8926278663831368,0.20590739773421693,8.530443603307902e-05,0.940458121242932,83,4.010756873786755,16.1197434022417,0.14001950526801854,0.006666661157447342,1.2922597135221823,3.6483275086904063,2.664148136815201,1000,12,109.35157642521474,7.20977068899084e-19,6727.914915908039,0.0,167.41448684825576,True,near-thermal (small but resolvable deviation)
TSP_rand,feasibility,9,5,47,0.5,0.8401171563586929,1.4210854715202004e-14,1622032997.9551024,583066522.5622017,5.563800819252363,2.7819004096261817,0.5185185185185185,0.7302382689015428,1.4083166614529754,0.013072654670111379,0.017901903018279024,16.19562022601951,0.20599268459741332,0.3713229516316052,3.458280157693603,0.9404349343591659,0.8926278569983619,0.20590738474641104,8.529985100227955e-05,0.9404581311317817,83,4.010756366490739,16.119737734044378,0.14001952605978468,0.006666662978554599,1.2922592723268642,3.6483276591452887,2.664148474199873,1000,12,109.39729117627252,7.058411082832631e-19,6727.885985676829,0.0,167.3445279716927,True,near-thermal (small but resolvable deviation)
TSP_rand,feasibility,9,5,48,0.5,0.8401171591360684,1.2323475573339238e-14,1767532370.6353083,635368672.6966397,5.563800818612997,2.7819004093064983,0.5185185185185185,0.7302382703764586,1.408316664297456,0.013072654697731815,0.017901903019945105,16.195620304625255,0.20599268422116304,0.3713229533150486,3.4582801655147932,0.9404349346026742,0.8926278567544067,0.20590738447227996,8.529974888307756e-05,0.9404581313474721,83,4.010756355207164,16.119737607969036,0.14001952652268018,0.006666663280741261,1.292259262635092,3.6483276621173983,2.664148481751198,1000,12,109.39748431080375,7.057778400654307e-19,6727.883848717957,0.0,167.34423253521933,True,near-thermal (small but resolvable deviation)
TSP_rand,feasibility,9,5,49,0.5,0.8401170773058307,1.3655743202889425e-14,1503998075.670097,540636922.3671879,5.563800818800226,2.781900409400113,0.5185185185185185,0.7302382292890038,1.4083165850573647,0.013072653925623203,0.01790190296987243,16.195618118177347,0.2059926958317238,0.3713229071192974,3.4582799348605215,0.9404349272725859,0.8926278629511022,0.20590739307363023,8.530275809356946e-05,0.9404581248371068,83,4.010756687970913,16.11974132605553,0.14001951288430756,0.006666662691513478,1.292259553041098,3.6483275645025097,2.6641482605685765,1000,12,109.40240260942608,7.041685798470154e-19,6727.886408218816,0.0,167.3367094014608,True,near-thermal (small but resolvable deviation)
TSP_rand,feasibility,9,5,50,0.5,0.8401170736300179,1.2101430968414206e-14,1403964831.144549,504678322.26570976,5.563800818079802,2.781900409039901,0.5185185185185185,0.7302382275415149,1.4083165816872074,0.013072653892675631,0.017901902967593458,16.195618025320712,0.20599269629295508,0.3713229051066361,3.4582799244926195,0.94043492696064,0.8926278632111845,0.20590739340128153,8.530289167354987e-05,0.9404581245615499,83,4.010756702928617,16.119741493183245,0.14001951227167178,0.006666662409622189,1.2922595656090152,3.6483275595320617,2.6641482505635534,1000,12,109.3569677309101,7.191753070014515e-19,6727.908680048564,0.0,167.40623330305277,True,near-thermal (small but resolvable deviation)
TSP_rand,feasibility,9,5,51,0.5,0.8401170057770313,1.454392162258955e-14,1654142666.0842261,594608872.5229294,5.563800819404822,2.781900409702411,0.5185185185185185,0.7302381933078858,1.4083165156652082,0.013072653249386872,0.017901902925906165,16.19561620356581,0.20599270596562108,0.37132286664564407,3.4582797331986606,0.9404349208688527,0.8926278683933422,0.20590740057958173,8.530538603934712e-05,0.9404581191492398,83,4.010756978907475,16.119744576792833,0.14001950096284108,0.0066666630505873205,1.2922598079104217,3.6483274796287284,2.664148067319595,1000,12,109.355143697385,7.197843909854505e-19,6727.912799454957,0.0,167.40902562329973,True,near-thermal (small but resolvable deviation)
TSP_rand,feasibility,9,5,42,0.75,0.8401363209062864,1.4210854715202004e-14,2335391928.208992,615707454.706882,7.586044022548972,3.793022011274486,0.5185185185185185,0.535595150814873,1.0329335051429693,0.009588310211785687,0.017902160236510173,1.780984544634815,0.20590335475879612,0.2075339039992043,3.458388195599036,0.9404626250399484,0.9399911484016453,0.20581792825686757,8.542650192855383e-05,0.940485856213624,83,4.010600500740354,16.117996285416524,0.14002272015105016,0.0066666628260236335,1.7592072561894394,4.973791137095734,2.6639384141944684,1000,12,109.32116577147418,7.312249818263676e-19,6728.166448215946,0.0,167.4610577383004,True,near-thermal (small but resolvable deviation)
TSP_rand,feasibility,9,5,43,0.75,0.8401362714571462,1.099120794378905e-14,1530495965.3294644,403503054.10658824,7.5860440200047305,3.7930220100023653,0.5185185185185185,0.5355951328180707,1.0329334704348507,0.009588309873425313,0.017902160206303145,1.7809827305311925,0.20590336152717262,0.20753390739417427,3.4583880561582934,0.9404626206823367,0.9399911450004512,0.20581793320023067,8.542832694194424e-05,0.940485852353154,83,4.01060070191079,16.117998532921685,0.14002271190952637,0.006666660816127087,1.7592074929886337,4.973791053382944,2.6639382798459694,1000,12,109.3279715984638,7.2891896486831185e-19,6728.16329639972,0.0,167.45063304121877,True,near-thermal (small but resolvable deviation)
TSP_rand,feasibility,9,5,44,0.75,0.8401362460009313,1.2545520178264269e-14,1619280559.5928802,426910404.1267579,7.5860440220711265,3.7930220110355632,0.5185185185185185,0.5355951233080456,1.032933452094088,0.009588309694764818,0.01790216019060005,1.7809817718811136,0.20590336504876544,0.20753390913319347,3.4583879843412992,0.9404626184277057,0.9399911432514645,0.2058179357831901,8.542926557533748e-05,0.9404858503542113,83,4.010600805520809,16.11799969046791,0.14002270766682412,0.006666661136595181,1.7592076171439799,4.973791012826254,2.6639382108231264,1000,12,109.33102931052356,7.278852863783729e-19,6728.17515667972,0.0,167.44594987100356,True,near-thermal (small but resolvable deviation)
TSP_rand,feasibility,9,5,45,0.75,0.8401362840330078,1.2878587085651816e-14,2080559450.6091437,548522904.5406197,7.58604402254299,3.793022011271495,0.5185185185185185,0.535595137256159,1.032933478994021,0.009588309956934257,0.01790216021387897,1.7809831778843104,0.20590335984144031,0.2075339065403577,3.458388091597473,0.9404626217798677,0.9399911458622635,0.20581793197904175,8.542786239856826e-05,0.9404858533241414,83,4.010600650782836,16.117997961712764,0.14002271400550365,0.006666662357632145,1.7592074343284096,4.97379107616901,2.6639383141242,1000,12,109.3264972715841,7.294178938162577e-19,6728.165562579825,0.0,167.45289120347107,True,near-thermal (small but resolvable deviation)
TSP_rand,feasibility,9,5,46,0.75,0.8401362262546356,1.587618925213974e-14,1477666944.4981961,389575104.02098966,7.586044022046039,3.7930220110230195,0.5185185185185185,0.5355951160501196,1.0329334380966593,0.00958830955833862,0.017902160178475884,1.7809810402658666,0.20590336773624968,0.20753391046023204,3.458387928645358,0.9404626166917887,0.9399911419013302,0.20581793774289678,8.542999335289791e-05,0.9404858488165446,83,4.010600885873097,16.118000588175427,0.14002270437577546,0.006666660608425504,1.7592077122117014,4.973790980083985,2.6639381571871197,1000,12,109.29160792104841,7.4132487662084795e-19,6728.18805841505,0.0,167.5063474818674,True,near-thermal (small but resolvable deviation)
TSP_rand,feasibility,9,5,47,0.75,0.8401362933596179,1.3211653993039363e-14,2211584276.0540543,583066554.6450142,7.586044023398061,3.7930220116990303,0.5185185185185185,0.5355951406246935,1.0329334854904804,0.00958831002029593,0.017902160219587817,1.7809835174319855,0.20590335855947106,0.20753390588980164,3.458388117899941,0.940462622603358,0.9399911465067652,0.20581793104127846,8.542751819259897e-05,0.9404858540538685,83,4.010600612836474,16.11799753777052,0.14002271555993864,0.006666662611726324,1.7592073896149367,4.973791092171547,2.6639383394494676,1000,12,109.32511611458214,7.298856023682856e-19,6728.166627288348,0.0,167.45500671673466,True,near-thermal (small but resolvable deviation)
TSP_rand,feasibility,9,5,48,0.75,0.8401362948524804,1.176836406102666e-14,2409967482.49745,635368704.7794521,7.586044022530172,3.793022011265086,0.5185185185185185,0.5355951412333061,1.0329334866642332,0.009588310031666238,0.017902160220474358,1.7809835787944437,0.20590335836658386,0.20753390581099795,3.4583881221040658,0.9404626227315073,0.9399911466025,0.2058179309035223,8.542746306156035e-05,0.9404858541669998,83,4.010600606771101,16.1179974700073,0.1400227158087488,0.006666662944109465,1.7592073825463066,4.973791094149901,2.663938343536176,1000,12,109.32525697949748,7.298378868218478e-19,6728.165052422257,0.0,167.45479095199744,True,near-thermal (small but resolvable deviation)
TSP_rand,feasibility,9,5,49,0.75,0.8401362508242396,1.3988810110276972e-14,2050647868.483793,540636954.4500003,7.586044023091074,3.793022011545537,0.5185185185185185,0.5355951250039901,1.0329334553648382,0.009588309726658644,0.01790216019346183,1.7809819428332647,0.20590336443289906,0.20753390883523648,3.458387997924051,0.9404626188396167,0.939991143573303,0.20581793534532206,8.542908757699919e-05,0.9404858507176345,83,4.01060078592502,16.1179994715409,0.1400227084707092,0.006666662295896259,1.75920759528619,4.9737910217515,2.663938224038718,1000,12,109.32884140521645,7.286247722300265e-19,6728.167047429994,0.0,167.44930082467386,True,near-thermal (small but resolvable deviation)
TSP_rand,feasibility,9,5,50,0.75,0.8401362488551445,1.532107773982716e-14,1914256106.771063,504678354.34852225,7.586044022998103,3.7930220114990516,0.5185185185185185,0.5355951242879643,1.0329334539839312,0.009588309713194758,0.01790216019225667,1.780981870657159,0.20590336467522158,0.20753390894334572,3.458387992370784,0.9404626186739472,0.9399911434456845,0.20581793551556998,8.542915965159548e-05,0.9404858505715988,83,4.010600793936743,16.11799956104904,0.14002270814252674,0.0066666619858170495,1.7592076044501366,4.973791018341791,2.663938218651132,1000,12,109.29556292820419,7.399654233647105e-19,6728.183406181476,0.0,167.50028603906793,True,near-thermal (small but resolvable deviation)
TSP_rand,feasibility,9,5,51,0.75,0.8401362123455924,1.3766765505351941e-14,2255364663.084038,594608904.6057419,7.58604402192553,3.793022010962765,0.5185185185185185,0.5355951109322648,1.0329334282265106,0.009588309462031562,0.017902160169725987,1.7809805243945567,0.20590336974668502,0.20753391151139383,3.4583878893682116,0.940462615434297,0.9399911409158599,0.20581793924049885,8.543050618617376e-05,0.9404858476987509,83,4.010600942538016,16.118001221244224,0.14002270205760117,0.006666662690879791,1.7592077818611576,4.973790957605943,2.6639381196928507,1000,12,109.2942208913999,7.404264419613898e-19,6728.186528966832,0.0,167.50234279510462,True,near-thermal (small but resolvable deviation)
TSP_rand,feasibility,9,10,42,0.25,0.9875385726846385,3.441691376337985e-14,566175050.5678356,615707252.8263862,1.8391046977888452,0.9195523488944226,1.037037037037037,3.35327907970576,3.2335191125734113,0.09499274772635448,0.02832831549907555,24.383356604665433,0.1258752742315586,1.3441619905855995,4.330372459723968,0.9709319982513508,0.6895966794802495,0.12564128004255296,0.00023399418900563185,0.9709844659604827,83,2.752593127154102,6.739273739369068,0.16458976211411244,0.006666665011915046,0.06865780837467363,0.6447313646078392,2.1619641969696137,1000,2,18.036790427041005,2.166768345229722e-05,8630.509656319902,0.0,212.9790683233177,True,near-thermal (small but resolvable deviation)
TSP_rand,feasibility,9,10,43,0.25,0.987515331779713,2.453592884421596e-14,371041995.2869415,403502852.22609246,1.8391046964844635,0.9195523482422318,1.037037037037037,3.3529326608153918,3.233185065786271,0.09496411857888248,0.0283227037896396,24.387059643528865,0.1258116012347022,1.3440092167479976,4.330179498370476,0.9709454073943015,0.6896181284739415,0.12557697949704105,0.0002346217376611448,0.9709980188951745,83,2.7528715115418283,6.740574284224597,0.16458588862995657,0.00666666415158998,0.06869633398382113,0.6447372975922059,2.16176074274276,1000,2,18.016844605265657,2.1895891417165096e-05,8630.120264220119,0.0,213.2148500393577,True,near-thermal (small but resolvable deviation)
TSP_rand,feasibility,9,10,44,0.25,0.9875037232154393,2.986499936241671e-14,392566279.2287767,426910202.2462621,1.839104697724351,0.9195523488621755,1.037037037037037,3.3527591732004347,3.2330177741575623,0.09494978414330277,0.02831989392565491,24.388914172447187,0.12578000743213258,1.3439329826405364,4.330083126251468,0.970952057093412,0.6896288261782233,0.12554509658115132,0.00023491085098126252,0.971004734961699,83,2.7530105471200064,6.741223918954558,0.16458395386924504,0.006666664289175861,0.06871563844504436,0.6447406160298288,2.161660014728908,1000,2,18.006939709534766,2.2010112984650564e-05,8629.925742363459,0.0,213.33213098170458,True,near-thermal (small but resolvable deviation)
TSP_rand,feasibility,9,10,45,0.25,0.987521156473279,3.47499806707674e-14,504395339.731127,548522702.6601238,1.8391046980735852,0.9195523490367926,1.037037037037037,3.3530195892039343,3.233268889589508,0.09497130200376082,0.028324111886954013,24.386130370995495,0.1258274891502551,1.3440474669205047,4.330227837893076,0.9709420626671972,0.6896127600587254,0.125593030449358,0.00023445870089711107,0.9709946368387313,83,2.7528017723523006,6.740248455956931,0.16458685941221915,0.006666664811257303,0.06868666420679338,0.6447357228211668,2.16181150847893,1000,2,18.02182922768074,2.1838635053866413e-05,8630.21786065429,0.0,213.15587736198364,True,near-thermal (small but resolvable deviation)
TSP_rand,feasibility,9,10,46,0.25,0.9874948941386035,2.7977620220553945e-14,358234516.8106258,389574902.14049387,1.83910470023777,0.919552350118885,1.037037037037037,3.352626998862025,3.2328903203312387,0.09493886464478697,0.028317753414564717,24.390327085632947,0.1257560317825437,1.343874988232356,4.330009784435771,0.970957102167627,0.6896369627008887,0.12552094256435964,0.00023508921818404804,0.9710098212031673,83,2.7531163569938357,6.74171835068799,0.1645824823564388,0.006666664063136631,0.06873035011101576,0.6447433095365247,2.1615838268878083,1000,2,17.999434003591023,2.209706604030203e-05,8629.77778269897,0.0,213.42108979247504,True,near-thermal (small but resolvable deviation)
TSP_rand,feasibility,9,10,47,0.25,0.9875255155815689,3.2307490016592055e-14,536160034.50006247,583066352.7645183,1.8391046986606008,0.9195523493303004,1.037037037037037,3.3530845958223643,3.2333315745429942,0.09497667415461647,0.028325164916193492,24.385435470344408,0.12583940895472165,1.3440761079500618,4.330264021664318,0.9709395528020586,0.6896087395074187,0.12560507088069087,0.0002343380740307821,0.9709920993482557,83,2.7527495702049616,6.740004572760986,0.16458758593026704,0.006666664919987036,0.06867943385143031,0.6447345840106997,2.1618496020402174,1000,2,18.025566054591437,2.1795810291937786e-05,8630.290897465327,0.0,213.1116886460073,True,near-thermal (small but resolvable deviation)
TSP_rand,feasibility,9,10,48,0.25,0.9875262135453649,2.5979218776228663e-14,584254599.455744,635368502.8989562,1.8391046984230477,0.9195523492115238,1.037037037037037,3.3530950045270034,3.233341611508182,0.09497753433036792,0.028325333520863274,24.38532421186928,0.12584132610706367,1.344080702504768,4.330269823503398,0.9709391490054419,0.6896080943479541,0.12560700240983055,0.00023432369723311308,0.9709916922354439,83,2.7527411999205227,6.739965468452634,0.16458770225756536,0.006666665062359293,0.06867827639350192,0.6447344027726628,2.1618557051837164,1000,2,18.026164588351765,2.178895882228933e-05,8630.302591920066,0.0,213.1046125683564,True,near-thermal (small but resolvable deviation)
TSP_rand,feasibility,9,10,49,0.25,0.9875058963943855,3.3639757646142243e-14,497143795.7137823,540636752.5695044,1.8391046977512666,0.9195523488756333,1.037037037037037,3.352791685615049,3.233049125414512,0.09495247038542506,0.02832042049997109,24.388566607883366,0.1257859362414147,1.3439472781942228,4.330101196956152,0.9709508091104577,0.6896268200062041,0.12555105937691066,0.00023487686450404666,0.9710034790694755,83,2.752984476603967,6.741102101388547,0.16458431606573684,0.0066666647853109795,0.06871202056267432,0.6447399703549763,2.161678811989858,1000,2,18.008789963884382,2.1988730791853274e-05,8629.962160116133,0.0,213.31021286815817,True,near-thermal (small but resolvable deviation)
TSP_rand,feasibility,9,10,50,0.25,0.9875050202796305,3.5083047578154947e-14,464077980.6300998,504678152.46802634,1.8391046981551324,0.9195523490775662,1.037037037037037,3.352778559714499,3.2330364682961243,0.09495138590514916,0.028320207915322214,24.388706921990075,0.1257834884577233,1.3439414522434927,4.33009384718971,0.9709513250990256,0.6896276386444306,0.1255486390868661,0.00023484937085721524,0.9710039890097782,83,2.752995080075592,6.741151647096755,0.16458417004661108,0.006666664652603835,0.06871348123848042,0.644740238634551,2.161671248679132,1000,2,18.008045500604638,2.1997331562117056e-05,8629.947476781474,0.0,213.31903123885087,True,near-thermal (small but resolvable deviation)
TSP_rand,feasibility,9,10,51,0.25,0.98748873285132,3.064215547965432e-14,546773829.7767937,594608702.7252461,1.8391046995134357,0.9195523497567178,1.037037037037037,3.35253470562138,3.2328013232777595,0.09493124037748005,0.02831625880510755,24.391313748531136,0.12573946676011677,1.3438346665336964,4.32995874052595,0.9709605854708806,0.6896426162318434,0.12550417237899777,0.00023529438111899448,0.9710133513283057,83,2.7531899977894367,6.74206248313454,0.16458145547522515,0.006666664954333324,0.06874062647736448,0.644745248607428,2.161530822240887,1000,2,17.994205826692152,2.215783793857981e-05,8629.674528325877,0.0,213.48309882038836,True,near-thermal (small but resolvable deviation)
TSP_rand,feasibility,9,10,42,0.5,0.9914874783779335,3.3084646133829665e-14,857372699.1191506,615707262.2100072,2.7850010930250018,1.3925005465125009,1.037037037037037,2.3784725705966463,2.293527121646766,0.07804917135930609,0.032814829283369554,17.187056700245993,0.08234189080597976,0.6715007477823706,4.364404148185966,0.981133302964116,0.8461414834688316,0.08213308176677825,0.0002088090392015074,0.9811802462117023,83,2.7034957789768903,6.513783543373208,0.16524791306299477,0.006666664910312447,0.06668583053045286,0.7964716403911745,1.8943859499285245,1000,2,10.390108735567605,0.0012669216255628282,8709.14050386842,0.0,369.7226774484061,True,near-thermal (small but resolvable deviation)
TSP_rand,feasibility,9,10,43,0.5,0.9914859647103432,3.1530333899354446e-14,561877955.5894434,403502861.60971355,2.785001094405707,1.3925005472028535,1.037037037037037,2.3784430626933806,2.2934986675971887,0.07804605383563538,0.03281392565574178,17.187365148292294,0.08233946494214565,0.6714918548658053,4.364390015632366,0.9811337977020335,0.8461430228598598,0.08213041253750075,0.00020905240464490216,0.9811807958401528,83,2.7035161679419044,6.513875600418864,0.16524766078506262,0.006666663996554028,0.06669073741898293,0.7964825009954869,1.8943882790493893,1000,2,10.389443376061836,0.0012673782426256624,8709.113340886255,0.0,369.7463551844536,True,near-thermal (small but resolvable deviation)
TSP_rand,feasibility,9,10,44,0.5,0.9914851500334523,3.4083846855992306e-14,594472703.5239339,426910211.62988317,2.785001095449653,1.3925005477248265,1.037037037037037,2.3784273899264425,2.2934835545719268,0.07804439848019801,0.032813445897379986,17.18752888113748,0.08233804345071566,0.6714869976888529,4.364382379087863,0.981134090393811,0.8461438665625832,0.08212887248958567,0.00020917096112998967,0.9811811152828102,83,2.703527185146775,6.513925344109649,0.16524752500558126,0.006666664142640478,0.06669334336388386,0.7964879509578511,1.894388758304542,1000,2,10.389069288834309,0.0012676350410578546,8709.098737598826,0.0,369.7596689265275,True,near-thermal (small but resolvable deviation)
TSP_rand,feasibility,9,10,45,0.5,0.9914863583037049,3.164135620181696e-14,763818176.5563786,548522712.0437449,2.785001093976447,1.3925005469882235,1.037037037037037,2.3784506836907284,2.29350601641606,0.07804685888417631,0.03281415898986317,17.18728550811233,0.08234011849591041,0.6714941788540305,4.3643936920004975,0.9811336638473216,0.8461426199738091,0.0821311277854446,0.0002089907104658173,0.9811806480690043,83,2.7035108640638565,6.513851653058322,0.16524772638395627,0.006666664697210145,0.06668947080186138,0.7964797736132743,1.8943878620963288,1000,2,10.389620349804014,0.0012672567743876367,8709.120399960584,0.0,369.7400570336136,True,near-thermal (small but resolvable deviation)
TSP_rand,feasibility,9,10,46,0.5,0.991484502704427,2.942091015256665e-14,542483277.7120173,389574911.52411497,2.785001095628496,1.392500547814248,1.037037037037037,2.3784150192146964,2.2934716256713146,0.0780430920474077,0.032813067280905384,17.1876580871864,0.08233685320121067,0.671483095504348,4.364376284103236,0.9811343367662606,0.8461445457968068,0.08212759677977442,0.0002092564214362519,0.9811813809465034,83,2.7035359783509048,6.5139650465056285,0.16524741711740976,0.0066666639025578876,0.06669539963405191,0.796492121482751,1.8943888244207514,1000,2,10.38876577839944,0.001267843429565712,8709.087140442563,0.0,369.7704715493132,True,near-thermal (small but resolvable deviation)
TSP_rand,feasibility,9,10,47,0.5,0.9914866465492622,2.842170943040401e-14,811920228.227973,583066362.1481394,2.7850010939979035,1.3925005469989518,1.037037037037037,2.378456285737088,2.2935114183893353,0.07804745072597147,0.03281433053615464,17.18722695261171,0.08234058737790981,0.6714958754479089,4.364396383268917,0.9811335680476765,0.8461423261136146,0.08213164261750625,0.00020894476040356214,0.9811805419050528,83,2.7035069813842383,6.513834122558598,0.16524777442488198,0.006666664812696577,0.06668853921160312,0.7964777367242977,1.8943874793615554,1000,2,10.389748342487046,0.001267168932281067,8709.12557126424,0.0,369.7355021569829,True,near-thermal (small but resolvable deviation)
TSP_rand,feasibility,9,10,48,0.5,0.9914866922115784,2.7977620220553945e-14,884751000.6278753,635368512.2825773,2.7850010931432068,1.3925005465716034,1.037037037037037,2.3784571774419176,2.2935122782475634,0.07804754488439682,0.03281435782179549,17.18721764267893,0.08234066232037623,0.6714961461091393,4.3643968117098435,0.9811335527284198,0.8461422792016782,0.08213172439075668,0.00020893792961955426,0.981180525044717,83,2.703506363274615,6.513831331765962,0.1652477820352681,0.006666664963900748,0.06668839114855196,0.7964774079068018,1.8943874075062666,1000,2,10.389768348563342,0.0012671552025539869,8709.12639074611,0.0,369.7347902107279,True,near-thermal (small but resolvable deviation)
TSP_rand,feasibility,9,10,49,0.5,0.9914853054072638,2.853273173286652e-14,752836986.5380228,540636761.9531255,2.785001093223089,1.3925005466115445,1.037037037037037,2.3784303778411955,2.2934864357754385,0.07804471392204315,0.03281353730138663,17.18749769707711,0.0823383257633399,0.6714879357493945,4.364383845524399,0.9811340320472095,0.8461437033229802,0.08212917482092845,0.00020915094241144572,0.9811810524168774,83,2.7035250695260333,6.513915791858429,0.16524755090121562,0.0066666646696002824,0.0666928473715152,0.7964869193413252,1.8943886845145579,1000,2,10.389140853051527,0.0012675859105311835,8709.1015224822,0.0,369.75712188614756,True,near-thermal (small but resolvable deviation)
TSP_rand,feasibility,9,10,50,0.5,0.9914852430925247,3.2529534621517087e-14,702764615.9753203,504678161.85164744,2.785001092168919,1.3925005460844595,1.037037037037037,2.378429169977992,2.2934852710502067,0.0780445862760054,0.03281350029722666,17.187510331557263,0.08233819766135979,0.6714875432306503,4.3643832379899745,0.9811340587726937,0.8461437718425696,0.08212904330946505,0.00020915435189473863,0.9811810799167295,83,2.7035259460128884,6.513919749287503,0.1652475405154264,0.006666664528648689,0.06669304821256347,0.7964873478301854,1.8943887415977199,1000,2,10.389113001330562,0.001267605031166885,8709.100404716917,0.0,369.75811315192567,True,near-thermal (small but resolvable deviation)
TSP_rand,feasibility,9,10,51,0.5,0.9914840351652277,3.6415315207705135e-14,827992956.712842,594608712.1088672,2.7850010934964047,1.3925005467482023,1.037037037037037,2.378406160975665,2.293463083797963,0.0780421565481482,0.0328127961609946,17.187750611569385,0.08233599683049933,0.6714802978796531,4.364371915744524,0.9811345141019098,0.8461450328150816,0.08212667190957501,0.00020932492092431976,0.9811815737382791,83,2.7035422805602907,6.513993501903447,0.16524733919421092,0.006666664849125552,0.06669687315952605,0.7964950045002097,1.8943886258896387,1000,2,10.388540861765675,0.001267997878390683,8709.078770057853,0.0,369.77847724817246,True,near-thermal (small but resolvable deviation)
TSP_rand,feasibility,9,10,42,0.75,0.9919250153698522,2.808864252301646e-14,1168694208.3761096,615707278.2514136,3.79626569201897,1.898132846009485,1.037037037037037,1.7552101142029066,1.6925240386956601,0.058358929044481374,0.03324897034961761,12.306138733602799,0.08153698991373048,0.2903090581164801,4.3690608280039145,0.9813376391120235,0.9335534409922343,0.08130547702345581,0.00023151289027467659,0.9813896421308598,83,2.6967776100965213,6.483521454123651,0.16532083589498026,0.006666664736621661,0.08536333498356827,1.0683666537891028,1.8752079564077484,1000,2,10.202869205603122,0.0014022231653173117,8717.39489077493,0.0,376.507700263815,True,near-thermal (small but resolvable deviation)
TSP_rand,feasibility,9,10,43,0.75,0.9920493952155707,2.708944180085382e-14,765902066.0445094,403502877.65111977,3.796265694574453,1.8981328472872265,1.037037037037037,1.7498283754376267,1.687334504886283,0.057786155282400636,0.03302389885405104,12.334984650167193,0.08590986941801286,0.2935401545793844,4.370636821027194,0.9803438553840257,0.9328381271197921,0.08565727212957057,0.0002525972884422911,0.9804005168094139,83,2.6945039327773777,6.47331151705379,0.1653415658692666,0.006666663731518334,0.0869592553320181,1.0892494144840659,1.905999533393039,1000,2,10.972314954976314,0.0009248315713139627,8718.927332344041,0.0,350.1046804122131,True,near-thermal (small but resolvable deviation)
TSP_rand,feasibility,9,10,44,0.75,0.9919904204030547,3.2085445411667024e-14,810332325.2871633,426910227.6712894,3.7962656913017305,1.8981328456508653,1.037037037037037,1.7487513423587544,1.6862959372745132,0.05767224995472385,0.032979102607540674,12.340671742136912,0.08565674438352293,0.29305685950628185,4.369818316439309,0.9803980993760585,0.9329361455592333,0.08539618106098634,0.0002605633225365861,0.9804565619941574,83,2.6956847852872357,6.478612121217664,0.16533173673384793,0.0066666638921366,0.0872824553897115,1.0913741525594107,1.9085420143039176,1000,2,10.963683890198725,0.0009291491506440742,8717.844036181808,0.0,350.3802972765661,True,near-thermal (small but resolvable deviation)
TSP_rand,feasibility,9,10,45,0.75,0.9920489218686697,3.574918139293004e-14,1041169007.1923659,548522728.0851511,3.7962656928620024,1.8981328464310012,1.037037037037037,1.7511820154912416,1.6886398006522687,0.05792965240843427,0.03308031483648137,12.327796711416633,0.08508478331612887,0.2930035676098083,4.370519611238179,0.9805321126812141,0.9329591001361964,0.08483366454284336,0.0002511187732855136,0.9805884547621934,83,2.6946730307587066,6.474070296998163,0.1653414869781179,0.00666666450224525,0.08655487452722248,1.0853833795227175,1.9007038541332877,1000,2,10.836404141084817,0.0009952381762307746,8719.054475569226,0.0,354.4957137700076,True,near-thermal (small but resolvable deviation)
TSP_rand,feasibility,9,10,46,0.75,0.9915672651017575,3.186340080674199e-14,739464965.9283459,389574927.5655212,3.7962656916825224,1.8981328458412612,1.037037037037037,1.7486088414977257,1.6861585257299498,0.057657194099906064,0.03297318001121468,12.341422706552555,0.08129123792139072,0.2886608652335405,4.365377831560561,0.981378189687574,0.9338749413288818,0.08107235029913128,0.00021888762225943936,0.9814274001610611,83,2.702091050800944,6.507444267355883,0.16526121085029843,0.0066666636280467316,0.0873253281739572,1.076591542316599,1.882537489576478,1000,2,10.164644599366607,0.001431595093637299,8710.833594792768,0.0,377.9235745176474,True,near-thermal (small but resolvable deviation)
TSP_rand,feasibility,9,10,47,0.75,0.991602569606001,3.164135620181696e-14,1106737443.7698164,583066378.1895456,3.7962656917598276,1.8981328458799138,1.037037037037037,1.7518198703653907,1.6892548749951983,0.057997403441869315,0.03310694462540395,12.324393695396711,0.08010171084187516,0.2881561323574526,4.365869080989814,0.9816527455688812,0.9339979905462207,0.07988591354385444,0.0002157972980207229,0.9817012693513079,83,2.701382327685532,6.504248274152888,0.16526709493433897,0.006666664629282333,0.08636501525163746,1.0672933279288639,1.8697056593741888,1000,2,9.920983390408292,0.0016340505203612662,8711.727145331655,0.0,387.2054482429726,True,near-thermal (small but resolvable deviation)
TSP_rand,feasibility,9,10,48,0.75,0.9916230687882414,3.5638159090467525e-14,1206013873.1612823,635368528.3239836,3.796265692739249,1.8981328463696245,1.037037037037037,1.7519872628765591,1.6894162892023965,0.058015197292964976,0.033113937824930745,12.323499000256236,0.08020956400793956,0.28829954866916374,4.366064093089207,0.9816288624496148,0.9339680905909062,0.07999233868274644,0.00021722532519312387,0.9816777039814695,83,2.7011009846968683,6.5029799907114985,0.16527051146471305,0.0066666647955847605,0.08631526475792808,1.0675134075168948,1.8702698929195534,1000,2,9.94304383283827,0.0016145835221061,8712.08257346536,0.0,386.3463628720193,True,near-thermal (small but resolvable deviation)
TSP_rand,feasibility,9,10,49,0.75,0.9919920389052315,3.419486915845482e-14,1026200426.3931885,540636777.9945318,3.796265693206569,1.8981328466032845,1.037037037037037,1.748649937709472,1.686198154219848,0.05766153949061325,0.03297489008357108,12.341205367717919,0.0857380307591698,0.2931164423270861,4.36984628925842,0.9803796231986641,0.9329229398645899,0.08547706103018075,0.00026096972898904947,0.9804381755293461,83,2.6956444290398127,6.478430898707318,0.1653320064842112,0.0066666644717915495,0.08731294454054664,1.0917353456112227,1.9090629440982934,1000,2,10.977052380086443,0.0009224703632281075,8717.860622782111,0.0,349.95358386582444,True,near-thermal (small but resolvable deviation)
TSP_rand,feasibility,9,10,50,0.75,0.9919914259609972,3.319566843629218e-14,957946226.5595794,504678177.89305365,3.7962656937490085,1.8981328468745042,1.037037037037037,1.7486907622339352,1.6862375207255804,0.05766585120210467,0.032976585939321325,12.340990557873262,0.08570571572874672,0.29309286535076184,4.369835440017323,0.9803869695083056,0.9329281687207882,0.08544491091557459,0.0002608048131721302,0.9804454854192959,83,2.695660081186119,6.478501185147247,0.16533190432683886,0.0066666643167459785,0.08730066849365253,1.091591197645196,1.9088554434580318,1000,2,10.971745484076527,0.000925115815778974,8717.85458528476,0.0,350.12285203564926,True,near-thermal (small but resolvable deviation)
TSP_rand,feasibility,9,10,51,0.75,0.9916038900987911,3.5416114485542494e-14,1128646357.7416725,594608728.1502733,3.796265693080892,1.898132846540446,1.037037037037037,1.7489244155434192,1.6864628292740114,0.057690530136036915,0.03298629124467425,12.339761427529252,0.08147764056304735,0.2889147983314825,4.365730117655964,0.9813369955615135,0.9338221120991772,0.0812559987949333,0.00022164176811405312,0.9813868191428932,83,2.7015828093981127,6.50515218898117,0.16526731501647138,0.006666664669271687,0.08723046895464237,1.0769397059193697,1.8834861457505354,1000,2,10.202597860906833,0.0014024295025940913,8711.46984444302,0.0,376.51771372989214,True,near-thermal (small but resolvable deviation)
TSP_rand,feasibility,9,20,42,0.25,0.9316897779022841,5.950795411990839e-14,283959205.5417597,615707177.3111656,0.9223839383579336,0.4611919691789668,2.074074074074074,5.2599793076456915,2.5360614519006015,0.1053910841162782,0.02003640660013358,30.22936200235498,0.18571529227514028,1.110223683281795,3.9419598969755723,0.952887574422655,0.718357438356082,0.18512450815346815,0.0005907841216721277,0.953030405716195,83,3.312954005250249,9.937989414881432,0.15528162965039066,0.006666665829567816,0.11452891720827278,0.48581028009251986,2.555352020728212,1000,7,70.66030038193708,7.467884763755125e-14,7757.389109714435,0.0,156.67210065167387,True,near-thermal (small but resolvable deviation)
TSP_rand,feasibility,9,20,43,0.25,0.9326702504871103,6.061817714453355e-14,186092239.89769816,403502776.7108718,0.9223839370554903,0.46119196852774513,2.074074074074074,5.302051216968465,2.556346122466939,0.10707271808362971,0.020194583888770937,30.147522176220114,0.17141090824852423,1.107874807915957,3.9473424935995016,0.9565756180198547,0.7193365385161427,0.1712642872626152,0.00014662098590903505,0.9566111506016511,83,3.305188559793677,9.884640932091573,0.1554450417478619,0.006666665399250823,0.11080079349237046,0.46131557376808424,2.445918799303577,1000,7,63.62063900677727,2.1651254109561193e-12,7784.394314622887,0.0,174.0079613525582,True,near-thermal (small but resolvable deviation)
TSP_rand,feasibility,9,20,44,0.25,0.9329259495072819,6.039613253960852e-14,196887521.81828022,426910126.7310415,0.9223839374619555,0.46119196873097773,2.074074074074074,5.263461941428689,2.537740578903118,0.10552875718385718,0.020049305639172715,30.22292645594142,0.18752846378512947,1.1130331701293383,3.9454161958671135,0.9524692822061286,0.7178920765582961,0.18749294478841985,3.551899670961589e-05,0.9524778569815613,83,3.30796761997957,9.903700044374181,0.15548765825122382,0.00666666546842787,0.11421638137703038,0.4801031742702112,2.5270047857303624,1000,6,50.068949538771584,3.4931285696404674e-10,7790.8033386528,0.0,189.49327126254573,True,near-thermal (small but resolvable deviation)
TSP_rand,feasibility,9,20,45,0.25,0.9320621845875935,5.806466418789569e-14,252974230.6098342,548522627.1449032,0.9223839385681568,0.4611919692840784,2.074074074074074,5.286602403053115,2.5488975871863233,0.1064506346187335,0.020135925969627714,30.17857376318253,0.17639819361967854,1.1084976504639024,3.945154557813533,0.9552873807515817,0.7190230105767392,0.17566324889869947,0.0007349447209790694,0.9554653748511879,83,3.3083450839018864,9.906291568182244,0.15534369743127532,0.006666665729058391,0.112156105901637,0.4707114160126429,2.4884641030369723,1000,7,57.825458214946636,3.4173479706382395e-11,7779.230520360567,0.0,191.44677855150778,True,near-thermal (small but resolvable deviation)
TSP_rand,feasibility,9,20,46,0.25,0.9334852099094146,5.4067861299245124e-14,179668780.97504377,389574826.6252732,0.9223839360024396,0.4611919680012198,2.074074074074074,5.273162652847832,2.542417707623062,0.10591374899158047,0.020085431829867894,30.20465812260188,0.18678284240631282,1.1150594109546588,3.949241871607743,0.9527041268985955,0.7176522868930496,0.18672058038277306,6.226202353976085e-05,0.9527191470528148,83,3.3024483365603685,9.865884081299429,0.15558086831824483,0.006666665355403413,0.11334861600914078,0.47541325951947344,2.5069314447667415,1000,6,49.98378867352941,3.63911793346881e-10,7797.926848972092,0.0,189.81612415878553,True,near-thermal (small but resolvable deviation)
TSP_rand,feasibility,9,20,47,0.25,0.931357883491874,5.706546346573305e-14,268905484.30383205,583066277.2492977,0.9223839374571065,0.4611919687285532,2.074074074074074,5.303334603048464,2.5569648978983666,0.10712465170746875,0.020199489514746313,30.144887077838177,0.16431748337188348,1.1011431699799221,3.9408436978011867,0.9583039836206736,0.7205818716955685,0.16420441573442118,0.00011306763746229964,0.9583314793258023,83,3.3145643402638774,9.949088383639582,0.15522631391532188,0.006666665783413187,0.11068872957137708,0.45031521360116866,2.388172254570238,1000,7,54.076891546673444,2.0209319612048765e-10,7776.76974625024,0.0,204.71771540273306,True,near-thermal (small but resolvable deviation)
TSP_rand,feasibility,9,20,48,0.25,0.9329996616640719,5.81756864903582e-14,293026815.4479563,635368427.3837357,0.922383936055987,0.4611919680279935,2.074074074074074,5.270589410682067,2.5411770372931395,0.10581145493349468,0.020075829606275783,30.209539587345134,0.1887358494939121,1.1162798588233194,3.9499885161707646,0.9522186333653248,0.7173966824831496,0.18835826677639844,0.000377582717513647,0.9523096654455249,83,3.3013711561520247,9.858520521913833,0.1554999436106884,0.006666665854710093,0.11357767947976417,0.4859151741843936,2.5610593715459973,1000,6,46.05014149579945,2.404382199036466e-09,7799.6374429763155,0.0,206.03039922573524,True,near-thermal (small but resolvable deviation)
TSP_rand,feasibility,9,20,49,0.25,0.9280782883927795,6.439293542825908e-14,249337293.4870422,540636677.0542839,0.9223839375662888,0.4611919687831444,2.074074074074074,5.196118768031609,2.505271548872383,0.10291299899950954,0.01980574417056579,30.33673806330738,0.19684511005466437,1.1027804038658175,3.9223005046768447,0.9498138631091749,0.7188434688900323,0.195923800964111,0.0009213090905533794,0.9500370172860015,83,3.3413165130264546,10.135297369911502,0.15467971473214082,0.006666665716499489,0.12041819297964013,0.5169808876929757,2.6862940932551127,1000,8,126.33321864370639,7.599478375543074e-25,7666.013148707634,0.0,99.66964650252154,True,near-thermal (small but resolvable deviation)
TSP_rand,feasibility,9,20,50,0.25,0.8840523543074272,5.140332604014475e-14,232753475.94171762,504678076.95280576,0.9223839376858181,0.46119196884290903,2.074074074074074,4.553961797048188,2.1956601521482333,0.08252934308876012,0.018122537422745718,30.0485576421831,0.3010129272370409,0.9939566012076584,3.6544242625027046,0.9176305470807885,0.728012805900387,0.297932879892965,0.0030800473440758536,0.9184046032537577,83,3.72778023918297,13.24871229646183,0.1473420590512465,0.006666665650140036,0.197104172555425,0.6539885564752297,2.978238901894887,1000,9,131.33009576515317,3.3142512379650256e-25,7095.921511227158,0.0,107.11284696308513,True,near-thermal (small but resolvable deviation)
TSP_rand,feasibility,9,20,51,0.25,0.9326689350397657,6.017408793468348e-14,274228723.7197161,594608627.2100254,0.9223839385123958,0.4611919692561979,2.074074074074074,5.273548065834493,2.542603531741631,0.1059290811366131,0.020086871270386487,30.20392471482092,0.18304492610709466,1.1114310561371123,3.945684282214162,0.9536088259944667,0.7183172862696907,0.182977048396612,6.787771048266666e-05,0.953625231234401,83,3.3075808531360824,9.901045353465626,0.1554448225066377,0.0066666658009989326,0.1133143739520108,0.471731689245136,2.4876997374115253,1000,6,47.04851536971362,1.4898432147056751e-09,7792.626970667961,0.0,201.65841498345475,True,near-thermal (small but resolvable deviation)
TSP_rand,feasibility,9,20,42,0.5,0.9966273816423374,6.139533326177116e-14,429641147.70293236,615707182.0029762,1.3956021961779084,0.6978010980889542,2.074074074074074,5.606730360911129,2.7032449954392948,0.2801697583194544,0.049970257223842136,12.608985024033391,0.023245458295312195,0.6724684548246664,4.411726800063171,0.9947309841817541,0.8475725072515738,0.022948534886720277,0.00029692340859191826,0.9947979372837445,83,2.63522362379188,6.212713922134497,0.16610456360706682,0.006666665778766503,0.015849077398248746,0.18786574054386002,1.0533125512823127,1000,1,-1.0880185641326503e-11,1.0,0.0,1.0,inf,True,thermal (bingo)
TSP_rand,feasibility,9,20,43,0.5,0.9969116662384101,5.706546346573305e-14,281564683.560282,403502781.40268236,1.3956021942723107,0.6978010971361553,2.074074074074074,5.671221762044216,2.7343390638427474,0.2929226986002635,0.05165072199445755,12.280194417022576,0.021572470258426162,0.6735977787666606,4.414485816802356,0.9951132541469909,0.8474119508544298,0.021469646332128244,0.00010282392629791873,0.9951364332531237,83,2.6312432040244556,6.195596564823282,0.166151944373078,0.006666665321732817,0.015063041267277949,0.18123885737899387,1.027845752095778,1000,1,-2.7311486405778663e-11,1.0,4.4408920985005615e-13,0.9999994682895791,inf,True,thermal (bingo)
TSP_rand,feasibility,9,20,44,0.5,0.9969755276813843,5.573319583618286e-14,297898358.2928777,426910131.4228521,1.3956021952442774,0.6978010976221387,2.074074074074074,5.674599726270054,2.735967725165919,0.2936064709309632,0.05174047247275226,12.26310047179643,0.02196994068828105,0.6741367784515587,4.415105911979467,0.9950239153655023,0.8473113008178514,0.021868027076807472,0.00010191361147357872,0.9950468839700053,83,2.6303485957877117,6.1917558961878845,0.16616258794690691,0.006666665395160151,0.015023792994106888,0.1811351785864584,1.0278696348245941,1000,1,6.6613381477509506e-12,0.9999979406943948,4.4408920985006423e-13,0.9999994682895791,576679750447905.1,True,thermal (bingo)
TSP_rand,feasibility,9,20,45,0.5,0.9966967744964935,5.895284260759581e-14,382759694.75507736,548522631.8367138,1.3956021959327967,0.6978010979663983,2.074074074074074,5.671226250387162,2.7343412278652393,0.29292377874168185,0.05165087157679251,12.280164456997797,0.019305266594539308,0.6713306731774049,4.412219003967691,0.9956245901263788,0.847847381878889,0.019196443117069386,0.00010882347746992219,0.9956491469315627,83,2.634513523659722,6.209656752521484,0.16611612908275897,0.0066666656720347954,0.015062975118910207,0.17805284998948648,1.0097779968166234,1000,1,-1.1990408665951655e-11,1.0,1.3322676295501814e-12,0.9999990790505361,inf,True,thermal (bingo)
TSP_rand,feasibility,9,20,46,0.5,0.9970102777491026,7.149836278586008e-14,271845745.2952862,389574831.3170838,1.3956021972786263,0.6978010986393132,2.074074074074074,5.689191707262502,2.743003144572992,0.2965801955123161,0.05213046259870599,12.189342673214007,0.02123021208305112,0.6740017708112953,4.415318187502097,0.9951916914746609,0.8473492187450703,0.021130493278850228,9.971880420089202e-05,0.9952141681258454,83,2.630042346944014,6.1904416774626325,0.1661683796248628,0.006666665275114009,0.014856237977222839,0.17965931871391966,1.0221163061596625,1000,1,3.0198066269804484e-11,0.9999956154035449,0.0,1.0,127208768481154.8,True,thermal (bingo)
TSP_rand,feasibility,9,20,47,0.5,0.9966225775118829,6.772360450213455e-14,406864291.42951965,583066281.9411083,1.395602194916887,0.6978010974584435,2.074074074074074,5.607400546061396,2.703568120422459,0.28029898579597573,0.049987330759322345,12.605562813413686,0.023142603996228417,0.6723959389821521,4.411671579685246,0.9947542323633529,0.8475870366057201,0.02284515835646671,0.00029744563976170577,0.9948213056380425,83,2.63530328995719,6.213057000017239,0.16610376291865855,0.006666665729767943,0.015840576307415227,0.18770821864905624,1.05255516775293,1000,1,-3.019806626980403e-11,1.0,2.220446049250284e-12,0.9999988110593545,inf,True,thermal (bingo)
TSP_rand,feasibility,9,20,48,0.5,0.9967779492820708,6.52811138479592e-14,443360789.3064618,635368432.0755463,1.3956021952747741,0.6978010976373871,2.074074074074074,5.671770496687945,2.7346036323316882,0.29303403929076366,0.05166535554671722,12.277401053206823,0.020001985378049085,0.6720501258549367,4.4129517632747035,0.9954674362080028,0.847709614356575,0.019897729407150212,0.00010425597089887273,0.9954909546785342,83,2.633456375441329,6.205108235430356,0.16612965821368958,0.006666665805480808,0.015056622643828742,0.17804658372227816,1.0098393605920974,1000,1,-9.547918011776324e-12,1.0,-1.3322676295501798e-12,1.0,inf,True,thermal (bingo)
TSP_rand,feasibility,9,20,49,0.5,0.9969852356451367,5.81756864903582e-14,377256869.71098185,540636681.7460945,1.3956021944073613,0.6978010972036807,2.074074074074074,5.675291128296326,2.7363010797143,0.29374676294790836,0.05175888889352688,12.259597409966608,0.02201257404724643,0.6742082454486338,4.415194075163444,0.995014358673139,0.8472981631223819,0.021911770308131177,0.00010080373911525164,0.9950370764645109,83,2.630221403199361,6.1912100353362725,0.16616420594086617,0.006666665658644123,0.015015771225408554,0.18101260671698885,1.0272992410107187,1000,1,4.440892098500626e-13,0.9999994682895791,-1.3322676295501876e-12,1.0,8650196256718591.0,True,thermal (bingo)
TSP_rand,feasibility,9,20,50,0.5,0.9969840370927601,6.59472476627343e-14,352164919.2087352,504678081.64461637,1.3956021948134547,0.6978010974067274,2.074074074074074,5.675098079801232,2.736208002761308,0.29370757585719875,0.05175374446876269,12.260575830287685,0.022016123740947007,0.6742037507814438,4.415184911208273,0.9950135443512099,0.8472988641834847,0.02191514705435385,0.00010097668659315648,0.9950363011486603,83,2.6302346239919125,6.1912667715669025,0.16616400618213786,0.006666665588162444,0.015018010982277445,0.1810478313327964,1.02746419994893,1000,1,-2.8199664825478776e-11,1.0,-1.5543122344751998e-12,1.0,inf,True,thermal (bingo)
TSP_rand,feasibility,9,20,51,0.5,0.9969821996155258,6.7390537594747e-14,414918556.0643673,594608631.901836,1.395602195471882,0.697801097735941,2.074074074074074,5.694827289500312,2.7457203002947934,0.2977367952703276,0.0522819710124084,12.160919553590297,0.020450155373071155,0.6734527156370891,4.414901299719039,0.9953679246749247,0.8474591684122255,0.020351967482674094,9.818789039706122e-05,0.995390062259369,83,2.6306437888811316,6.193022934979216,0.16616369993593236,0.006666665748395032,0.014792432527332519,0.17779746446348987,1.012525852630644,1000,1,6.4392935428259184e-12,0.9999979753070383,-2.2204460492503212e-13,1.0,596565259084039.8,True,thermal (bingo)
TSP_rand,feasibility,9,20,42,0.75,0.9963334041686221,6.361577931102147e-14,585345731.3030958,615707190.0236793,1.9013769557590654,0.9506884778795327,2.074074074074074,4.1275941591908065,1.9900900410384246,0.20810286845184692,0.05041747333333867,9.867812492896503,0.019274251387689477,0.27239309513216525,4.40898641907295,0.9956284167026892,0.9382186586119176,0.01912704178554393,0.00014720960214554754,0.9956616603879642,83,2.639177157856661,6.229762474359689,0.16605556736144783,0.006666665691921087,0.018879713591465078,0.2480176107689607,1.023716041586421,1000,1,-2.6645352591003737e-12,1.0,1.7763568394002486e-12,0.9999989365791582,inf,True,thermal (bingo)
TSP_rand,feasibility,9,20,43,0.75,0.9964508416385425,6.45039577307216e-14,383605452.25441456,403502789.4233855,1.9013769535650316,0.9506884767825158,2.074074074074074,4.143957217673987,1.997979372807101,0.2113298916798401,0.05099712197281324,9.794559241698462,0.018771484230287253,0.27265762286914336,4.410022294425649,0.9957434491308548,0.938173187193682,0.01865732222543004,0.00011416200485721284,0.9957692265541168,83,2.6376827056223378,6.22331255819065,0.16607514027310155,0.006666665189214914,0.018507669659245652,0.24348286337002972,1.0089825690421639,1000,1,-2.6645352591003737e-12,1.0,4.440892098500618e-13,0.9999994682895791,inf,True,thermal (bingo)
TSP_rand,feasibility,9,20,44,0.75,0.9968141374284707,6.827871601444713e-14,405858550.2207279,426910139.4435551,1.9013769537061531,0.9506884768530766,2.074074074074074,4.149971706059516,2.0008792154215524,0.2125287939058738,0.05121210672245144,9.76760651502511,0.021968838166667427,0.2761326559458303,4.413774875594732,0.9950226645477229,0.9374384367737779,0.021857471174232205,0.00011136699243522244,0.9950477712830551,83,2.6322688753791623,6.200002835841702,0.16613568957142358,0.006666665269908163,0.018373778262950717,0.24645120804347984,1.0227655403046285,1000,1,-5.107025913275714e-12,1.0,1.3322676295501846e-12,0.9999990790505361,inf,True,thermal (bingo)
TSP_rand,feasibility,9,20,45,0.75,0.9966169571330261,6.061817714453355e-14,521474153.0828178,548522639.8574169,1.9013769539881524,0.9506884769940762,2.074074074074074,4.142038403078672,1.9970542300557885,0.21094888083138186,0.05092876026320493,9.803153829754555,0.02094688559379005,0.2747439269398634,4.412019423488561,0.9952523133777984,0.9377283052116246,0.020835842608492024,0.00011104298529802589,0.995277362807313,83,2.634801457427271,6.210896202472494,0.16610282618884809,0.006666665574552318,0.018550701659963396,0.24653071497596415,1.0211396889688857,1000,1,-4.4408920985006257e-13,1.0,8.881784197001252e-13,0.9999992480479115,inf,True,thermal (bingo)
TSP_rand,feasibility,9,20,46,0.75,0.9956360667935268,6.439293542825908e-14,370364310.8718097,389574839.3377869,1.9013769549458999,0.9506884774729499,2.074074074074074,4.074209708154377,1.9643511092887174,0.19791933955775803,0.04857858424951223,10.105811986587652,0.018388506064495692,0.2688801063152919,4.40278326334437,0.9958234360029506,0.9389295156648139,0.01824147996234998,0.00014702610214571352,0.9958566915412989,83,2.6481264198641243,6.268526767311748,0.165939344465599,0.006666665137858371,0.020176483577929078,0.25249019105393283,1.0286979876056865,1000,1,-6.4392935428258974e-12,1.0,0.0,1.0,inf,True,thermal (bingo)
TSP_rand,feasibility,9,20,47,0.75,0.9963683064856667,6.117328865684613e-14,554314403.6084414,583066289.9618114,1.901376955422159,0.9506884777110794,2.074074074074074,4.124668255964708,1.98867933769727,0.20753098023523653,0.050314587102883904,9.880906357047433,0.01968989499490053,0.27266981481958863,4.409122408501173,0.9955342825236748,0.9381578034000921,0.01956109137471233,0.00012880362018819966,0.9955633658998604,83,2.6389809665829183,6.2289153501239705,0.1660613844142885,0.006666665638060795,0.018947485819419164,0.2457095965105146,1.0134705729128164,1000,1,-5.5511151231257754e-12,1.0,-2.664535259100367e-12,1.0,inf,True,thermal (bingo)
TSP_rand,feasibility,9,20,48,0.75,0.9966219946587055,6.294964549624638e-14,604037455.0037086,635368440.0962493,1.9013769551166422,0.9506884775583211,2.074074074074074,4.153673417453585,2.002663969129407,0.21327046794194512,0.05134502559729187,9.75099536024652,0.019528222919706427,0.2738615471650314,4.411673532316659,0.9955735113270152,0.9379234331010842,0.019422152187750584,0.00010607073195584293,0.9955974486717304,83,2.6353004729056138,6.213044868219158,0.16610366577646166,0.006666665721322793,0.018292069266710377,0.24335573257782103,1.0108202373934385,1000,1,-1.0658141036401474e-11,1.0,4.440892098500594e-13,0.9999994682895791,inf,True,thermal (bingo)
TSP_rand,feasibility,9,20,49,0.75,0.9968397094715972,6.628031457012185e-14,513977071.27034664,540636689.7667975,1.9013769542427819,0.9506884771213909,2.074074074074074,4.163400518876586,2.0073538216012112,0.2152310762085963,0.051695981501840294,9.707364204124465,0.020641498537242002,0.2754167035032851,4.413667867789826,0.9953232777917251,0.9375991325688033,0.020544065821260865,9.743271598113695e-05,0.9953452502631428,83,2.6324232550086615,6.200666320034044,0.1661399515786109,0.006666665559739726,0.0180801943798075,0.24310708548458843,1.0121521658491102,1000,1,2.442490654175346e-12,0.9999987530285311,-1.1102230246251578e-12,1.0,1572762955767015.5,True,thermal (bingo)
TSP_rand,feasibility,9,20,50,0.75,0.9968760671576008,6.916689443414725e-14,479791644.30871606,504678089.66531944,1.9013769534829341,0.9506884767414671,2.074074074074074,4.160844080877742,2.00612125328034,0.21471394969037802,0.051603459662704666,9.718837596778569,0.021458437344752758,0.27611814225643,4.414254556054491,0.9951388310138751,0.9374485230178417,0.021352535192803838,0.00010590215194892019,0.9951627059107023,83,2.6315768427587396,6.19702952880691,0.16614601119294534,0.006666665482211054,0.018135514493559657,0.2454632466950061,1.0213342970839492,1000,1,1.4210854715202054e-11,0.9999969921916461,8.881784197001333e-13,0.9999992480479115,270318633022455.0,True,thermal (bingo)
TSP_rand,feasibility,9,20,51,0.75,0.9965854091925815,6.727951529228449e-14,565287582.2037458,594608639.9225391,1.9013769536796068,0.9506884768398034,2.074074074074074,4.146092537444983,1.9990089019824027,0.21175448265521143,0.05107326494591568,9.785004016867338,0.019716610774537638,0.27370178432971526,4.411164965590016,0.9955302939408659,0.9379524940770139,0.01961012721942373,0.0001064835551139072,0.9955543261783333,83,2.636034179600269,6.216205419718536,0.1660975681987753,0.006666665658468074,0.018460003332217378,0.24245999378636898,1.0052615708666215,1000,1,2.6645352591003935e-11,0.9999958813887898,0.0,1.0,144169937611975.56,True,thermal (bingo)
TSP_rand,feasibility,16,5,42,0.25,0.5654671161238625,1.3877787807814457e-14,27408210151.043022,4463958417.010558,12.279778434584014,6.139889217292007,0.21875,0.29314542667087246,1.3400933790668454,0.004263952313409029,0.014545518795339626,17.44752783395772,0.31358486569120614,0.4822006973227091,5.466387965472399,0.9426339901829294,0.9117880581531249,0.2617390093741806,0.05184585631702554,0.9516599919074242,5133,8.113669190637705,276.9859889462619,0.02356142014576406,0.0010181985528090662,6.977652035281791,10.946771177177768,3.208995907402185,1000,39,172.05569798068368,2.6078736292635557e-19,10490.55437521086,0.0,303.3454883659965,True,near-thermal (small but resolvable deviation)
TSP_rand,feasibility,16,5,43,0.25,0.5654671161868841,1.4432899320127035e-14,21346475093.232586,3476687729.0078745,12.279777050511306,6.139888525255653,0.21875,0.2931454597162011,1.340093530131205,0.004263952793964787,0.014545518794979083,17.447533617515813,0.31358486570675403,0.48220081452550656,5.466387965594977,0.9426339901813715,0.9117880367144737,0.26176390351919143,0.0518209621875626,0.9516556165332432,5174,8.113669190461044,276.98598891234434,0.023561415749624164,0.0010200674539763842,6.977651248555529,10.94676994401016,3.2089959076443515,1000,38,188.29444553105654,1.5897380618409506e-22,10483.48087582932,0.0,270.84420903589086,True,near-thermal (small but resolvable deviation)
TSP_rand,feasibility,16,5,44,0.25,0.5654671159849786,1.6986412276764895e-14,18044590726.785828,2938911329.006635,12.279778943099299,6.139889471549649,0.21875,0.293145414429617,1.3400933231068206,0.004263952134541691,0.014545518792569918,17.44752569498845,0.31358486595477203,0.4822006542147325,5.466387965156923,0.942633990131403,0.9117880660340415,0.2617643907262117,0.051820475228560314,0.9516555308963994,5153,8.113669191092963,276.9859890336681,0.02356146412868286,0.000999508889910223,6.977652322898445,10.946771631211291,3.2089959064978086,1000,40,198.98148363774934,1.073987408461393e-23,10477.75609127308,0.0,268.28396113557665,True,near-thermal (small but resolvable deviation)
TSP_rand,feasibility,16,5,45,0.25,0.5654671156400872,1.6653345369377348e-14,25788105433.89409,4200092033.009979,12.279781124421289,6.1398905622106446,0.21875,0.2931453624014,1.3400930852635429,0.00426395137911954,0.014545518797193076,17.447516584197505,0.3135848656771021,0.48220046935687744,5.466387964527513,0.9426339901755936,0.91178809984107,0.26175668005598923,0.051828185621112854,0.9516568861099846,5163,8.113669192001005,276.9859892080047,0.023561405334953503,0.0010244846937118954,6.977653563956993,10.946773570677589,3.2089959055023494,1000,38,163.8829797907498,3.09783512987188e-18,10487.60045688811,0.0,311.1882651317839,True,near-thermal (small but resolvable deviation)
TSP_rand,feasibility,16,5,46,0.25,0.5654671157358381,1.63202784619898e-14,21571526437.837746,3513341321.012326,12.27977840286931,6.139889201434655,0.21875,0.29314542744624256,1.3400933826113945,0.004263952325846569,0.01454551879929459,17.44752796490801,0.31358486548824827,0.48220069978894053,5.466387964749743,0.942633990212474,0.9117880576903004,0.26173729364591175,0.051847571842336515,0.951660293459307,5085,8.113669191680444,276.9859891464594,0.0235612789241443,0.0010781964101650432,6.977652018132481,10.946771143995088,3.2089959061626336,1000,39,215.05911181431665,5.659594223084402e-27,10463.446845058897,0.0,242.6882511035666,True,near-thermal (small but resolvable deviation)
TSP_rand,feasibility,16,5,47,0.25,0.5654671153901004,1.3655743202889425e-14,23022516997.80754,3749663345.0092745,12.279778145123371,6.139889072561686,0.21875,0.29314543352216754,1.3400934103870517,0.004263952414205618,0.014545518799231712,17.447529028305897,0.31358486557819987,0.48220072140805353,5.466387964052702,0.9426339901887036,0.9117880537241347,0.26116198668948765,0.05242287888871222,0.9517614202196005,4982,8.113669192686032,276.98598933952474,0.023561375174726715,0.0010372947227854077,6.9776518718195355,10.946770911878662,3.2089959046305236,1000,38,162.45001787941632,5.4745652371348324e-18,10488.155380584074,0.0,313.9332382441833,True,near-thermal (small but resolvable deviation)
TSP_rand,feasibility,16,5,48,0.25,0.5654695839364388,1.9095836023552692e-14,30810467292.612885,4456986625.010516,13.825694301938897,6.912847150969449,0.21875,0.26036781159838945,1.1902528530212089,0.0037871827496027822,0.01454551054661247,10.989121558169995,0.3135879645570331,0.3781020386650382,5.466393587419054,0.9426334822873425,0.9308315377189007,0.26175494625466583,0.05183301830236725,0.9516572133761686,5173,8.113661079883316,276.9844317502179,0.023561501457961678,0.0010129617564175095,7.8559180318670325,12.324916946099496,3.209011653387831,1000,38,208.99600974446003,2.9311111426989306e-26,10458.032243349116,0.0,244.01642992163625,True,near-thermal (small but resolvable deviation)
TSP_rand,feasibility,16,5,49,0.25,0.5654671157360605,1.4210854715202004e-14,23035729307.95781,3751815385.0458407,12.279777624333374,6.139888812166687,0.21875,0.2931454459312761,1.3400934671144051,0.004263952593588572,0.01454551879543166,17.447531204530677,0.3135848657847863,0.4822007656930611,5.466387964694255,0.9426339901576442,0.9117880456331585,0.2614887472655341,0.052096118519252166,0.9517039800042851,5099,8.113669191760438,276.985989161818,0.02356139200494011,0.0010301506346514374,6.977651574847318,10.946770452182664,3.208995905712404,1000,39,187.89772061115508,4.33213831422916e-22,10478.902967040383,0.0,277.7698396784295,True,near-thermal (small but resolvable deviation)
TSP_rand,feasibility,16,5,50,0.25,0.5654671160041282,1.8540724511240114e-14,20546871383.33975,3346456313.0074797,12.27977864433805,6.139889322169025,0.21875,0.29314542154857975,1.3400933556506502,0.004263952237896672,0.014545518791908043,17.447526941642675,0.31358486599639485,0.48220067951136086,5.466387965184727,0.9426339901240804,0.9117880614068223,0.260539765506318,0.053045100490076824,0.9518708177149989,4895,8.1136691910527,276.9859890259379,0.023561450221392045,0.0010054187729635184,6.977652153172234,10.9467713653673,3.2089959064965194,1000,40,189.52301437593496,5.114919164964542e-22,10485.02247128794,0.0,281.6731297713456,True,near-thermal (small but resolvable deviation)
TSP_rand,feasibility,16,5,51,0.25,0.5654671156330865,1.6653345369377348e-14,25065463030.25971,4082396761.0094886,12.2797780312081,6.13988901560405,0.21875,0.2931454362951028,1.3400934230633272,0.004263952454546544,0.014545518799256082,17.44752951355657,0.31358486551232656,0.4822007311866083,5.4663879645413,0.9426339902058817,0.911788051943168,0.2617629345579382,0.05182193095438836,0.9516557868286784,5175,8.11366919198131,276.9859892042235,0.023561287674139845,0.0010744795904931409,6.977651807172526,10.946770811968523,3.2089959056970097,1000,39,202.3461698501961,1.136215055473139e-24,10469.922078340134,0.0,257.9357927493398,True,near-thermal (small but resolvable deviation)
TSP_rand,feasibility,16,5,42,0.5,0.5654728759988068,1.4988010832439613e-14,37085711599.575005,4463958550.466502,16.61561646700299,8.307808233501495,0.21875,0.21664993816883363,0.9903997173432394,0.0031512815769496566,0.01454549954449508,-0.6664151647150387,0.3135920954541905,0.3138131982995113,5.4664010845661135,0.9426328052766583,0.9425923576691921,0.261746185531899,0.05184590992229149,0.9516587832075969,5133,8.113650263786461,276.9823551649897,0.02356158438473837,0.0010181985223686738,9.440929108701951,14.812063563636304,3.2090326552146387,1000,39,172.05512259221769,2.6084734966002384e-19,10490.578679895147,0.0,303.34650281702,True,near-thermal (small but resolvable deviation)
TSP_rand,feasibility,16,5,43,0.5,0.5654728760342186,1.7208456881689926e-14,28883653369.41206,3476687862.4638186,16.615614925490107,8.307807462745053,0.21875,0.21664995827043895,0.9903998092362923,0.0031512818692941546,0.014545499544294788,-0.6664087240255119,0.31359209546391065,0.3138131940446928,5.46640108463524,0.9426328052756056,0.9425923584482764,0.2617632581589505,0.05182883730496013,0.9516557825434891,5153,8.113650263686605,276.9823551458184,0.02356158113525579,0.0010200674148201326,9.440928232547554,14.812062189956816,3.209032655353291,1000,38,188.29428124101906,1.5898453707372473e-22,10483.50425838829,0.0,270.844445352177,True,near-thermal (small but resolvable deviation)
TSP_rand,feasibility,16,5,44,0.5,0.565472875925104,1.532107773982716e-14,24415913677.366917,2938911462.4625793,16.61561703319111,8.307808516595555,0.21875,0.21664993074547872,0.9903996834079027,0.0031512814686439324,0.01454549954297503,-0.6664175432812044,0.3135920956008636,0.313813200021103,5.466401084398668,0.9426328052480692,0.942592357352493,0.2615638288509007,0.052028266749962915,0.9516908351789067,5098,8.113650264027942,276.9823552113515,0.023561616890654172,0.000999508844522533,9.44092942925497,14.812064068944606,3.2090326547344428,1000,40,198.98115584223908,1.0741319754074162e-23,10477.779540959795,0.0,268.2844030984227,True,near-thermal (small but resolvable deviation)
TSP_rand,feasibility,16,5,45,0.5,0.5654728757351094,1.6542323066914832e-14,34893566571.554405,4200092166.465923,16.615619461948544,8.307809730974272,0.21875,0.21664989909494642,0.9903995387197551,0.0031512810088193664,0.01454549954550555,-0.6664276842262278,0.31359209544720673,0.3138132065821224,5.466401084051235,0.9426328052725325,0.9425923561485996,0.26176325134382394,0.05182884410338279,0.951655783736237,5155,8.113650264529115,276.9823553075713,0.023561573442004737,0.0010244846611593783,9.440930810558603,14.812066230292144,3.2090326541804566,1000,38,163.88172388544447,3.0993832159763055e-18,10487.625073074558,0.0,311.19064991871363,True,near-thermal (small but resolvable deviation)
TSP_rand,feasibility,16,5,46,0.5,0.5654728757879506,1.7319479184152442e-14,29188167000.10211,3513341454.46827,16.61561643146332,8.30780821573166,0.21875,0.21664993863973966,0.9903997194959527,0.003151281584266427,0.014545499546651585,-0.6664150137345469,0.313592095344724,0.3138131980900763,5.46640108417386,0.9426328052925671,0.9425923577033859,0.2616002771996725,0.051991818145051494,0.9516844286521281,5012,8.113650264352291,276.98235527362294,0.02356148001848205,0.0010781963692092402,9.440929089067895,14.812063528348162,3.209032654544555,1000,39,215.05891531091436,5.660060789378998e-27,10463.47057997972,0.0,242.68847285241606,True,near-thermal (small but resolvable deviation)
TSP_rand,feasibility,16,5,47,0.5,0.5654728755987567,1.687538997430238e-14,31151484514.339245,3749663478.4652185,16.61561614435326,8.30780807217663,0.21875,0.21664994235220797,0.9903997364672364,0.0031512816382589515,0.014545499546618436,-0.6664138242344755,0.3135920953934593,0.3138131973512119,5.4664010837924115,0.9426328052796485,0.9425923578345446,0.2611348426346981,0.052457252758761175,0.9517662445743523,4978,8.113650264902677,276.9823553792915,0.02356155115441959,0.001037294685866589,9.440928926067043,14.812063270658705,3.2090326537054654,1000,38,162.44840147613897,5.478078760648348e-18,10488.179894554989,0.0,313.936361960456,True,near-thermal (small but resolvable deviation)
TSP_rand,feasibility,16,5,48,0.5,0.5654743948761759,1.1213252548714081e-14,40830391547.78817,4456986758.46646,18.321971215295648,9.160985607647824,0.21875,0.19647314374321517,0.8981629428261265,0.0028577990254164813,0.014545494467943891,-7.795109473640579,0.31359400115969216,0.3424205276107066,5.466404542800262,0.9426324929477232,0.9373590950084906,0.261760223758234,0.05183377740145817,0.9516563297259043,5167,8.113645274609242,276.98139729681384,0.02356163595042748,0.0010129617260863071,10.410343673426073,16.333236614722647,3.2090423451963477,1000,38,208.99618732833562,2.930892760131316e-26,10458.05187548704,0.0,244.01622258109148,True,near-thermal (small but resolvable deviation)
TSP_rand,feasibility,16,5,49,0.5,0.5654728757876591,1.2323475573339238e-14,31169362162.32716,3751815518.501785,16.615615564580875,8.307807782290437,0.21875,0.21664994990241024,0.9903997709824468,0.003151281747630783,0.014545499544543051,-0.6664114051904864,0.3135920955061784,0.3138131958622212,5.4664010841426025,0.9426328052627033,0.9425923581106119,0.26149582968817175,0.05209626581800664,0.951702787622315,5088,8.113650264397338,276.9823552822714,0.023561563589532694,0.0010301505980079178,9.440928595873206,14.812062757187265,3.2090326542959775,1000,39,187.8968256591777,4.333720616694456e-22,10478.926935875359,0.0,277.77116269528415,True,near-thermal (small but resolvable deviation)
TSP_rand,feasibility,16,5,50,0.5,0.5654728759347883,1.787459069646502e-14,27801718808.914303,3346456446.4634233,16.615616700044313,8.307808350022157,0.21875,0.2166499350839635,0.9903997032409759,0.0031512815316716127,0.014545499542616164,-0.6664161532157743,0.31359209562263934,0.3138131991224754,5.466401084412189,0.9426328052442277,0.9425923575170262,0.26054492635436777,0.05304716926827158,0.9518699626075958,4867,8.113650264008648,276.98235520764706,0.023561606612252338,0.00100541873286764,9.440929240050309,14.812063772301887,3.2090326547287313,1000,40,189.5222438140728,5.116520491392412e-22,10485.045918470501,0.0,281.67427500140957,True,near-thermal (small but resolvable deviation)
TSP_rand,feasibility,16,5,51,0.5,0.5654728757310555,1.8762769116165146e-14,33915769614.905003,4082396894.4654326,16.61561601758277,8.307808008791385,0.21875,0.21664994402672055,0.9903997441221511,0.003151281662618741,0.014545499546633056,-0.6664132877079235,0.3135920953569131,0.31381319695941773,5.466401084058182,0.9426328052891233,0.942592357909009,0.26176963006117476,0.05182246529573836,0.9516546626261764,5171,8.113650264518986,276.9823553056268,0.023561486484710167,0.001074479555367774,9.440928854128604,14.812063158851315,3.209032654285387,1000,39,202.34600253685386,1.1362938600153309e-24,10469.946084356345,0.0,257.9360060280753,True,near-thermal (small but resolvable deviation)
TSP_rand,feasibility,16,5,42,0.75,0.5654764788141159,1.7985612998927536e-14,47599926348.19355,4463958778.610946,21.3263288076353,10.66316440381765,0.21875,0.16879508134973234,0.7716346575987764,0.0024552067464573405,0.014545487503692795,-20.346522231721814,0.31359661444722736,0.4922232902251004,5.466409286546586,0.9426320646682966,0.9099549147487888,0.2617504756144177,0.05184613883280964,0.9516580620682346,5129,8.113638430830047,276.98008337046485,0.02356168711024904,0.0010181984703304839,12.117179846754135,19.011547094722797,3.2090556384380022,1000,39,172.0547529496119,2.6088589375195976e-19,10490.593879327416,0.0,303.34715452695445,True,near-thermal (small but resolvable deviation)
TSP_rand,feasibility,16,5,43,0.75,0.5654764788364232,1.84297022087776e-14,37072493848.39088,3476688090.6082616,21.326327172423962,10.663163586211981,0.21875,0.16879509429319964,0.7716347167689126,0.002455206934705394,0.014545487503568452,-20.34651539984941,0.31359661445413195,0.49222318002635856,5.466409286590312,0.9426320646674924,0.9099549349087646,0.26176651675070495,0.051830097703427,0.9516552427032712,5124,8.113638430766647,276.98008335829263,0.023561684578289666,0.0010200673478820853,12.11717891736659,19.011545637417704,3.2090556385273894,1000,38,188.29416968136402,1.5899182419847097e-22,10483.518880127249,0.0,270.84460582083597,True,near-thermal (small but resolvable deviation)
TSP_rand,feasibility,16,5,44,0.75,0.565476478771,1.6542323066914832e-14,31338099408.23994,2938911690.607023,21.326329408535006,10.663164704267503,0.21875,0.16879507657451404,0.771634635769207,0.002455206676842801,0.01454548750276468,-20.346524753559237,0.31359661453830157,0.4922233310108149,5.466409286448652,0.9426320646506081,0.9099549072860228,0.2615221388563463,0.05207447568195528,0.9516981959933464,5070,8.11363843097132,276.9800833975877,0.023561712436186023,0.0009995087669317738,12.117180187113544,19.011547630894373,3.2090556381568365,1000,40,198.98094224605083,1.0742261877168667e-23,10477.794204382342,0.0,268.28469108844433,True,near-thermal (small but resolvable deviation)
TSP_rand,feasibility,16,5,45,0.75,0.5654764786543502,1.454392162258955e-14,44786282387.35837,4200092394.610366,21.326331984900584,10.663165992450292,0.21875,0.16879505619125348,0.7716345425885873,0.0024552063806183625,0.014545487504305146,-20.346535510454718,0.3135966144433825,0.4922235044287738,5.466409286234728,0.9426320646657271,0.909954875558208,0.2617676875571415,0.05182892688624097,0.9516550369217122,5145,8.113638431279805,276.98008345681257,0.02356167858618432,0.0010244846055104877,12.117181652089773,19.011549924638448,3.2090556378121677,1000,38,163.88092935964542,3.100362982630642e-18,10487.64046725356,0.0,311.1921586299514,True,near-thermal (small but resolvable deviation)
TSP_rand,feasibility,16,5,46,0.75,0.5654764786869548,1.6764367671839864e-14,37463339902.38782,3513341682.6127133,21.326328770009084,10.663164385004542,0.21875,0.16879508165116663,0.7716346589767618,0.002455206751062336,0.014545487504999035,-20.346522070786307,0.31359661438183273,0.4922232875606235,5.466409286310377,0.9426320646777807,0.9099549152323251,0.26142023240822687,0.052176381973605857,0.9517161088141891,4956,8.113638431170749,276.9800834358753,0.023561605798941444,0.0010781962991948401,12.117179825728677,19.01154705839363,3.20905563803655,1000,39,215.05878425719476,5.6603719770736036e-27,10463.485421823287,0.0,242.68862074326918,True,near-thermal (small but resolvable deviation)
TSP_rand,feasibility,16,5,47,0.75,0.56547647857184,1.2545520178264269e-14,39983279920.56147,3749663706.6096616,21.326328465180257,10.663164232590129,0.21875,0.16879508404909702,0.7716346699387292,0.0024552067859381424,0.01454548750497972,-20.346520805095874,0.31359661441107134,0.49222326718385767,5.466409286078078,0.942632064669994,0.9099549189561311,0.2611390507759161,0.05245756363515525,0.9517655376029572,4976,8.113638431505478,276.9800835001394,0.023561661222787078,0.0010372946227534575,12.117179652660862,19.011546785285287,3.2090556375255703,1000,38,162.44738160513606,5.480296776800049e-18,10488.195224661436,0.0,313.93833290384185,True,near-thermal (small but resolvable deviation)
TSP_rand,feasibility,16,5,48,0.75,0.5654774657383098,1.6542323066914832e-14,51528193720.223495,4456986986.610903,23.12243400082511,11.561217000412555,0.21875,0.15568349585697744,0.7116959810604683,0.0022644918300014547,0.014545484205222288,-27.850179588849322,0.31359785208673835,0.628327197737629,5.466411532824807,0.9426318618341044,0.8850567334777781,0.26176379820616474,0.051834053880573605,0.9516557295146189,5142,8.113635190135208,276.97946119675987,0.02356172179304249,0.0010129616742347784,13.137583451624755,20.612730440884675,3.209061934194462,1000,38,208.9962947677556,2.9307606451154385e-26,10458.0644036173,0.0,244.01609713886083,True,near-thermal (small but resolvable deviation)
TSP_rand,feasibility,16,5,49,0.75,0.5654764786864894,1.5987211554602254e-14,40006226323.457664,3751815746.646228,21.326327850305276,10.663163925152638,0.21875,0.16879508891129683,0.7716346921659284,0.00245520685644858,0.014545487503720035,-20.346518240406922,0.313596614479475,0.4922232258849535,5.466409286290683,0.9426320646597117,0.9099549265146666,0.26149935462886836,0.05209725985060665,0.9517022008794751,5081,8.113638431198922,276.9800834412843,0.02356167090955342,0.0010301505353654135,12.117179302704617,19.011546239774034,3.209055637883889,1000,39,187.89625736221643,4.334725682233028e-22,10478.94192413556,0.0,277.77200282115945,True,near-thermal (small but resolvable deviation)
TSP_rand,feasibility,16,5,50,0.75,0.565476478776278,1.3433698597964394e-14,35683818105.53547,3346456674.607867,21.326329055024654,10.663164527512327,0.21875,0.16879507936989943,0.7716346485481117,0.00245520671746659,0.014545487502548712,-20.34652327835216,0.3135966145507385,0.49222330722856367,5.466409286455271,0.9426320646484024,0.9099549116367485,0.2597970295456212,0.05379958500511728,0.9520015216548543,4836,8.113638430961247,276.9800833956533,0.023561704428045064,0.00100541866432329,12.117179986382313,19.011547316005107,3.2090556381496804,1000,39,189.32892925617202,2.414692969664262e-22,10485.06056018899,0.0,275.670072899868,True,near-thermal (small but resolvable deviation)
TSP_rand,feasibility,16,5,51,0.75,0.5654764786518565,1.5210055437364645e-14,43531270707.171646,4082397122.6098757,21.326328331008675,10.663164165504337,0.21875,0.16879508512121444,0.7716346748398374,0.0024552068015342883,0.014545487504989647,-20.34652023917828,0.3135966143885248,0.49222325802489886,5.46640928623884,0.9426320646758057,0.9099549206342775,0.261772974773833,0.05182363961469183,0.9516541076532748,5161,8.113638431273722,276.980083455645,0.023561610836636493,0.0010744794953205683,12.117179576529526,19.011546666605785,3.209055637875664,1000,39,202.3458892205859,1.1363472350459381e-24,10469.96109590258,0.0,257.9361504755148,True,near-thermal (small but resolvable deviation)
TSP_rand,feasibility,16,10,42,0.25,0.9572443264074393,6.339373470609644e-14,13705137773.21321,4463956544.51076,6.140354475478103,3.0701772377390517,0.4375,0.9481561375675521,2.1672140287258332,0.017429386717174672,0.018382401406891596,29.298571765830335,0.23995987064157231,1.2507545902047164,7.50948454373546,0.9680457600992399,0.8334433498171167,0.2354642905987633,0.004495580042809005,0.9686256313316554,5133,5.166103889120656,35.904776803058816,0.039886622013674294,0.0010181989799137132,0.5766429065437757,3.4785116511787404,3.2981721716653625,1000,7,44.31123752788508,2.002557375966675e-08,14854.580535753712,0.0,249.83499245647755,True,near-thermal (small but resolvable deviation)
TSP_rand,feasibility,16,10,43,0.25,0.9572443316501157,5.2735593669694936e-14,10674039372.970583,3476685856.5080767,6.140353091142611,3.0701765455713055,0.4375,0.9481564181767579,2.167214670118304,0.01742939374247529,0.01838240337600716,29.298576056164958,0.2399597036676518,1.2507550572332566,7.50948458557351,0.9680457825123393,0.8334432885532403,0.23548297373830915,0.004476729929342643,0.9686232208856105,5188,5.166103828761135,35.90477530087366,0.03988660038641885,0.0010200680033720386,0.5766425567732791,3.4785099391244922,3.2981715244725307,1000,7,44.258427265445235,2.0526266622272106e-08,14854.579358715775,0.0,250.13310181854666,True,near-thermal (small but resolvable deviation)
TSP_rand,feasibility,16,10,44,0.25,0.9572443310543418,5.517808432387028e-14,9022973661.776632,2938909456.506838,6.14035498221933,3.070177491109665,0.4375,0.9481562055639018,2.167214184146061,0.01742939199057957,0.018382405650357682,29.298566802554383,0.23995944754025283,1.2507542253498924,7.50948458856785,0.9680458166322682,0.8334433993973445,0.23548323490272627,0.0044762126375265665,0.9686231882621271,5192,5.16610382444092,35.90477519335519,0.03988684067207601,0.0009995095267383463,0.5766424499621194,3.4785096544575898,3.2981705149879073,1000,7,43.913052125533866,2.4122909018149826e-08,14852.979158367896,0.0,252.1003928824901,True,near-thermal (small but resolvable deviation)
TSP_rand,feasibility,16,10,45,0.25,0.9572443064432372,5.551115123125783e-14,12895026853.948366,4200090160.5101814,6.14035716432431,3.070178582162155,0.4375,0.9481556100389769,2.1672128229462326,0.017429373848692725,0.018382398062250813,29.29856313095712,0.23996007164126912,1.2507535900868096,7.509484396019421,0.9680457327045695,0.8334434797214838,0.23548327558918586,0.0044767960520832595,0.9686231795967526,5171,5.166104102229845,35.90478210677041,0.03988654773154582,0.0010244851504514671,0.5766435209596772,3.478514418432214,3.2981729604379724,1000,7,44.512491432876836,1.82265928989733e-08,14851.116300779022,0.0,248.7054158765804,True,near-thermal (small but resolvable deviation)
TSP_rand,feasibility,16,10,46,0.25,0.9572443039100857,5.440092820663267e-14,10786574748.635757,3513339448.5125284,6.140354444374886,3.070177222187443,0.4375,0.9481559473252037,2.16721359388618,0.01742937778184423,0.018382395671316935,29.298575870972392,0.23996031346370025,1.2507547152895024,7.509484371174719,0.9680457003965822,0.8334433293328973,0.23545713416862757,0.0045031792950726846,0.9686265523991752,5173,5.166104138072888,35.90478299880695,0.03988591981153445,0.0010781969848099326,0.5766435547173251,3.478514184414955,3.29817391180812,1000,7,54.39439030739131,1.7389351522670022e-10,14846.089416085591,0.0,203.52278297367099,True,near-thermal (small but resolvable deviation)
TSP_rand,feasibility,16,10,47,0.25,0.9572442941619546,6.084022174945858e-14,11512124757.209677,3749661472.509477,6.140354184829991,3.0701770924149954,0.4375,0.9481559796218864,2.167213667707169,0.017429378113610273,0.018382395395070868,29.298577166280232,0.2399602638362019,1.2507547522917668,7.50948430317498,0.968045706715873,0.8334433228972924,0.23518855726569476,0.004771706570507128,0.968661217303413,5035,5.166104236175872,35.904785440325334,0.03988639748819863,0.0010372952407879455,0.5766435424229887,3.478513861263456,3.2981737177545627,1000,7,44.1987978121261,2.1106626467751037e-08,14849.530155286542,0.0,250.470561225969,True,near-thermal (small but resolvable deviation)
TSP_rand,feasibility,16,10,48,0.25,0.9575314999775668,5.062616992290714e-14,15406209304.492222,4456984752.510718,6.913287866113324,3.456643933056662,0.4375,0.8424179264830055,1.9255266891040126,0.01549315167667021,0.018391289156621193,26.13528447492941,0.24073368044118576,0.9874939651716286,7.511200899313235,0.9679500410562581,0.8685304815556302,0.23624751687180795,0.00448616356937781,0.9685285074512167,5185,5.163627711440118,35.84320429439689,0.0398984735921057,0.0010129621819901307,0.647965818632829,3.9207186712880193,3.3028836933896577,1000,7,45.80825431703772,9.936153780349151e-09,14853.299172157735,0.0,241.67036833357002,True,near-thermal (small but resolvable deviation)
TSP_rand,feasibility,16,10,49,0.25,0.9572443126224087,5.684341886080802e-14,11518730923.417025,3751813512.5460434,6.1403536635808,3.0701768317904,0.4375,0.9481562026635583,2.1672141775167044,0.017429386184645217,0.018382399583193806,29.29857639584758,0.23995995235790715,1.2507548785349691,7.5094844434501,0.968045748790757,0.8334433091973579,0.23536629798402678,0.004593654373880374,0.9686382780777317,5103,5.166104033801827,35.904780403781956,0.03988648177074811,0.0010301511487912922,0.5766430144036243,3.4785117437350643,3.298172485860431,1000,7,44.51271049836808,1.822472523495691e-08,14851.11560220102,0.0,248.70419189418314,True,near-thermal (small but resolvable deviation)
TSP_rand,feasibility,16,10,50,0.25,0.9572443317768161,4.9182879990894435e-14,10274208597.184042,3346454440.507682,6.140354682746177,3.0701773413730886,0.4375,0.948156247916955,2.16721428095304,0.017429392655202807,0.01838240553020052,29.298568115310673,0.23995946266422397,1.2507543472821132,7.5094845934013215,0.968045814638853,0.8334433832674526,0.23508627499260212,0.0048731876716218425,0.9686744239931262,4968,5.166103817467941,35.90477501981661,0.03988677163195948,0.0010054193355429537,0.576642431549818,3.478509554933641,3.298170567949158,1000,7,48.39937207509287,2.9438765230979256e-09,14850.762709241013,0.0,228.73225868179017,True,near-thermal (small but resolvable deviation)
TSP_rand,feasibility,16,10,51,0.25,0.9572443025916605,6.09512440519211e-14,12533675038.866932,4082394888.5096908,6.140354072137517,3.0701770360687584,0.4375,0.9481560310464499,2.1672137852490283,0.01742938003916269,0.018382396428915225,29.29857687990271,0.23996022281754872,1.2507548095957965,7.509484364243965,0.9680457124379794,0.833443316620885,0.23547347780082223,0.0044867450167264955,0.968624443371238,5178,5.166104148071873,35.90478324765467,0.039885963235212644,0.0010744800833319944,0.5766434294166545,3.4785135071415687,3.2981735608728164,1000,7,49.89918915208058,1.45320633735049e-09,14848.653505497039,0.0,221.85726625288785,True,near-thermal (small but resolvable deviation)
TSP_rand,feasibility,16,10,42,0.5,0.9573038933957184,5.540012892879531e-14,18544004061.33209,4463956611.238733,8.308326301669043,4.154163150834521,0.4375,0.7006572137836966,1.6015022029341637,0.012877265333531384,0.018378837868508392,20.435799602455653,0.24019116199748053,0.6325746510871335,7.50933796718647,0.9680143358779372,0.9157615952496354,0.2357088910017381,0.004482270995742416,0.9685924819152261,5133,5.1663153543805915,35.91003998704508,0.039888731682793846,0.0010181989646935038,0.7803718935048561,4.715043017896945,3.303628903789946,1000,7,44.714445559013754,1.6583323025910322e-08,14853.690738754545,0.0,247.5821304527997,True,near-thermal (small but resolvable deviation)
TSP_rand,feasibility,16,10,43,0.5,0.9573038988696613,4.829470157119431e-14,14442717870.333582,3476685923.236049,8.308324760546968,4.154162380273484,0.4375,0.7006574202895114,1.6015026749474546,0.012877271262851712,0.01837884091419574,20.435806229279848,0.24019089628660337,0.6325748180599114,7.509338024971596,0.9680143715081314,0.9157615736625061,0.23572773342278783,0.00446316286381554,0.9685900514327058,5184,5.166315271014432,35.910037911982826,0.039888715705705874,0.0010200679837938913,0.7803712873721005,4.715040104479921,3.3036278361664895,1000,7,44.66479786779047,1.6973067083571785e-08,14853.689861312363,0.0,247.8573333363213,True,near-thermal (small but resolvable deviation)
TSP_rand,feasibility,16,10,44,0.5,0.9573038938015767,6.006306563222097e-14,12208710474.66062,2938909523.2348104,8.308326866233493,4.1541634331167465,0.4375,0.7006572013954361,1.6015021746181397,0.012877266065586136,0.018378839238274637,20.43579747868306,0.24019102033097645,0.6325744521272466,7.509337980615292,0.9680143548005152,0.9157616218952745,0.23572824385504437,0.004462776475932073,0.9685899848507775,5178,5.166315335007262,35.91003950482464,0.03988889374782104,0.0009995095040444717,0.7803717172235566,4.715042270170618,3.3036283214789286,1000,7,44.32487559868295,1.9898261614877023e-08,14852.134083294173,0.0,249.7581221377483,True,near-thermal (small but resolvable deviation)
TSP_rand,feasibility,16,10,45,0.5,0.957303880032805,5.229150445984487e-14,17447866340.371548,4200090227.2381535,8.308329295985011,4.154164647992506,0.4375,0.7006568679157694,1.6015014123789015,0.012877256359896836,0.018378834133464736,20.435786984509303,0.24019144102507928,0.6325741776088571,7.5093378528080015,0.9680142982333305,0.9157616570184925,0.23572818686574287,0.004463254159336405,0.9685899899102665,5170,5.166315519394181,35.91004409438916,0.03988867663797889,0.0010244851341751939,0.7803727318372684,4.715046949473318,3.303630027693778,1000,7,45.51308121831346,1.1409937723730504e-08,14850.137449893087,0.0,243.23771094324044,True,near-thermal (small but resolvable deviation)
TSP_rand,feasibility,16,10,46,0.5,0.9573038790583804,5.67323965583455e-14,14594985490.475664,3513339515.240501,8.308326267452454,4.154163133726227,0.4375,0.7006570896329216,1.6015019191609636,0.012877259511952862,0.01837883281634863,20.435799200028182,0.24019157145475206,0.6325748655967438,7.5093378362616905,0.9680142807938543,0.915761565215229,0.23570220006777085,0.004489371386981217,0.9685933432006087,5158,5.166315543265615,35.91004468857173,0.03988821090329904,0.001078196964332009,0.7803726630277804,4.715046219416793,3.30363056158128,1000,7,54.728881162383715,1.4842249279663002e-10,14845.73037145585,0.0,202.27889659701896,True,near-thermal (small but resolvable deviation)
TSP_rand,feasibility,16,10,47,0.5,0.9573038688427832,5.384581669432009e-14,15576705188.286724,3749661539.237449,8.308325978378562,4.154162989189281,0.4375,0.7006570288464556,1.60150178022047,0.012877256003679935,0.01837882940371087,20.43580004709491,0.24019183700025062,0.6325750549120785,7.509337745188738,0.9680142450438932,0.915761538982932,0.23540789481290791,0.00478394218734271,0.9686313269259992,5010,5.166315674655936,35.91004795900132,0.039888565105678286,0.0010372952223285173,0.7803731394760332,4.715048144896853,3.3036316240714214,1000,7,46.216930211199795,8.203812990930375e-09,14848.235201547586,0.0,239.5333840418858,True,near-thermal (small but resolvable deviation)
TSP_rand,feasibility,16,10,48,0.5,0.9556884280146231,5.1514348342607263e-14,20416261259.888416,4456984819.23869,9.161467713222219,4.5807338566111095,0.4375,0.6350998926652462,1.4516568975205628,0.01166375273976965,0.018365225493617708,16.94136501980997,0.22989419138977527,0.47341489625267674,7.497592137143465,0.9693375970332039,0.9368577421133173,0.22575400219530248,0.0041401891944727875,0.9698731634280928,5182,5.1832610051349,36.33432009664725,0.039821333181584206,0.0010129621668245165,0.86266733858139,5.150685240986355,3.271199643702902,1000,8,90.80212502625004,2.0644130543919804e-17,14799.715381125792,0.0,138.67062296288628,True,near-thermal (small but resolvable deviation)
TSP_rand,feasibility,16,10,49,0.5,0.9573038836419975,5.1181281435219717e-14,15585644024.395151,3751813579.2740154,8.308325397879182,4.154162698939591,0.4375,0.7006572253847804,1.6015022294509265,0.012877263726625923,0.018378835270776103,20.435803053459118,0.2401913495012434,0.6325749191472523,7.509337885002583,0.9680143105584653,0.9157615586308067,0.23561191123813083,0.0045794382631125785,0.9686049973613107,5102,5.166315472947196,35.91004293827981,0.03988862766776882,0.0010301511304695139,0.7803721877079753,4.7150440095934005,3.3036296533288416,1000,7,45.82030209612357,9.880209776831576e-09,14850.03508583387,0.0,241.60682464057624,True,near-thermal (small but resolvable deviation)
TSP_rand,feasibility,16,10,50,0.5,0.9573038948420145,5.1958437552457326e-14,13901718386.550783,3346454507.2356544,8.308326532748431,4.154163266374216,0.4375,0.7006572386488569,1.6015022597688158,0.012877267002441907,0.018378839598195473,20.43579888488408,0.24019099030514268,0.6325745040486772,7.509337990177425,0.9680143588397108,0.915761615088292,0.23529943737756312,0.004891552927579562,0.9686453305590608,4942,5.16631532121193,35.91003916144582,0.0398888425556913,0.0010054193154949913,0.7803716285865142,4.715041843468024,3.3036281981581213,1000,7,48.78664816446034,2.4536152975496054e-09,14850.194292348477,0.0,226.9165460229525,True,near-thermal (small but resolvable deviation)
TSP_rand,feasibility,16,10,51,0.5,0.9573038772913036,6.317169010117141e-14,16958933773.566969,4082394955.2376633,8.308325852602215,4.154162926301107,0.4375,0.7006571200136414,1.601501988602609,0.01287725993666383,0.018378832625597405,20.43580088527892,0.24019157709246272,0.6325749478701879,7.509337823431997,0.9680142799884467,0.915761554115156,0.23571840387038448,0.004473173222078242,0.9685912518270715,5176,5.166315561774379,35.910045149272406,0.03988824307480148,0.0010744800657692944,0.7803726489348174,4.715046045657284,3.3036305830819415,1000,7,50.27111475501976,1.2195878296131086e-09,14848.122790247508,0.0,220.2158783918935,True,near-thermal (small but resolvable deviation)
TSP_rand,feasibility,16,10,42,0.75,0.9556690681857208,4.807265696626928e-14,23801178973.153584,4463956725.310955,10.663714026706034,5.331857013353017,0.4375,0.5456231856452516,1.2471387100462894,0.010020273414300196,0.01836482333948156,10.790442653086306,0.2298088479065433,0.31158432506285966,7.497464110093474,0.9693484564204632,0.9584413715774392,0.2256664359811602,0.004142411925383088,0.9698843256607651,5133,5.183445709124845,36.33897217024748,0.039820353791837786,0.0010181989386743855,1.0040127090948208,5.994785999590838,3.2708942343583067,1000,8,97.2685663858054,9.313414722406478e-19,14796.106979724551,0.0,129.45176136143294,True,near-thermal (small but resolvable deviation)
TSP_rand,feasibility,16,10,43,0.75,0.955669068974662,4.085620730620576e-14,18537189988.564934,3476686037.308271,10.66371239142252,5.33185619571126,0.4375,0.5456232701439951,1.2471389031862745,0.010020274989734361,0.01836482338278922,10.790449389339713,0.2298088488975053,0.31158444566633303,7.497464115635244,0.9693484563109463,0.9584413555222554,0.2256859387628172,0.004122910134688101,0.9698818013789167,5182,5.183445701130434,36.3389719688822,0.03982034156220264,0.001020067950324829,1.0040125470113608,5.99478507630317,3.2708942371429552,1000,8,77.60116200022257,1.117235377922152e-14,14811.463949800518,0.0,162.26029249030918,True,near-thermal (small but resolvable deviation)
TSP_rand,feasibility,16,10,44,0.75,0.9556690669208996,5.362377208939506e-14,15669846840.537502,2938909637.307032,10.663714625058036,5.331857312529018,0.4375,0.5456231527108111,1.2471386347675681,0.01002027273477936,0.01836482320260017,10.790440098055063,0.22980884787626793,0.31158427921945187,7.497464101262903,0.9693484563883996,0.958441377643013,0.22568548133192384,0.004123366544344087,0.9698818605316771,5164,5.183445721864894,36.33897249114708,0.03982047636309409,0.0009995094652490394,1.0040127752918064,5.994786347642184,3.270894226828257,1000,8,90.40301889991491,2.498731632904151e-17,14801.122137051925,0.0,139.28281817318637,True,near-thermal (small but resolvable deviation)
TSP_rand,feasibility,16,10,45,0.75,0.9556690610379317,5.1181281435219717e-14,22394287813.222034,4200090341.310375,10.663717202918686,5.331858601459343,0.4375,0.545623015993437,1.247138322270713,0.010020270092773264,0.018364822962112348,10.790429299048194,0.22980883642618838,0.311584075370829,7.497464060455606,0.9693484577487627,0.9584414046058268,0.2256849073604507,0.0041239290657376915,0.9698819347042525,5167,5.183445780737471,36.338973974044684,0.039820312259517085,0.001024485106350722,1.0040130746243612,5.994787793626566,3.2708941961991687,1000,8,82.32162496630954,1.1833643207866207e-15,14805.971017966242,0.0,152.95600941911846,True,near-thermal (small but resolvable deviation)
TSP_rand,feasibility,16,10,46,0.75,0.9556690610823745,4.518607710224387e-14,18732624478.143406,3513339629.3127227,10.663713989875706,5.331856994937853,0.4375,0.5456231816586958,1.247138700934162,0.010020273177774786,0.018364823040166896,10.790442509942316,0.2298088330708956,0.31158430656444924,7.497464061158979,0.9693484581991619,0.9584413737734832,0.22566245337233198,0.004146379698563629,0.9698848410056549,5136,5.183445779722751,36.33897394848566,0.03981995986221839,0.001078196929324769,1.0040127692410825,5.994785960761739,3.270894189273702,1000,7,46.835378012688594,6.137861703110732e-09,14819.625571335633,0.0,236.37041406001137,True,near-thermal (small but resolvable deviation)
TSP_rand,feasibility,16,10,47,0.75,0.9556690570264574,6.006306563222097e-14,19992659140.18906,3749661653.3096714,10.663713683362532,5.331856841681266,0.4375,0.545623192487087,1.2471387256847704,0.010020273233127179,0.018364822777148213,10.790443530983772,0.22980882902170027,0.31158431963831734,7.497464032685628,0.9693484586228309,0.9584413718718826,0.2252988726005573,0.004509956421142963,0.969931902650541,4985,5.183445820800935,36.33897498317352,0.03982022804618175,0.0010372951907719177,1.0040127809712103,5.994785813363817,3.270894173763865,1000,8,90.44821653488499,2.4452858146668257e-17,14799.55740514529,0.0,139.21321753080147,True,near-thermal (small but resolvable deviation)
TSP_rand,feasibility,16,10,48,0.75,0.9556589749356097,5.750955267558311e-14,25765207578.58816,4456984933.310913,11.561720743555773,5.780860371777886,0.4375,0.5032401987456092,1.1502633114185354,0.009241796847623364,0.018364583891866605,7.1133568319579625,0.2297652036958394,0.2613963375302294,7.497395029262091,0.9693539952478063,0.9651350453710912,0.22560124184389402,0.004163961851945369,0.9698926618151302,5179,5.183545371698129,36.341482583377065,0.03981990204949596,0.0010129621408987287,1.088515935194101,6.4993680453839495,3.2707432668798804,1000,8,90.68697756312766,2.1813364212578706e-17,14799.465932618277,0.0,138.84669642870074,True,near-thermal (small but resolvable deviation)
TSP_rand,feasibility,16,10,49,0.75,0.9556690632919947,5.850875339774575e-14,20004132354.733883,3751813693.346237,10.663713067741499,5.3318565338707495,0.4375,0.545623229123935,1.247138809426137,0.010020274048156785,0.018364823037768322,10.790446309582135,0.22980884204469168,0.31158438291234947,7.49746407588985,0.9693484570624746,0.9584413636719735,0.2255810623691739,0.004227779675517768,0.969895375849401,5102,5.183445758470445,36.33897341317712,0.039820275182465066,0.0010301510991482282,1.0040126662016644,5.994785481796337,3.270894212483002,1000,8,89.13513936161831,4.5818541395586575e-17,14800.758362715096,0.0,141.2640102873495,True,near-thermal (small but resolvable deviation)
TSP_rand,feasibility,16,10,50,0.75,0.955669067568083,5.129230373768223e-14,17842817952.041515,3346454621.307876,10.663714271474632,5.331857135737316,0.4375,0.54562317116895,1.2471386769576,0.010020273082911927,0.018364823219373855,10.790441565244148,0.22980884968511894,0.3115843071088535,7.497464105678007,0.969348456165188,0.9584413739476414,0.22520057586868444,0.004608273816434499,0.9699446271326274,4906,5.18344571549592,36.338972330723756,0.039820437618911166,0.0010054192812227756,1.0040127366203955,5.994786153926311,3.270894231784987,1000,8,93.7201806785359,5.1053783780498435e-18,14797.683290277906,0.0,134.35299796245215,True,near-thermal (small but resolvable deviation)
TSP_rand,feasibility,16,10,51,0.75,0.955669060438151,6.328271240363392e-14,21766745808.49067,4082395069.309885,10.663713549982443,5.331856774991222,0.4375,0.5456232029582144,1.2471387496187758,0.010020273532826866,0.018364822973986044,10.790444253242985,0.2298088342110668,0.3115843383700809,7.49746405633266,0.9693484580273565,0.9584413695045454,0.2256754149507856,0.004133419260281185,0.9698831633246952,5176,5.183445786685137,36.33897412385603,0.039819984233124966,0.0010744800357456621,1.0040127376302954,5.99478573425652,3.2708941933732536,1000,8,90.28637823566909,2.6421119300412913e-17,14801.125401957159,0.0,139.46275717115287,True,near-thermal (small but resolvable deviation)
TSP_rand,feasibility,16,20,42,0.25,0.9963004859495059,9.481304630298837e-14,6853605937.911198,4463955608.260862,3.0706425150053556,1.5353212575026778,0.875,2.6620992165300184,3.0423991046057353,0.10597073315030432,0.03980720646784706,16.864082784019942,0.04457546224310542,1.3841997184785995,7.869581768315813,0.9943357266554401,0.8241075880230881,0.04380683712086599,0.0007686251222394289,0.9944328533002772,5144,4.646593408980392,25.047477419486103,0.041516599927041875,0.0010181991934661708,0.030347699959686253,0.5967421092847733,1.5885867015974657,1000,3,0.06472957658756451,0.7991710404233129,9773.474511253926,0.0,59346.26832445755,True,thermal (bingo)
TSP_rand,feasibility,16,20,43,0.25,0.996294381531907,1.2567724638756772e-13,5337825857.7431555,3476684920.2581787,3.070641130946527,1.5353205654732636,0.875,2.661776794167201,3.0420306219053725,0.10591888503906675,0.039792549574843655,16.869293832805855,0.04459133895062356,1.3841652172492775,7.86952089396811,0.9943336653461582,0.8241106115735428,0.043823349172595304,0.0007679897780282566,0.9944307122480286,5192,4.646681232100136,25.049002214749002,0.04151628378208584,0.0010200682780700876,0.030376520210770603,0.5968795160498502,1.5887600447352408,1000,3,0.06495763064588103,0.7988251537212304,9773.365949401317,0.0,59137.914706833835,True,thermal (bingo)
TSP_rand,feasibility,16,20,44,0.25,0.9963287951924716,1.1168843627729075e-13,4512169464.025646,2938908520.25694,3.07064301792637,1.535321508963185,0.875,2.6636041426647408,3.0441190201882753,0.10621244859255675,0.03987546305822268,16.83987297502229,0.04450177857401839,1.3843647716768563,7.8698643111984365,0.9943452927757986,0.8240929300767013,0.0437396488278978,0.0007621297461205892,0.9944415960271816,5194,4.646185785764842,25.04040143269633,0.0415183975056307,0.0009995098451527121,0.030213898437304966,0.5961024693932693,1.5877810069285938,1000,3,0.06130594944617207,0.8044436146978843,9774.5294716646,0.0,62660.45718885752,True,thermal (bingo)
TSP_rand,feasibility,16,20,45,0.25,0.996351449681956,1.0769163338864018e-13,6448491912.742611,4200089224.260283,3.070645202247252,1.535322601123626,0.875,2.664814286211753,3.045502041384861,0.10640743127615453,0.03993052417450869,16.82038805698379,0.04444248293928236,1.3844955327643542,7.87009068411341,0.9943529897274254,0.8240813748742309,0.04368420759989365,0.0007582753393887073,0.9944488038716998,5182,4.645859198683832,25.03473360559151,0.041518515365359596,0.0010244853788214058,0.030106711008749815,0.5955889444658117,1.5871339279222734,1000,3,0.062203182587046435,0.8030470084250446,9774.527259254959,0.0,61756.628213008786,True,thermal (bingo)
TSP_rand,feasibility,16,20,46,0.25,0.9963295824087078,1.092459456231154e-13,5394103250.117042,3513338512.2626305,3.070642485083612,1.535321242541806,0.875,2.66364767324363,3.044168769421291,0.10621940627297488,0.03987742348207309,16.839179731874577,0.0444995769516829,1.3843697962258936,7.869872168609502,0.9943455781748046,0.824092467251537,0.04373433399270314,0.000765242958979756,0.9944422747834136,5176,4.6461744499169395,25.04020468074334,0.0415158278685764,0.001078197272132607,0.030210155208879118,0.596084248989295,1.5877584228775121,1000,3,0.0656573319288787,0.7977679430033533,9773.529099865267,0.0,58507.68996911528,True,thermal (bingo)
TSP_rand,feasibility,16,20,47,0.25,0.9963708730189607,1.1357581541915351e-13,5756932982.010767,3749660536.2595787,3.0706422228576002,1.5353211114288001,0.875,2.66586025934213,3.0466974392481485,0.1065757413360208,0.03997799245573402,16.80363877268991,0.0443915387059521,1.3846117740584825,7.870284959058712,0.9943596021062926,0.8240709477152042,0.04363423801735202,0.0007573006886000752,0.9944552913578059,5113,4.645578919182817,25.029870456484055,0.0415189009285014,0.0010372954997894081,0.03001468149134107,0.5951465539802836,1.5865775467404537,1000,3,0.06209030526035681,0.8032221191089292,9774.732199047226,0.0,61868.898930133124,True,thermal (bingo)
TSP_rand,feasibility,16,20,48,0.25,0.9897147102012945,1.2656542480726785e-13,7704085198.522079,4456983816.26082,3.457084663585523,1.7285423317927615,0.875,1.9742075903059435,2.2562372460639355,0.048902732389012674,0.024770815708106058,22.47742685545543,0.16537627049830114,1.0976318353396823,7.79593581827815,0.9787868609550935,0.8592046085389514,0.1629757674874862,0.0024005030108149306,0.9790883391304815,5194,4.752842055881326,26.961746650384725,0.04123932992293785,0.0010129623947765752,0.12539959462572153,1.4657317178553466,2.893658682742195,1000,4,26.005074571848347,2.2546015746398084e-06,15521.227154288728,0.0,230.39597639123906,True,near-thermal (small but resolvable deviation)
TSP_rand,feasibility,16,20,49,0.25,0.9963444585336706,1.0802470029602773e-13,5760236074.216663,3751812576.296145,3.070641700286249,1.5353208501431246,0.875,2.664442638098189,3.0450773006836447,0.10634721212467844,0.03991349282737284,16.82641794126486,0.044460803840011776,1.3844575029311947,7.87002080054562,0.9943506116480748,0.8240846450068834,0.043687821877169956,0.0007729819628418191,0.994448284907993,5104,4.645960019360193,25.03648318322149,0.04151803670885643,0.001030151405861412,0.030139771820186304,0.5957470352195327,1.5873338021595065,1000,3,0.06164753124306491,0.8039106477207815,9774.592972180419,0.0,62313.262887169985,True,thermal (bingo)
TSP_rand,feasibility,16,20,50,0.25,0.9963285275985532,1.141309269314661e-13,5137881541.74108,3346453504.257784,3.0706427178528037,1.5353213589264019,0.875,2.663590021844976,3.044102882108544,0.10621014532972863,0.03987480973372942,16.840105211157667,0.04450249091506108,1.3843634564586114,7.869861639132662,0.9943452003407819,0.8240930374715988,0.0437321132327934,0.0007703776822676825,0.9944425459332226,5073,4.646189640741309,25.040468342392757,0.041518190903304004,0.001005419616832907,0.03021516233030326,0.5961084974228356,1.5877886456724666,1000,3,0.06105605257628911,0.8048345253846027,9774.585850685422,0.0,62916.92074089219,True,thermal (bingo)
TSP_rand,feasibility,16,20,51,0.25,0.9963410700346376,1.1046719095020308e-13,6267785393.57474,4082393952.259793,3.0706421118937985,1.5353210559468993,0.875,2.6642616146308495,3.044870416720971,0.10631812625523836,0.039905287705753106,16.82931855227924,0.044469577653044844,1.3844373176288878,7.869986933429863,0.9943494724922416,0.8240864528315641,0.04370913764812845,0.0007604400049163948,0.9944455611126901,5186,4.646008879279842,25.03733111104869,0.04151642951106762,0.0010744803297515902,0.030155803851744278,0.5958238246255185,1.587430545032312,1000,3,0.06390617343943802,0.8004253149983177,9774.035683298178,0.0,60110.91908568997,True,thermal (bingo)
TSP_rand,feasibility,16,20,42,0.5,0.9973376636384285,1.0491607582707729e-13,9273156363.982708,4463955641.624848,4.154681232722709,2.0773406163613544,0.875,2.0207405169836465,2.309417733695596,0.08735520756111986,0.04322930471623082,13.115881113120883,0.03916175196125616,0.6895145630050222,7.87970514968946,0.9950300485592662,0.9124948776754425,0.038563619734002436,0.000598132227253724,0.9951055849795497,5137,4.631988456875883,24.795191401492193,0.041558659413730575,0.001018199185856063,0.03286301886125041,0.7704781769386447,1.5569364695916144,1000,3,0.04764109048401022,0.8272200010901959,9785.806400496636,0.0,80633.31006210779,True,thermal (bingo)
TSP_rand,feasibility,16,20,43,0.5,0.9973376662132414,1.0613732115416497e-13,7222256185.428705,3476684953.6221642,4.154679691586227,2.0773398457931136,0.875,2.0207413647742434,2.3094187025991353,0.087355257862752,0.043229311472283,13.115883265714494,0.03916175319925713,0.6895153167714456,7.879705176127577,0.9950300484188289,0.9124947823098246,0.03856626547337828,0.0005954877258788488,0.9951052508470406,5189,4.631988418733188,24.795190745944506,0.04155861522398435,0.0010200682682810086,0.03286299509284089,0.7704778365065851,1.5569364348706232,1000,3,0.04774424640980896,0.8270359992484827,9785.781175917456,0.0,80459.0942272137,True,thermal (bingo)
TSP_rand,feasibility,16,20,44,0.5,0.9973376599711448,1.0236256287043943e-13,6105114928.970579,2938908553.6209254,4.154681792632631,2.0773408963163154,0.875,2.020739828621213,2.309416946995672,0.08735511403979974,0.043229273161505266,13.115887274775966,0.039161781351473995,0.6895142755552872,7.879705115653924,0.9950300448079364,0.9124949137772315,0.038566357976784114,0.000595423374689881,0.9951052391091121,5194,4.631988505978419,24.795192245403598,0.041559102187613314,0.0009995098338057677,0.032863031763675395,0.7704784086685529,1.5569364074892362,1000,3,0.04557284237146405,0.8309541728585944,9786.318699995505,0.0,84292.71954078294,True,thermal (bingo)
TSP_rand,feasibility,16,20,45,0.5,0.997337643439522,1.1524114995609125e-13,8725022290.658672,4200089257.6242685,4.154684224779489,2.0773421123897444,0.875,2.0207382174974473,2.3094151057113685,0.0873549891962033,0.04322924584679096,13.115887575969667,0.03916175032025504,0.6895130094920727,7.879704943266738,0.9950300486373264,0.9124950725367875,0.038566305520593765,0.0005954447996612752,0.995105245646339,5178,4.631988754681089,24.795196519786522,0.04155850958849218,0.0010244853706832654,0.032863132842612226,0.7704791710489314,1.5569367067243285,1000,3,0.04635852512107491,0.8295254000068171,9786.121913496852,0.0,82864.1293195019,True,thermal (bingo)
TSP_rand,feasibility,16,20,46,0.5,0.9973376455657902,1.2445600106048005e-13,7298400801.606476,3513338545.626616,4.154681199562441,2.0773405997812207,0.875,2.020739974371316,2.309417113567218,0.08735510921063813,0.04322926765370477,13.115889668326204,0.0391617282204147,0.6895144696170556,7.879704962433603,0.9950300514540686,0.912494887447651,0.038563877520242,0.0005978507001727015,0.995105552320413,5174,4.631988727028568,24.795196044530375,0.04155723672218578,0.0010781972618936397,0.032863105861091625,0.7704785269482831,1.556936758799123,1000,3,0.0484998713683937,0.8256944761831944,9785.594843226,0.0,79205.5465779549,True,thermal (bingo)
TSP_rand,feasibility,16,20,47,0.5,0.9973376324308,1.0702549957386509e-13,7789321589.109022,3749660569.6235647,4.154680907499319,2.0773404537496596,0.875,2.020739457839659,2.3094165232453245,0.08735499192784159,0.04322922066421737,13.115901364699129,0.039161739446296154,0.6895145325796468,7.879704829622734,0.9950300499456436,0.9124948779822937,0.03856070288600382,0.0006010365602923326,0.9951059531770663,5082,4.631988918634171,24.79519933760249,0.041558205534199935,0.0010372954905596894,0.03286315960370191,0.7704787776202925,1.556936867365393,1000,3,0.046439656047245724,0.8293785863778849,9786.10146291066,0.0,82719.36417414444,True,thermal (bingo)
TSP_rand,feasibility,16,20,48,0.5,0.9973401471426935,1.1235457009206584e-13,10209202798.869228,4456983849.624806,4.581215971751233,2.2906079858756163,0.875,1.8326260990942522,2.0944298275362883,0.07922643563426904,0.04323109644320001,12.087204118520704,0.0391820685168718,0.5090446493665337,7.8797325383349355,0.9950274875033828,0.9353982325047165,0.03858794173574265,0.0005941267811291548,0.9951025175951779,5193,4.631948943412909,24.79451230408574,0.041558603555549745,0.001012962387193765,0.03611573688110871,0.849625344484261,1.5570455807538015,1000,3,0.04633173095368922,0.8295739159609479,9786.166519469985,0.0,82912.0505886959,True,thermal (bingo)
TSP_rand,feasibility,16,20,49,0.5,0.9973376486073012,1.084687895058778e-13,7793791017.37868,3751812609.6601305,4.154680325617171,2.0773401628085857,0.875,2.0207402198685562,2.309417394135493,0.08735508851766075,0.04322925216153859,13.115895585600828,0.03916176307984489,0.6895149094021535,7.879704997523653,0.9950300470522497,0.9124948320249493,0.038556479538333355,0.0006052835415115351,0.9951064866624405,5104,4.63198867640423,24.79519517446406,0.04155837552169835,0.0010301513967005183,0.032863076360611636,0.7704783546074585,1.5569365996934392,1000,3,0.04592843732958204,0.8303059366370001,9786.229246456764,0.0,83640.09411267046,True,thermal (bingo)
TSP_rand,feasibility,16,20,50,0.5,0.9973376613669759,1.0758061108617767e-13,6951724232.407287,3346453537.6217694,4.154681458597319,2.0773407292986596,0.875,2.0207400028669804,2.309417146133692,0.08735512232023929,0.04322927353162792,13.115888026196767,0.03916178671512893,0.6895144443397795,7.879705130529202,0.9950300441366263,0.9124948925222699,0.03854924501875906,0.0006125416963698727,0.995107400429157,5034,4.631988484518028,24.795191876569923,0.04155896218663206,0.0010054196068089204,0.03286302156882594,0.770478324778591,1.5569363722220362,1000,3,0.04540269772743133,0.8312652754845448,9786.361423990238,0.0,84608.60285782539,True,thermal (bingo)
TSP_rand,feasibility,16,20,51,0.5,0.997337641814195,1.0946799022804043e-13,8480521922.116168,4082393985.6237783,4.154680783863818,2.077340391931909,0.875,2.0207399858099935,2.3094171266399925,0.08735508215902898,0.04322925402201787,13.115893860922553,0.03916173171183372,0.6895146468214789,7.879704924535378,0.9950300509870752,0.9124948645380734,0.03856593609419142,0.0005957956176423015,0.995105292303587,5185,4.631988781704204,24.79519698422526,0.0415573246600946,0.0010744803209702363,0.0328631186208634,0.770478537238061,1.556936788405344,1000,3,0.047419102639551305,0.8276166755034102,9785.858951677754,0.0,81010.78693737334,True,thermal (bingo)
TSP_rand,feasibility,16,20,42,0.75,0.9902720683702632,1.0624834345662748e-13,11901813508.738997,4463955698.660959,5.332406642077183,2.6662033210385916,0.875,1.4325522275472735,1.6372025457683126,0.04692281410804915,0.032754696970725784,11.882327139702195,0.04158986920779008,0.26479108292866643,7.814127108989733,0.9946776052362979,0.9661137988625705,0.04059355637995444,0.0009963128278356395,0.9948044442824513,5134,4.726597570984141,26.475711882122962,0.04126384542344831,0.001018199172846498,0.08735061317632428,1.1497823913176026,1.6471233258766627,1000,4,3.0099180017669322,0.22202639653145181,15558.163529831063,0.0,1990.5740101859162,True,thermal (bingo)
TSP_rand,feasibility,16,20,43,0.75,0.9902721248666186,1.1501910535116622e-13,9269546279.334463,3476685010.658275,5.332405007020966,2.666202503510483,0.875,1.432553506539644,1.6372040074738787,0.0469229310846963,0.0327547493831762,11.882324774921988,0.041589803544421836,0.2647915784167603,7.814127589396126,0.994677613966675,0.9661137375366016,0.0405965089946459,0.0009932945497759388,0.9948040687049979,5189,4.726596877904104,26.475699163022632,0.041263809757386846,0.001020068251546468,0.08735020587716019,1.1497807640392856,1.6471224652763097,1000,4,3.0099179315779945,0.2220264043233504,15558.164946131112,0.0,1990.5740566045492,True,thermal (bingo)
TSP_rand,feasibility,16,20,44,0.75,0.9902716810605416,1.1657341758564144e-13,7835728770.820424,2938908610.6570363,5.332407236078451,2.6662036180392255,0.875,1.4325462786462,1.6371957470242287,0.046922100905702056,0.03275433513397199,11.88238096513803,0.04159031824511038,0.2647899424075487,7.814123815088111,0.9946775455279062,0.9661139305348256,0.04059710296632361,0.0009932152787867701,0.9948039902254655,5194,4.72660232308001,26.47579909066303,0.04126420947297,0.0009995098144080384,0.08735321942893727,1.149791241018065,1.647129163540425,1000,4,3.0099369493811703,0.22202429310615948,15558.153806518001,0.0,1990.5614794820872,True,thermal (bingo)
TSP_rand,feasibility,16,20,45,0.75,0.9902715796547008,1.1546319456101628e-13,11198298745.657667,4200089314.6603794,5.3324098164151374,2.6662049082075687,0.875,1.4325441014132567,1.6371932587580076,0.04692189738620572,0.03275424284663597,11.882386102680616,0.041590437426696825,0.2647891345432284,7.814122953506338,0.99467752968898,0.9661140301837184,0.040597168063648804,0.0009932693630480202,0.9948039812847289,5172,4.726603566079655,26.47582190173683,0.04126369720188036,0.001024485356771023,0.08735395458533617,1.149794100192933,1.6471307560711492,1000,4,3.009924002963944,0.22202573032037762,15558.151274242282,0.0,1990.570041372488,True,thermal (bingo)
TSP_rand,feasibility,16,20,46,0.75,0.9902718679198332,1.1524114995609125e-13,9367274988.20983,3513338602.662727,5.332406606701932,2.666203303350966,0.875,1.4325492721022257,1.6371991681168294,0.04692245248338136,0.03275451211149197,11.88235572937485,0.04159010337441641,0.26479057371892156,7.814125405180338,0.9946775741086975,0.966113856639237,0.040593575335854025,0.000996528038562386,0.9948044405801861,5173,4.726600029061513,26.47575699172816,0.041262616579984604,0.0010781972443900099,0.08735196976376705,1.1497869176691506,1.6471264119796034,1000,4,3.0099101495186797,0.22202726823635516,15558.158510868247,0.0,1990.579203191859,True,thermal (bingo)
TSP_rand,feasibility,16,20,47,0.75,0.9902714426778912,1.1046719095020308e-13,9997356968.5244,3749660626.6596756,5.332406296956204,2.666203148478102,0.875,1.4325430155690964,1.637192017793253,0.046921680264078953,0.03275411610969232,11.882417944779467,0.041590597462947236,0.26478953099391683,7.814121789268453,0.9946775084155886,0.9661139743998403,0.04058893044992141,0.0010016670130258282,0.9948050292565832,5040,4.726605245719461,26.47585272590202,0.04126343090205205,0.0010372954747813812,0.08735482290069907,1.149796438022059,1.647132856614726,1000,4,3.0099216762529397,0.22202598861538284,15558.147842279095,0.0,1990.5715801106076,True,thermal (bingo)
TSP_rand,feasibility,16,20,48,0.75,0.9972249865658332,1.1379786002407855e-13,12883723418.781301,4456983906.660917,5.781364119141964,2.890682059570982,0.875,1.4525814950106197,1.660093137154994,0.06284904815583568,0.04326714086040054,9.189979991081056,0.037961755649836795,0.20537478377382035,7.878653624354709,0.9951816950636733,0.9739327563355545,0.03730544265838067,0.0006563129914561247,0.9952646032761941,5189,4.633505487261784,24.821277886328552,0.04155325621183963,0.0010129623742308653,0.04518049749652907,1.0690276088539334,1.5528497222766746,1000,3,0.04438294411691045,0.8331427572802179,9784.653963589439,0.0,86552.59125161292,True,thermal (bingo)
TSP_rand,feasibility,16,20,49,0.75,0.990271599534826,1.1479706074624119e-13,10003093586.274189,3751812666.6962414,5.33240567956325,2.666202839781625,0.875,1.4325454973508331,1.637194854115238,0.046921968311897676,0.03275426043966435,11.88239789185187,0.04159041401041892,0.2647900659946956,7.814123122421734,0.9946775328006952,0.966113911715198,0.04058769264582528,0.001002721364593645,0.9948051878683025,5103,4.726603322386273,26.47581742956368,0.04126358277139295,0.0010301513810398672,0.08735374910322298,1.1497927544773616,1.6471304333131565,1000,4,3.0099301569515777,0.22202504714962928,15558.151767956047,0.0,1990.5659715294087,True,thermal (bingo)
TSP_rand,feasibility,16,20,50,0.75,0.990271664842659,9.747758156208874e-14,8922326088.70836,3346453594.6578803,5.332406881692033,2.6662034408460165,0.875,1.432546127929858,1.6371955747769804,0.04692207387508771,0.0327543197110824,11.88238459821946,0.041590336908273504,0.26478997470718557,7.814123677095618,0.9946775430455265,0.9661139258029247,0.04057306333309687,0.0010172735751766346,0.9948070509682536,4969,4.726602522161454,26.47580274413139,0.041264088579219975,0.0010054195896728021,0.08735332100486473,1.149791527904184,1.6471294012256938,1000,4,3.00993972795645,0.2220239846507676,15558.153397876575,0.0,1990.5596419287076,True,thermal (bingo)
TSP_rand,feasibility,16,20,51,0.75,0.9902717461799851,1.1313172620930345e-13,10884491582.255577,4082394042.659889,5.332406165850552,2.666203082925276,0.875,1.4325475751983427,1.637197228798106,0.04692223445261929,0.03275439871246349,11.882374778237343,0.041590244842505925,0.264790350261223,7.814124370014596,0.994677555299465,0.9661138807468548,0.04059642091691531,0.0009938239255906159,0.9948040774850183,5180,4.726601522490522,26.475784398548644,0.0412626871565609,0.001074480305958413,0.0873527807768519,1.1497895672692893,1.647128256579972,1000,4,3.0099136497938206,0.22202687965843132,15558.155456469354,0.0,1990.576888316513,True,thermal (bingo)
