{
  "P": 15,
  "N": 244,
  "values": [
    138,
    251,
    229,
    225,
    116,
    131,
    229,
    147,
    226,
    224,
    149,
    210,
    137,
    239,
    215,
    114,
    232,
    162,
    202,
    110,
    294,
    146,
    231,
    209,
    296,
    205,
    145,
    259,
    137,
    212,
    190,
    109,
    127,
    121,
    128,
    183,
    272,
    155,
    211,
    183,
    132,
    130,
    198,
    239,
    164,
    282,
    288,
    188,
    174,
    145,
    299,
    177,
    256,
    111,
    106,
    276,
    237,
    143,
    101,
    261,
    103,
    189,
    185,
    175,
    256,
    109,
    245,
    220,
    245,
    203,
    261,
    283,
    215,
    214,
    275,
    142,
    104,
    125,
    106,
    288,
    268,
    250,
    154,
    236,
    192,
    147,
    192,
    237,
    174,
    288,
    148,
    252,
    197,
    130,
    123,
    147,
    166,
    251,
    182,
    172,
    115,
    206,
    254,
    104,
    203,
    233,
    264,
    215,
    228,
    213,
    260,
    140,
    192,
    230,
    174,
    144,
    131,
    260,
    197,
    279,
    295,
    231,
    109,
    106,
    113,
    163,
    261,
    244,
    170,
    164,
    299,
    105,
    146,
    298,
    244,
    166,
    103,
    249,
    238,
    182,
    184,
    133,
    291,
    111,
    197,
    142,
    272,
    156,
    165,
    125,
    129,
    103,
    138,
    297,
    101,
    130,
    297,
    243,
    169,
    297,
    115,
    258,
    280,
    211,
    117,
    121,
    225,
    130,
    175,
    197,
    169,
    119,
    256,
    105,
    135,
    239,
    211,
    223,
    180,
    153,
    219,
    267,
    178,
    185,
    181,
    278,
    188,
    128,
    293,
    164,
    165,
    110,
    219,
    187,
    273,
    183,
    115,
    262,
    219,
    192,
    144,
    129,
    148,
    196,
    147,
    188,
    132,
    257,
    256,
    187,
    161,
    210,
    151,
    130,
    226,
    238,
    216,
    173,
    118,
    294,
    141,
    128,
    145,
    182,
    180,
    128,
    217,
    114,
    257,
    265,
    218,
    204,
    201,
    274,
    109,
    179,
    207,
    107,
    205,
    216,
    207,
    155,
    236,
    228
  ],
  "measurements": {
    "3906250": {
      "rate": 0.0,
      "temperature_start": 6856453.91827744,
      "temperature_end": 1865069.6535372543,
      "temperature_interval": 366.0,
      "offset_increase_rate": 4579197.839173498
    },
    "5859375": {
      "rate": 0.0234375,
      "temperature_start": 7122078.748287122,
      "temperature_end": 1937324.0310306149,
      "temperature_interval": 366.0,
      "offset_increase_rate": 4756599.840573771
    },
    "6347656": {
      "rate": 0.24609375,
      "temperature_start": 7218550.1256137565,
      "temperature_end": 1963565.8523031555,
      "temperature_interval": 366.0,
      "offset_increase_rate": 4821029.869253552
    },
    "6347715": {
      "rate": 0.25,
      "temperature_start": 7231487.486951185,
      "temperature_end": 1967085.0300464733,
      "temperature_interval": 366.0,
      "offset_increase_rate": 4829670.303184426
    },
    "6347775": {
      "rate": 0.2529296875,
      "temperature_start": 7229411.418827242,
      "temperature_end": 1966520.3049418065,
      "temperature_interval": 366.0,
      "offset_increase_rate": 4828283.766239754
    },
    "6347894": {
      "rate": 0.294921875,
      "temperature_start": 7200815.943792519,
      "temperature_end": 1958741.8595017265,
      "temperature_interval": 366.0,
      "offset_increase_rate": 4809185.798244945
    },
    "6348132": {
      "rate": 0.2705078125,
      "temperature_start": 7214868.090054847,
      "temperature_end": 1962564.2773103071,
      "temperature_interval": 366.0,
      "offset_increase_rate": 4818570.760000273
    },
    "6348609": {
      "rate": 0.2705078125,
      "temperature_start": 7183536.001509268,
      "temperature_end": 1954041.42741956,
      "temperature_interval": 366.0,
      "offset_increase_rate": 4797645.098736475
    },
    "6349563": {
      "rate": 0.3056640625,
      "temperature_start": 7186889.160815588,
      "temperature_end": 1954953.5425945814,
      "temperature_interval": 366.0,
      "offset_increase_rate": 4799884.562464071
    },
    "6351470": {
      "rate": 0.2685546875,
      "temperature_start": 7226543.905603488,
      "temperature_end": 1965740.2935892201,
      "temperature_interval": 366.0,
      "offset_increase_rate": 4826368.649400273
    },
    "6355285": {
      "rate": 0.2509765625,
      "temperature_start": 7226607.403365347,
      "temperature_end": 1965757.566037941,
      "temperature_interval": 366.0,
      "offset_increase_rate": 4826411.05744638
    },
    "6362914": {
      "rate": 0.283203125,
      "temperature_start": 7225776.970177177,
      "temperature_end": 1965531.6743806782,
      "temperature_interval": 366.0,
      "offset_increase_rate": 4825856.438702323
    },
    "6378173": {
      "rate": 0.2841796875,
      "temperature_start": 7228870.268041324,
      "temperature_end": 1966373.1029156814,
      "temperature_interval": 366.0,
      "offset_increase_rate": 4827922.349603825
    },
    "6408691": {
      "rate": 0.302734375,
      "temperature_start": 7238405.941733023,
      "temperature_end": 1968966.964967465,
      "temperature_interval": 366.0,
      "offset_increase_rate": 4834290.909341052
    },
    "6469726": {
      "rate": 0.421875,
      "temperature_start": 7212747.740240522,
      "temperature_end": 1961987.5068483865,
      "temperature_interval": 366.0,
      "offset_increase_rate": 4817154.6487853825
    },
    "6530761": {
      "rate": 0.47265625,
      "temperature_start": 7232026.483770877,
      "temperature_end": 1967231.6461579124,
      "temperature_interval": 366.0,
      "offset_increase_rate": 4830030.281257855
    },
    "6561278": {
      "rate": 0.4677734375,
      "temperature_start": 7249525.612748129,
      "temperature_end": 1971991.7006711946,
      "temperature_interval": 366.0,
      "offset_increase_rate": 4841717.368279098
    },
    "6576537": {
      "rate": 0.466796875,
      "temperature_start": 7265575.675946405,
      "temperature_end": 1976357.585159773,
      "temperature_interval": 366.0,
      "offset_increase_rate": 4852436.6723963795
    },
    "6584166": {
      "rate": 0.4814453125,
      "temperature_start": 7263039.099153332,
      "temperature_end": 1975667.5940277656,
      "temperature_interval": 366.0,
      "offset_increase_rate": 4850742.577007104
    },
    "6585119": {
      "rate": 0.4873046875,
      "temperature_start": 7251302.763915071,
      "temperature_end": 1972475.115385377,
      "temperature_interval": 366.0,
      "offset_increase_rate": 4842904.26851653
    },
    "6585596": {
      "rate": 0.470703125,
      "temperature_start": 7270723.629554063,
      "temperature_end": 1977757.9142753622,
      "temperature_interval": 366.0,
      "offset_increase_rate": 4855874.819624864
    },
    "6585655": {
      "rate": 0.490234375,
      "temperature_start": 7241348.019452482,
      "temperature_end": 1969767.259104684,
      "temperature_interval": 366.0,
      "offset_increase_rate": 4836255.825330601
    },
    "6585715": {
      "rate": 0.515625,
      "temperature_start": 7244483.5776582,
      "temperature_end": 1970620.1831564005,
      "temperature_interval": 366.0,
      "offset_increase_rate": 4838349.960510587
    },
    "6585834": {
      "rate": 0.501953125,
      "temperature_start": 7252674.742234083,
      "temperature_end": 1972848.3163371522,
      "temperature_interval": 366.0,
      "offset_increase_rate": 4843820.567266393
    },
    "6586073": {
      "rate": 0.5498046875,
      "temperature_start": 7230125.223028235,
      "temperature_end": 1966714.4715722115,
      "temperature_interval": 366.0,
      "offset_increase_rate": 4828760.492357035
    },
    "6587981": {
      "rate": 0.5087890625,
      "temperature_start": 7242792.50336652,