{
  "P": 7,
  "N": 255,
  "values": [
    190,
    230,
    282,
    118,
    262,
    110,
    241,
    217,
    117,
    114,
    231,
    129,
    116,
    201,
    191,
    229,
    192,
    206,
    242,
    233,
    185,
    188,
    208,
    273,
    127,
    102,
    185,
    117,
    169,
    192,
    250,
    146,
    275,
    297,
    216,
    171,
    274,
    277,
    270,
    265,
    171,
    217,
    282,
    151,
    145,
    227,
    115,
    172,
    225,
    175,
    278,
    253,
    129,
    233,
    167,
    283,
    259,
    288,
    295,
    132,
    269,
    238,
    154,
    137,
    143,
    272,
    208,
    258,
    293,
    220,
    171,
    208,
    182,
    190,
    178,
    106,
    212,
    247,
    150,
    210,
    291,
    198,
    161,
    222,
    144,
    274,
    124,
    231,
    255,
    208,
    148,
    255,
    225,
    299,
    253,
    228,
    256,
    144,
    151,
    296,
    283,
    143,
    167,
    132,
    200,
    146,
    299,
    291,
    220,
    254,
    197,
    243,
    227,
    269,
    178,
    128,
    119,
    218,
    288,
    244,
    112,
    124,
    164,
    152,
    180,
    204,
    143,
    162,
    188,
    244,
    194,
    275,
    186,
    123,
    123,
    134,
    235,
    245,
    259,
    183,
    153,
    163,
    173,
    244,
    110,
    120,
    110,
    112,
    156,
    285,
    289,
    103,
    105,
    117,
    125,
    243,
    273,
    244,
    245,
    156,
    279,
    203,
    199,
    156,
    104,
    191,
    234,
    282,
    236,
    251,
    143,
    133,
    180,
    180,
    283,
    207,
    247,
    127,
    196,
    285,
    219,
    248,
    189,
    297,
    224,
    291,
    258,
    278,
    137,
    145,
    290,
    157,
    232,
    167,
    108,
    264,
    214,
    181,
    237,
    214,
    168,
    215,
    226,
    216,
    296,
    279,
    141,
    140,
    296,
    292,
    288,
    203,
    294,
    167,
    275,
    215,
    133,
    107,
    179,
    172,
    133,
    115,
    190,
    103,
    138,
    130,
    185,
    112,
    270,
    189,
    169,
    111,
    173,
    271,
    182,
    252,
    149,
    108,
    153,
    153,
    122,
    158,
    300,
    262,
    227,
    300,
    143,
    178,
    148,
    225,
    222,
    160,
    157,
    246,
    191
  ],
  "measurements": {
    "3906250": {
      "rate": 0.0,
      "temperature_start": 7865087.017087379,
      "temperature_end": 1913033.9142213329,
      "temperature_interval": 178.0,
      "offset_increase_rate": 4688601.546433575
    },
    "5859375": {
      "rate": 0.0029296875,
      "temperature_start": 8113682.862508947,
      "temperature_end": 1973500.1598194775,
      "temperature_interval": 178.0,
      "offset_increase_rate": 4836796.583913551
    },
    "6347656": {
      "rate": 0.05859375,
      "temperature_start": 8177577.050608252,
      "temperature_end": 1989041.2146724053,
      "temperature_interval": 178.0,
      "offset_increase_rate": 4874885.722467221
    },
    "6591796": {
      "rate": 0.1083984375,
      "temperature_start": 8250257.702214135,
      "temperature_end": 2006719.4108738825,
      "temperature_interval": 178.0,
      "offset_increase_rate": 4918212.721237203
    },
    "6713866": {
      "rate": 0.177734375,
      "temperature_start": 8243307.507998867,
      "temperature_end": 2005028.9073593826,
      "temperature_interval": 178.0,
      "offset_increase_rate": 4914069.513250448
    },
    "6774901": {
      "rate": 0.220703125,
      "temperature_start": 8266754.617337378,
      "temperature_end": 2010731.9739952097,
      "temperature_interval": 178.0,
      "offset_increase_rate": 4928047.000449903
    },
    "6805419": {
      "rate": 0.2431640625,
      "temperature_start": 8267328.2444620505,
      "temperature_end": 2010871.4979624879,
      "temperature_interval": 178.0,
      "offset_increase_rate": 4928388.955855859
    },
    "6806372": {
      "rate": 0.23046875,
      "temperature_start": 8247704.938448267,
      "temperature_end": 2006098.4992872095,
      "temperature_interval": 178.0,
      "offset_increase_rate": 4916690.946320495
    },
    "6806849": {
      "rate": 0.2490234375,
      "temperature_start": 8268936.695141634,
      "temperature_end": 2011262.7232207356,
      "temperature_interval": 178.0,
      "offset_increase_rate": 4929347.798946505
    },
    "6807087": {
      "rate": 0.23828125,
      "temperature_start": 8260421.619696818,
      "temperature_end": 2009191.591894064,
      "temperature_interval": 178.0,
      "offset_increase_rate": 4924271.720854575
    },
    "6807206": {
      "rate": 0.2412109375,
      "temperature_start": 8274179.900509104,
      "temperature_end": 2012538.033928094,
      "temperature_interval": 178.0,
      "offset_increase_rate": 4932473.422444476
    },
    "6807266": {
      "rate": 0.2578125,
      "temperature_start": 8265986.083722128,
      "temperature_end": 2010545.0427041766,
      "temperature_interval": 178.0,
      "offset_increase_rate": 4927588.855754349
    },
    "6807326": {
      "rate": 0.283203125,
      "temperature_start": 8229917.389615143,
      "temperature_end": 2001772.0138847327,
      "temperature_interval": 178.0,
      "offset_increase_rate": 4906087.283730995
    },
    "6809233": {
      "rate": 0.26953125,
      "temperature_start": 8254553.059118791,
      "temperature_end": 2007764.1753392266,
      "temperature_interval": 178.0,
      "offset_increase_rate": 4920773.305370844
    },
    "6813048": {
      "rate": 0.251953125,
      "temperature_start": 8256140.791755777,
      "temperature_end": 2008150.3613247944,
      "temperature_interval": 178.0,
      "offset_increase_rate": 4921719.797848413
    },
    "6820678": {
      "rate": 0.2509765625,
      "temperature_start": 8287734.381621102,
      "temperature_end": 2015834.9055330218,
      "temperature_interval": 178.0,
      "offset_increase_rate": 4940553.633250123
    },
    "6835937": {
      "rate": 0.263671875,
      "temperature_start": 8260054.183204081,
      "temperature_end": 2009102.2199048665,
      "temperature_interval": 178.0,
      "offset_increase_rate": 4924052.681535071
    },
    "7080077": {
      "rate": 0.4267578125,
      "temperature_start": 8291832.667823395,
      "temperature_end": 2016831.736270958,
      "temperature_interval": 178.0,
      "offset_increase_rate": 4942996.73794611
    },
    "7141112": {
      "rate": 0.4990234375,
      "temperature_start": 8315766.621649507,
      "temperature_end": 2022653.2186361607,
      "temperature_interval": 178.0,
      "offset_increase_rate": 4957264.446959065
    },
    "7156370": {
      "rate": 0.4619140625,
      "temperature_start": 8337543.65495317,
      "temperature_end": 2027950.0708096358,
      "temperature_interval": 178.0,
      "offset_increase_rate": 4970246.354444954
    },
    "7156489": {
      "rate": 0.4736328125,
      "temperature_start": 8326255.11658729,
      "temperature_end": 2025204.3469938664,
      "temperature_interval": 178.0,
      "offset_increase_rate": 4963516.93640746
    },
    "7156548": {
      "rate": 0.5205078125,
      "temperature_start": 8297467.402572665,
      "temperature_end": 2018202.2791078745,
      "temperature_interval": 178.0,
      "offset_increase_rate": 4946355.763218402
    },
    "7156608": {
      "rate": 0.5009765625,
      "temperature_start": 8292643.303371271,
      "temperature_end": 2017028.9080621647,
      "temperature_interval": 178.0,
      "offset_increase_rate": 4943479.980798364
    },
    "7156846": {
      "rate": 0.5185546875,
      "temperature_start": 8319255.653433813,
      "temperature_end": 2023501.8597404067,
      "temperature_interval": 178.0,
      "offset_increase_rate": 4959344.35780861
    },
    "7157323": {
      "rate": 0.51171875,
      "temperature_start": 8308171.729344485,
      "temperature_end": 2020805.904484035,
      "temperature_interval": 178.0,