{
  "P": 18,
  "N": 225,
  "values": [
    226,
    122,
    192,
    193,
    148,
    136,
    111,
    266,
    297,
    145,
    295,
    119,
    165,
    165,
    149,
    289,
    208,
    236,
    183,
    248,
    152,
    205,
    202,
    149,
    156,
    134,
    290,
    229,
    240,
    126,
    206,
    103,
    127,
    217,
    181,
    136,
    265,
    142,
    177,
    295,
    234,
    236,
    128,
    137,
    264,
    201,
    177,
    199,
    214,
    242,
    253,
    260,
    107,
    111,
    193,
    213,
    149,
    190,
    139,
    243,
    184,
    165,
    229,
    296,
    214,
    250,
    156,
    204,
    279,
    145,
    163,
    287,
    137,
    230,
    112,
    189,
    126,
    270,
    195,
    107,
    152,
    272,
    276,
    222,
    260,
    141,
    192,
    198,
    111,
    192,
    128,
    151,
    155,
    252,
    279,
    246,
    236,
    246,
    155,
    180,
    121,
    124,
    287,
    182,
    107,
    105,
    195,
    228,
    232,
    111,
    136,
    295,
    143,
    127,
    239,
    216,
    280,
    128,
    202,
    252,
    110,
    133,
    267,
    183,
    123,
    155,
    198,
    204,
    228,
    111,
    107,
    203,
    225,
    120,
    232,
    215,
    219,
    173,
    105,
    185,
    149,
    100,
    107,
    217,
    104,
    176,
    246,
    150,
    187,
    130,
    268,
    208,
    274,
    152,
    113,
    139,
    122,
    133,
    137,
    195,
    163,
    233,
    174,
    214,
    196,
    132,
    246,
    124,
    154,
    183,
    204,
    122,
    137,
    267,
    259,
    182,
    241,
    128,
    117,
    158,
    296,
    154,
    140,
    177,
    237,
    103,
    298,
    109,
    106,
    171,
    123,
    234,
    247,
    104,
    183,
    201,
    190,
    141,
    175,
    126,
    142,
    130,
    209,
    294,
    273,
    145,
    179,
    206,
    125,
    278,
    258,
    258,
    131,
    216,
    135,
    168,
    199,
    166,
    131,
    252,
    142,
    157,
    171,
    152,
    298
  ],
  "measurements": {
    "3906250": {
      "rate": 0.0,
      "temperature_start": 6571399.506595699,
      "temperature_end": 1813319.0724153703,
      "temperature_interval": 405.0,
      "offset_increase_rate": 4455317.536128005
    },
    "5859375": {
      "rate": 0.189453125,
      "temperature_start": 6863529.654319446,
      "temperature_end": 1893929.7806767242,
      "temperature_interval": 405.0,
      "offset_increase_rate": 4653377.716258422
    },
    "5889892": {
      "rate": 0.236328125,
      "temperature_start": 6861227.132293265,
      "temperature_end": 1893294.420263689,
      "temperature_interval": 405.0,
      "offset_increase_rate": 4651816.638325134
    },
    "5905151": {
      "rate": 0.2353515625,
      "temperature_start": 6867928.93221523,
      "temperature_end": 1895143.7221674635,
      "temperature_interval": 405.0,
      "offset_increase_rate": 4656360.365530577
    },
    "5912780": {
      "rate": 0.22265625,
      "temperature_start": 6873727.101146538,
      "temperature_end": 1896743.6751603798,
      "temperature_interval": 405.0,
      "offset_increase_rate": 4660291.443483022
    },
    "5916595": {
      "rate": 0.2177734375,
      "temperature_start": 6886031.338423854,
      "temperature_end": 1900138.9196747467,
      "temperature_interval": 405.0,
      "offset_increase_rate": 4668633.54535269
    },
    "5918502": {
      "rate": 0.21875,
      "temperature_start": 6908428.126417115,
      "temperature_end": 1906319.1135266442,
      "temperature_interval": 405.0,
      "offset_increase_rate": 4683818.256341448
    },
    "5919456": {
      "rate": 0.236328125,
      "temperature_start": 6904281.031228938,
      "temperature_end": 1905174.7596044247,
      "temperature_interval": 405.0,
      "offset_increase_rate": 4681006.5834402125
    },
    "5919933": {
      "rate": 0.2001953125,
      "temperature_start": 6909457.618965619,
      "temperature_end": 1906603.1928116179,
      "temperature_interval": 405.0,
      "offset_increase_rate": 4684516.2379814405
    },
    "5920171": {
      "rate": 0.2412109375,
      "temperature_start": 6876903.3273742385,
      "temperature_end": 1897620.1264537785,
      "temperature_interval": 405.0,
      "offset_increase_rate": 4662444.880722195
    },
    "5920290": {
      "rate": 0.234375,
      "temperature_start": 6885595.504907563,
      "temperature_end": 1900018.6553038624,
      "temperature_interval": 405.0,
      "offset_increase_rate": 4668338.056285862
    },
    "5920350": {
      "rate": 0.216796875,
      "temperature_start": 6893442.087920843,
      "temperature_end": 1902183.8498894284,
      "temperature_interval": 405.0,
      "offset_increase_rate": 4673657.930517014
    },
    "5920410": {
      "rate": 0.267578125,
      "temperature_start": 6876514.369791307,
      "temperature_end": 1897512.797078539,
      "temperature_interval": 405.0,
      "offset_increase_rate": 4662181.172886701
    },
    "5981445": {
      "rate": 0.294921875,
      "temperature_start": 6871602.862194918,
      "temperature_end": 1896157.5103713614,
      "temperature_interval": 405.0,
      "offset_increase_rate": 4658851.238996508
    },
    "6103515": {
      "rate": 0.384765625,
      "temperature_start": 6919713.980443075,
      "temperature_end": 1909433.3442674824,
      "temperature_interval": 405.0,
      "offset_increase_rate": 4691469.908520192
    },
    "6164550": {
      "rate": 0.443359375,
      "temperature_start": 6932474.011797522,
      "temperature_end": 1912954.3610914345,
      "temperature_interval": 405.0,
      "offset_increase_rate": 4700121.032439526
    },
    "6179808": {
      "rate": 0.4482421875,
      "temperature_start": 6960832.797917221,
      "temperature_end": 1920779.7151411746,
      "temperature_interval": 405.0,
      "offset_increase_rate": 4719347.895298127
    },
    "6181715": {
      "rate": 0.4765625,
      "temperature_start": 6918377.575712197,
      "temperature_end": 1909064.575303651,
      "temperature_interval": 405.0,
      "offset_increase_rate": 4690563.844686016
    },
    "6182668": {
      "rate": 0.48046875,
      "temperature_start": 6928702.827415093,
      "temperature_end": 1911913.736402677,
      "temperature_interval": 405.0,
      "offset_increase_rate": 4697564.221840179
    },
    "6183145": {
      "rate": 0.4716796875,
      "temperature_start": 6941073.039478621,
      "temperature_end": 1915327.1860707584,
      "temperature_interval": 405.0,
      "offset_increase_rate": 4705951.053697981
    },
    "6183383": {
      "rate": 0.4853515625,
      "temperature_start": 6943862.271429579,
      "temperature_end": 1916096.8497457462,
      "temperature_interval": 405.0,
      "offset_increase_rate": 4707842.11419597
    },
    "6183442": {
      "rate": 0.4990234375,
      "temperature_start": 6935109.313639075,
      "temperature_end": 1913681.5491258958,
      "temperature_interval": 405.0,
      "offset_increase_rate": 4701907.73046266
    },
    "6183502": {
      "rate": 0.51953125,
      "temperature_start": 6923033.87975033,
      "temperature_end": 1910349.4408655206,
      "temperature_interval": 405.0,
      "offset_increase_rate": 4693720.754110533
    },
    "6183622": {
      "rate": 0.505859375,
      "temperature_start": 6926548.405471213,
      "temperature_end": 1911319.2428861978,
      "temperature_interval": 405.0,
      "offset_increase_rate": 4696103.553704396
    },
    "6187437": {
      "rate": 0.51953125,
      "temperature_start": 6919036.045611575,
      "temperature_end": 1909246.2741983773,
      "temperature_interval": 405.0,
      "offset_increase_rate": 4691010.278126376
    },
    "6195067": {
      "rate": 0.5078125,
      "temperature_start": 6938959.597920202,
      "temperature_end": 1914744.000726073,
      "temperature_interval": 405.0,
      "offset_increase_rate": 4704518.169693993
    },