{
  "P": 14,
  "N": 224,
  "values": [
    252,
    200,
    282,
    195,
    140,
    215,
    273,
    100,
    224,
    250,
    241,
    234,
    144,
    253,
    122,
    276,
    243,
    296,
    161,
    226,
    188,
    139,
    295,
    269,
    244,
    132,
    268,
    165,
    152,
    186,
    160,
    184,
    238,
    170,
    291,
    236,
    258,
    279,
    235,
    270,
    169,
    110,
    209,
    107,
    288,
    140,
    268,
    184,
    273,
    136,
    255,
    278,
    187,
    183,
    188,
    231,
    265,
    247,
    240,
    284,
    179,
    274,
    107,
    190,
    284,
    172,
    240,
    264,
    243,
    112,
    202,
    141,
    104,
    118,
    109,
    116,
    276,
    154,
    237,
    182,
    178,
    101,
    278,
    138,
    133,
    264,
    244,
    158,
    175,
    113,
    245,
    113,
    126,
    292,
    108,
    208,
    290,
    172,
    188,
    129,
    196,
    216,
    176,
    152,
    265,
    164,
    233,
    164,
    174,
    222,
    187,
    300,
    157,
    272,
    213,
    282,
    138,
    201,
    159,
    144,
    151,
    174,
    132,
    127,
    248,
    277,
    155,
    223,
    237,
    258,
    202,
    217,
    138,
    255,
    116,
    147,
    113,
    167,
    120,
    261,
    119,
    217,
    120,
    282,
    288,
    242,
    206,
    186,
    158,
    122,
    168,
    209,
    166,
    147,
    128,
    250,
    229,
    245,
    243,
    135,
    246,
    299,
    292,
    103,
    184,
    199,
    293,
    175,
    288,
    137,
    187,
    107,
    139,
    101,
    115,
    300,
    177,
    202,
    115,
    239,
    136,
    154,
    274,
    160,
    271,
    182,
    202,
    262,
    299,
    249,
    255,
    276,
    156,
    149,
    214,
    152,
    237,
    131,
    139,
    280,
    219,
    244,
    232,
    297,
    231,
    175,
    259,
    173,
    199,
    263,
    191,
    290,
    108,
    267,
    266,
    154,
    286,
    268,
    151,
    218,
    231,
    254,
    152,
    152
  ],
  "measurements": {
    "3906250": {
      "rate": 0.0,
      "temperature_start": 7728313.836776708,
      "temperature_end": 2055451.763548295,
      "temperature_interval": 313.0,
      "offset_increase_rate": 5042151.26690051
    },
    "5859375": {
      "rate": 0.0048828125,
      "temperature_start": 8010984.206555225,
      "temperature_end": 2130631.8509949544,
      "temperature_interval": 313.0,
      "offset_increase_rate": 5226572.706453284
    },
    "6835937": {
      "rate": 0.2421875,
      "temperature_start": 8188777.213661193,
      "temperature_end": 2177918.3558808556,
      "temperature_interval": 313.0,
      "offset_increase_rate": 5342569.449722098
    },
    "6839751": {
      "rate": 0.2470703125,
      "temperature_start": 8150328.461007502,
      "temperature_end": 2167692.379281382,
      "temperature_interval": 313.0,
      "offset_increase_rate": 5317484.491864796
    },
    "6841658": {
      "rate": 0.23828125,
      "temperature_start": 8192648.122985173,
      "temperature_end": 2178947.877658122,
      "temperature_interval": 313.0,
      "offset_increase_rate": 5345094.930799107
    },
    "6841896": {
      "rate": 0.25,
      "temperature_start": 8159102.587329798,
      "temperature_end": 2170025.979314152,
      "temperature_interval": 313.0,
      "offset_increase_rate": 5323208.958169643
    },
    "6841955": {
      "rate": 0.2451171875,
      "temperature_start": 8174040.663057659,
      "temperature_end": 2173998.9667920596,
      "temperature_interval": 313.0,
      "offset_increase_rate": 5332954.944040179
    },
    "6842015": {
      "rate": 0.279296875,
      "temperature_start": 8154642.808785159,
      "temperature_end": 2168839.8396376045,
      "temperature_interval": 313.0,
      "offset_increase_rate": 5320299.283625638
    },
    "6842135": {
      "rate": 0.259765625,
      "temperature_start": 8145053.311951125,
      "temperature_end": 2166289.3805600684,
      "temperature_interval": 313.0,
      "offset_increase_rate": 5314042.848569835
    },
    "6842612": {
      "rate": 0.2900390625,
      "temperature_start": 8139963.798749367,
      "temperature_end": 2164935.754257216,
      "temperature_interval": 313.0,
      "offset_increase_rate": 5310722.318894133
    },
    "6843566": {
      "rate": 0.25390625,
      "temperature_start": 8154164.400306598,
      "temperature_end": 2168712.6002977276,
      "temperature_interval": 313.0,
      "offset_increase_rate": 5319987.157595663
    },
    "6851195": {
      "rate": 0.2900390625,
      "temperature_start": 8115238.314869689,
      "temperature_end": 2158359.6704544052,
      "temperature_interval": 313.0,
      "offset_increase_rate": 5294590.775519771
    },
    "6866454": {
      "rate": 0.2890625,
      "temperature_start": 8154666.478726352,
      "temperature_end": 2168846.134985257,
      "temperature_interval": 313.0,
      "offset_increase_rate": 5320314.72650574
    },
    "6896972": {
      "rate": 0.302734375,
      "temperature_start": 8153267.009460608,
      "temperature_end": 2168473.9268126776,
      "temperature_interval": 313.0,
      "offset_increase_rate": 5319401.676663265
    },
    "6958007": {
      "rate": 0.3701171875,
      "temperature_start": 8140445.9256362505,
      "temperature_end": 2165063.982559124,
      "temperature_interval": 313.0,
      "offset_increase_rate": 5311036.870909598
    },
    "7080077": {
      "rate": 0.4453125,
      "temperature_start": 8214089.419206611,
      "temperature_end": 2184650.4864110677,
      "temperature_interval": 313.0,
      "offset_increase_rate": 5359083.78544324
    },
    "7110594": {
      "rate": 0.490234375,
      "temperature_start": 8188030.952641331,
      "temperature_end": 2177719.8774595927,
      "temperature_interval": 313.0,
      "offset_increase_rate": 5342082.569786034
    },
    "7118223": {
      "rate": 0.4765625,
      "temperature_start": 8209210.0896105915,
      "temperature_end": 2183352.761339999,
      "temperature_interval": 313.0,
      "offset_increase_rate": 5355900.384972736
    },
    "7120130": {
      "rate": 0.4912109375,
      "temperature_start": 8223084.455093792,
      "temperature_end": 2187042.84039254,
      "temperature_interval": 313.0,
      "offset_increase_rate": 5364952.378845663
    },
    "7120368": {
      "rate": 0.4716796875,
      "temperature_start": 8224637.699312862,
      "temperature_end": 2187455.9471370047,
      "temperature_interval": 313.0,
      "offset_increase_rate": 5365965.755433673
    },
    "7120427": {
      "rate": 0.515625,
      "temperature_start": 8195126.124318939,
      "temperature_end": 2179606.9363246225,
      "temperature_interval": 313.0,
      "offset_increase_rate": 5346711.642779018
    },
    "7120487": {
      "rate": 0.525390625,
      "temperature_start": 8198948.765423417,
      "temperature_end": 2180623.6205025115,
      "temperature_interval": 313.0,
      "offset_increase_rate": 5349205.632424745
    },
    "7120607": {
      "rate": 0.525390625,
      "temperature_start": 8183617.225738058,
      "temperature_end": 2176545.985852865,
      "temperature_interval": 313.0,
      "offset_increase_rate": 5339202.940520568
    },
    "7121084": {
      "rate": 0.529296875,
      "temperature_start": 8187153.630779158,
      "temperature_end": 2177486.5415978655,
      "temperature_interval": 313.0,
      "offset_increase_rate": 5341510.182376275
    },
    "7122038": {
      "rate": 0.5419921875,
      "temperature_start": 8181075.021567003,
      "temperature_end": 2175869.8515553903,
      "temperature_interval": 313.0,
      "offset_increase_rate": 5337544.340953764
    },
    "7125853": {
      "rate": 0.509765625,
      "temperature_start": 8195777.127918951,
      "temperature_end": 2179780.0797199323,
      "temperature_interval": 313.0,
      "offset_increase_rate": 5347136.374317602
    },
    "7141112": {
      "rate": 0.5634765625,