{
  "P": 16,
  "N": 232,
  "values": [
    221,
    275,
    219,
    136,
    263,
    271,
    149,
    120,
    142,
    136,
    200,
    229,
    205,
    260,
    188,
    138,
    165,
    247,
    129,
    273,
    279,
    212,
    134,
    182,
    216,
    219,
    233,
    281,
    138,
    268,
    114,
    190,
    270,
    210,
    220,
    123,
    249,
    221,
    102,
    149,
    273,
    192,
    227,
    247,
    294,
    107,
    286,
    271,
    151,
    115,
    267,
    254,
    145,
    289,
    127,
    204,
    175,
    182,
    163,
    162,
    171,
    167,
    289,
    148,
    203,
    107,
    147,
    174,
    215,
    129,
    164,
    299,
    174,
    224,
    173,
    221,
    150,
    284,
    153,
    174,
    243,
    257,
    159,
    149,
    285,
    112,
    118,
    291,
    260,
    298,
    190,
    117,
    221,
    216,
    156,
    171,
    123,
    124,
    240,
    261,
    135,
    179,
    293,
    145,
    265,
    289,
    148,
    143,
    246,
    265,
    231,
    141,
    149,
    288,
    167,
    209,
    215,
    261,
    286,
    242,
    217,
    270,
    242,
    187,
    179,
    160,
    156,
    163,
    201,
    284,
    230,
    218,
    180,
    259,
    236,
    249,
    164,
    281,
    266,
    234,
    172,
    279,
    136,
    166,
    110,
    280,
    115,
    295,
    246,
    257,
    176,
    278,
    156,
    126,
    270,
    244,
    200,
    254,
    191,
    148,
    151,
    234,
    208,
    203,
    178,
    221,
    198,
    119,
    122,
    190,
    192,
    291,
    119,
    252,
    276,
    170,
    243,
    249,
    184,
    240,
    168,
    247,
    172,
    211,
    177,
    293,
    216,
    289,
    122,
    113,
    199,
    262,
    217,
    258,
    148,
    187,
    140,
    226,
    172,
    267,
    135,
    172,
    161,
    267,
    157,
    138,
    234,
    104,
    198,
    131,
    266,
    160,
    173,
    273,
    143,
    238,
    118,
    136,
    271,
    224,
    128,
    280,
    241,
    273,
    267,
    237,
    253,
    130,
    131,
    108,
    139,
    140
  ],
  "measurements": {
    "3906250": {
      "rate": 0.0,
      "temperature_start": 7537839.347897301,
      "temperature_end": 2054554.465162396,
      "temperature_interval": 371.0,
      "offset_increase_rate": 5044900.027141702
    },
    "5859375": {
      "rate": 0.060546875,
      "temperature_start": 7843434.518804185,
      "temperature_end": 2137849.146030587,
      "temperature_interval": 371.0,
      "offset_increase_rate": 5249427.745874865
    },
    "6103515": {
      "rate": 0.1748046875,
      "temperature_start": 7852612.019512172,
      "temperature_end": 2140350.61550856,
      "temperature_interval": 371.0,
      "offset_increase_rate": 5255570.032999057
    },
    "6164550": {
      "rate": 0.1845703125,
      "temperature_start": 7883568.970826147,
      "temperature_end": 2148788.410427562,
      "temperature_interval": 371.0,
      "offset_increase_rate": 5276288.798326373
    },
    "6195067": {
      "rate": 0.224609375,
      "temperature_start": 7861099.050037366,
      "temperature_end": 2142663.8866804074,
      "temperature_interval": 371.0,
      "offset_increase_rate": 5261250.204537716
    },
    "6198881": {
      "rate": 0.2216796875,
      "temperature_start": 7897929.861569181,
      "temperature_end": 2152702.6928681983,
      "temperature_interval": 371.0,
      "offset_increase_rate": 5285900.207478988
    },
    "6200788": {
      "rate": 0.25,
      "temperature_start": 7876654.87670104,
      "temperature_end": 2146903.8673507385,
      "temperature_interval": 371.0,
      "offset_increase_rate": 5271661.356425647
    },
    "6201026": {
      "rate": 0.228515625,
      "temperature_start": 7872077.249748477,
      "temperature_end": 2145656.1644665077,
      "temperature_interval": 371.0,
      "offset_increase_rate": 5268597.657496632
    },
    "6201145": {
      "rate": 0.2490234375,
      "temperature_start": 7880927.322664823,
      "temperature_end": 2148068.388445832,
      "temperature_interval": 371.0,
      "offset_increase_rate": 5274520.804838362
    },
    "6201205": {
      "rate": 0.259765625,
      "temperature_start": 7871482.220468111,
      "temperature_end": 2145493.980051525,
      "temperature_interval": 371.0,
      "offset_increase_rate": 5268199.418280576
    },
    "6201265": {
      "rate": 0.2705078125,
      "temperature_start": 7852644.408387708,
      "temperature_end": 2140359.443596528,
      "temperature_interval": 371.0,
      "offset_increase_rate": 5255591.710117861
    },
    "6201742": {
      "rate": 0.255859375,
      "temperature_start": 7858303.41651689,
      "temperature_end": 2141901.8936121874,
      "temperature_interval": 371.0,
      "offset_increase_rate": 5259379.15224111
    },
    "6202696": {
      "rate": 0.2587890625,
      "temperature_start": 7858403.831361038,
      "temperature_end": 2141929.263227921,
      "temperature_interval": 371.0,
      "offset_increase_rate": 5259446.357553745
    },
    "6210326": {
      "rate": 0.265625,
      "temperature_start": 7841978.9751980305,
      "temperature_end": 2137452.415153575,
      "temperature_interval": 371.0,
      "offset_increase_rate": 5248453.5844952855
    },
    "6225585": {
      "rate": 0.3232421875,
      "temperature_start": 7841097.481510222,
      "temperature_end": 2137212.150442601,
      "temperature_interval": 371.0,
      "offset_increase_rate": 5247863.621334186
    },
    "6347656": {
      "rate": 0.375,
      "temperature_start": 7906395.159865518,
      "temperature_end": 2155010.0405856213,
      "temperature_interval": 371.0,
      "offset_increase_rate": 5291565.834143858
    },
    "6408691": {
      "rate": 0.4130859375,
      "temperature_start": 7922183.409584734,
      "temperature_end": 2159313.3717473233,
      "temperature_interval": 371.0,
      "offset_increase_rate": 5302132.541360723
    },
    "6439208": {
      "rate": 0.4833984375,
      "temperature_start": 7906770.70549854,
      "temperature_end": 2155112.4013446644,
      "temperature_interval": 371.0,
      "offset_increase_rate": 5291817.178075027
    },
    "6454467": {
      "rate": 0.4931640625,
      "temperature_start": 7909211.261958893,
      "temperature_end": 2155777.612679329,
      "temperature_interval": 371.0,
      "offset_increase_rate": 5293450.585578798
    },
    "6462096": {
      "rate": 0.474609375,
      "temperature_start": 7918383.419374162,
      "temperature_end": 2158277.625760394,
      "temperature_interval": 371.0,
      "offset_increase_rate": 5299589.296561826
    },
    "6464003": {
      "rate": 0.490234375,
      "temperature_start": 7889864.295832615,
      "temperature_end": 2150504.2984300433,
      "temperature_interval": 371.0,
      "offset_increase_rate": 5280502.11249111
    },
    "6464957": {
      "rate": 0.4833984375,
      "temperature_start": 7896413.892873704,
      "temperature_end": 2152289.492200396,
      "temperature_interval": 371.0,
      "offset_increase_rate": 5284885.604996767
    },
    "6465434": {
      "rate": 0.498046875,
      "temperature_start": 7902536.877975905,
      "temperature_end": 2153958.406301803,
      "temperature_interval": 371.0,
      "offset_increase_rate": 5288983.576084051
    },
    "6465672": {
      "rate": 0.4931640625,
      "temperature_start": 7931032.516813409,
      "temperature_end": 2161725.332513567,
      "temperature_interval": 371.0,
      "offset_increase_rate": 5308055.042390221
    },
    "6465791": {
      "rate": 0.4521484375,
      "temperature_start": 7932621.552176986,
      "temperature_end": 2162158.448629586,
      "temperature_interval": 371.0,
      "offset_increase_rate": 5309118.546688847
    },
    "6465851": {
      "rate": 0.5029296875,
      "temperature_start": 7887205.74200707,
      "temperature_end": 2149779.668548581,
      "temperature_interval": 371.0,